tripinfo_arrival;tripinfo_arrivalLane;tripinfo_arrivalPos;tripinfo_arrivalSpeed;tripinfo_depart;tripinfo_departDelay;tripinfo_departLane;tripinfo_departPos;tripinfo_departSpeed;tripinfo_devices;tripinfo_duration;tripinfo_id;tripinfo_rerouteNo;tripinfo_routeLength;tripinfo_speedFactor;tripinfo_stopTime;tripinfo_timeLoss;tripinfo_vType;tripinfo_vaporized;tripinfo_waitingCount;tripinfo_waitingTime
49.00;-488452627#2_0;0.20;6.46;12.00;0.00;489221514#0_0;5.10;0.00;tripinfo_12;37.00;12;0;463.03;1.05;0.00;11.22;DEFAULT_VEHTYPE;;0;0.00
81.00;374433111#6_0;21.17;10.08;14.00;0.00;488440847_0;5.10;0.00;tripinfo_14;67.00;14;0;382.00;0.99;0.00;38.70;DEFAULT_VEHTYPE;;1;20.00
85.00;379359177#2_0;138.37;20.04;27.00;0.00;488232982#1_0;5.10;0.00;tripinfo_27;58.00;27;0;815.10;0.95;0.00;20.59;DEFAULT_VEHTYPE;;0;0.00
95.00;-488440840#3_0;20.43;11.53;23.00;0.00;-374433106#1_0;0.20;0.00;tripinfo_23;72.00;23;0;571.09;0.89;0.00;38.13;DEFAULT_VEHTYPE;;1;22.00
95.00;488232997#1_0;31.77;12.70;33.00;2.00;1330843193#5_0;5.10;0.00;tripinfo_31;62.00;31;0;584.41;1.15;0.00;32.40;DEFAULT_VEHTYPE;;1;4.00
96.00;-488432659#0_0;24.72;12.29;1.00;0.00;-488432669#1_0;5.10;0.00;tripinfo_1;95.00;1;0;196.77;0.94;0.00;78.99;DEFAULT_VEHTYPE;;2;64.00
98.00;1245516597_0;30.40;10.26;5.00;0.00;-488429013#2_0;0.20;0.00;tripinfo_5;93.00;5;0;996.83;0.83;0.00;28.72;DEFAULT_VEHTYPE;;1;6.00
102.00;-488439373#1_0;38.93;13.40;34.00;0.00;-488440845#3_0;5.10;0.00;tripinfo_34;68.00;34;0;404.60;0.99;0.00;35.25;DEFAULT_VEHTYPE;;1;16.00
106.00;-488238449#0_0;113.22;12.27;56.00;0.00;1195571202#1_0;5.10;0.00;tripinfo_56;50.00;56;0;419.77;0.90;0.00;15.49;DEFAULT_VEHTYPE;;0;0.00
112.00;-488451885#5_0;48.01;12.29;36.00;0.00;488451885#1_0;0.20;0.00;tripinfo_36;76.00;36;0;219.22;0.97;0.00;57.81;DEFAULT_VEHTYPE;;1;46.00
124.00;-1106761240#1_0;65.78;11.53;9.00;0.00;488439367#0_0;5.10;0.00;tripinfo_9;115.00;9;0;631.45;0.86;0.00;60.28;DEFAULT_VEHTYPE;;1;44.00
129.00;1195562864#2_0;61.70;14.90;38.00;0.00;488453907#2_0;0.20;0.00;tripinfo_38;91.00;38;0;572.59;1.10;0.00;57.31;DEFAULT_VEHTYPE;;2;38.00
130.00;488429008#1_0;69.21;15.56;28.00;0.00;-488232998#1_0;5.10;0.00;tripinfo_28;102.00;28;0;1414.59;1.13;0.00;34.30;DEFAULT_VEHTYPE;;0;0.00
135.00;-1195548637_0;44.04;14.40;0.00;0.00;431659327#1_0;5.10;0.00;tripinfo_0;135.00;0;0;846.30;1.06;0.00;76.54;DEFAULT_VEHTYPE;;1;53.00
142.00;1132773660#0_0;97.76;13.91;94.00;0.00;-488235612#2_0;5.10;0.00;tripinfo_94;48.00;94;0;643.61;1.09;0.00;15.50;DEFAULT_VEHTYPE;;0;0.00
149.00;193847185#4_0;152.14;20.79;17.00;0.00;-488453907#4_0;5.10;0.00;tripinfo_17;132.00;17;0;1030.86;0.94;0.00;66.12;DEFAULT_VEHTYPE;;2;33.00
151.00;-374433111#1_0;61.82;23.03;3.00;0.00;488451889#1_0;5.10;0.00;tripinfo_3;148.00;3;0;1399.52;1.08;0.00;74.80;DEFAULT_VEHTYPE;;1;51.00
152.00;-488232987#6_0;0.20;2.47;151.00;0.00;-488232987#6_0;0.20;0.00;tripinfo_151;1.00;151;0;0.00;1.00;0.00;0.82;DEFAULT_VEHTYPE;;0;0.00
153.00;1330843193#5_0;87.43;21.61;51.00;0.00;488232987#4_0;5.10;0.00;tripinfo_51;102.00;51;0;300.84;1.17;0.00;86.75;DEFAULT_VEHTYPE;;2;61.00
164.00;374433108#1_0;1.99;8.92;78.00;0.00;-488451884_0;5.10;0.00;tripinfo_78;86.00;78;0;1026.97;1.01;0.00;32.76;DEFAULT_VEHTYPE;;1;1.00
165.00;-374433111#5_0;0.20;19.63;142.00;0.00;488440845#4_0;5.10;0.00;tripinfo_142;23.00;142;0;186.62;0.94;0.00;8.69;DEFAULT_VEHTYPE;;0;0.00
169.00;488432660#13_0;3.43;3.98;32.00;0.00;488440845#0_0;5.10;0.00;tripinfo_32;137.00;32;0;2148.58;1.01;0.00;32.57;DEFAULT_VEHTYPE;;0;0.00
179.00;431659327#0_0;44.85;13.54;118.00;0.00;374433101#8_0;5.10;0.00;tripinfo_118;61.00;118;0;937.71;0.99;0.00;17.03;DEFAULT_VEHTYPE;;0;0.00
180.00;193847184#4_0;54.21;18.23;7.00;0.00;488232982#3_0;5.10;0.00;tripinfo_7;173.00;7;0;2564.20;0.89;0.00;40.74;DEFAULT_VEHTYPE;;0;0.00
181.00;488451881#0_0;108.55;11.80;97.00;0.00;-716996248_0;5.10;0.00;tripinfo_97;84.00;97;0;266.93;0.91;0.00;60.63;DEFAULT_VEHTYPE;;1;52.00
186.00;-1195565779#1_0;33.99;14.00;4.00;0.00;-489221515#0_0;5.10;0.00;tripinfo_4;182.00;4;0;849.66;1.03;0.00;123.20;DEFAULT_VEHTYPE;;3;87.00
187.00;488229186#7_0;39.79;14.26;45.00;0.00;-374433111#4_0;5.10;0.00;tripinfo_45;142.00;45;0;1280.27;1.09;0.00;92.34;DEFAULT_VEHTYPE;;1;54.00
189.00;374433108#10_0;2831.16;24.84;8.00;0.00;-488429014#0_0;5.10;0.00;tripinfo_8;181.00;8;0;3885.72;0.94;0.00;22.34;DEFAULT_VEHTYPE;;0;0.00
191.00;-489205463#1_0;19.11;8.74;24.00;0.00;379359178#3_0;5.10;0.00;tripinfo_24;167.00;24;0;1431.87;0.83;0.00;69.22;DEFAULT_VEHTYPE;;2;33.00
191.00;488429008#2_0;22.48;14.20;73.00;0.00;1247582300#2_0;5.10;0.00;tripinfo_73;118.00;73;0;1019.46;1.06;0.00;63.41;DEFAULT_VEHTYPE;;1;38.00
193.00;488451880#7_0;0.41;4.96;49.00;0.00;489222064_0;5.10;0.00;tripinfo_49;144.00;49;0;1384.47;0.85;0.00;51.44;DEFAULT_VEHTYPE;;2;22.00
194.00;488429008#2_0;22.48;11.73;15.00;0.00;488439366#0_0;5.10;0.00;tripinfo_15;179.00;15;0;629.46;0.93;0.00;128.83;DEFAULT_VEHTYPE;;4;95.00
195.00;488451885#5_0;48.01;13.84;57.00;0.00;488453906#9_0;5.10;0.00;tripinfo_57;138.00;57;0;501.23;1.14;0.00;104.38;DEFAULT_VEHTYPE;;3;76.00
196.00;-489222059#0_0;76.66;15.86;37.00;0.00;488232983#5_0;1.34;0.00;tripinfo_37;159.00;37;0;2472.84;1.18;0.00;57.84;DEFAULT_VEHTYPE;;0;0.00
197.00;488238462_0;83.71;10.84;50.00;0.00;-1114849907#2_0;5.10;0.00;tripinfo_50;147.00;50;0;1130.60;0.85;0.00;73.15;DEFAULT_VEHTYPE;;1;45.00
200.00;-488432669#1_0;55.76;11.69;39.00;0.00;-488432662_0;5.10;0.00;tripinfo_39;161.00;39;0;479.21;0.90;0.00;118.76;DEFAULT_VEHTYPE;;3;97.00
200.00;488451880#4_0;107.86;12.66;166.00;0.00;488451881#1_0;0.20;0.00;tripinfo_166;34.00;166;0;334.53;1.00;0.00;7.79;DEFAULT_VEHTYPE;;0;0.00
206.00;-488429011_0;74.82;13.49;87.00;0.00;488439366#0_0;5.10;0.00;tripinfo_87;119.00;87;0;708.33;1.04;0.00;67.12;DEFAULT_VEHTYPE;;2;26.00
210.00;-1195567119_0;75.09;15.64;33.00;0.00;-488429019#3_0;5.10;0.00;tripinfo_33;177.00;33;0;706.60;1.17;0.00;132.24;DEFAULT_VEHTYPE;;3;99.00
210.00;758628413#0_0;40.89;13.13;106.00;0.00;489221514#1_0;5.10;0.00;tripinfo_106;104.00;106;0;1658.25;1.01;0.00;21.45;DEFAULT_VEHTYPE;;0;0.00
211.00;-488232999#1_0;146.95;12.34;59.00;0.00;374433108#0_0;5.10;0.00;tripinfo_59;152.00;59;0;2710.98;0.97;0.00;33.34;DEFAULT_VEHTYPE;;1;4.00
212.00;489205467_0;36.38;12.86;63.00;0.00;-1132773660#0_0;5.10;0.00;tripinfo_63;149.00;63;0;1414.95;0.99;0.00;59.19;DEFAULT_VEHTYPE;;2;19.00
215.00;488238458#0_0;32.36;13.17;107.00;0.00;1330843193#3_0;5.10;0.00;tripinfo_107;108.00;107;0;872.92;1.03;0.00;60.25;DEFAULT_VEHTYPE;;1;34.00
221.00;488432651#2_0;75.09;13.97;68.00;0.00;-1226433842#0_0;5.10;0.00;tripinfo_68;153.00;68;0;1906.18;1.04;0.00;57.44;DEFAULT_VEHTYPE;;2;14.00
221.00;-488451880#7_0;0.41;3.20;168.00;0.00;-757228687#2_0;5.10;0.00;tripinfo_168;53.00;168;0;175.00;0.98;0.00;36.52;DEFAULT_VEHTYPE;;2;21.00
223.00;501076685#1_0;30.53;11.69;16.00;0.00;1247577051_0;5.10;0.00;tripinfo_16;207.00;16;0;1059.40;0.88;0.00;128.15;DEFAULT_VEHTYPE;;4;94.00
223.00;-488451888#0_0;36.38;13.62;62.00;0.00;-1092888927#0_0;5.10;0.00;tripinfo_62;161.00;62;0;1504.11;1.02;0.00;71.20;DEFAULT_VEHTYPE;;2;42.00
223.00;488445471#0_0;71.11;18.59;188.00;0.00;-488440845#1_0;5.10;0.00;tripinfo_188;35.00;188;0;234.19;0.97;0.00;19.68;DEFAULT_VEHTYPE;;1;6.00
224.00;489218279#1_0;44.18;11.70;66.00;0.00;488451885#3_0;0.20;0.00;tripinfo_66;158.00;66;0;1099.69;0.91;0.00;71.27;DEFAULT_VEHTYPE;;3;44.00
228.00;-1114849907#0_0;79.41;18.84;133.00;0.00;488232983#3_0;5.10;0.00;tripinfo_133;95.00;133;0;313.22;1.04;0.00;78.46;DEFAULT_VEHTYPE;;2;53.00
228.00;-488232985#7_0;130.68;6.45;136.00;0.00;-488232985#5_0;5.10;0.00;tripinfo_136;92.00;136;0;448.29;1.12;0.00;60.65;DEFAULT_VEHTYPE;;3;37.00
229.00;374433102#5_0;0.26;20.72;109.00;0.00;489222062#1_0;5.10;0.00;tripinfo_109;120.00;109;0;821.12;0.96;0.00;68.20;DEFAULT_VEHTYPE;;2;40.00
231.00;488451883_0;35.91;11.56;171.00;0.00;-488451880#0_0;5.10;0.00;tripinfo_171;60.00;171;0;270.75;0.90;0.00;35.19;DEFAULT_VEHTYPE;;3;15.00
232.00;-488432650#0_0;45.10;11.50;25.00;0.00;-488453906#4_0;5.10;0.00;tripinfo_25;207.00;25;0;941.61;0.87;0.00;132.49;DEFAULT_VEHTYPE;;5;88.00
236.00;193847185#2_0;174.03;22.04;70.00;0.00;1114849907#0_0;5.10;0.00;tripinfo_70;166.00;70;0;2402.35;1.02;0.00;54.88;DEFAULT_VEHTYPE;;1;6.00
236.00;374433106#0_0;0.20;6.91;119.00;0.00;-489221514#1_0;5.10;0.00;tripinfo_119;117.00;119;0;987.27;1.07;0.00;69.73;DEFAULT_VEHTYPE;;1;41.00
239.00;-488432651#1_0;51.78;12.08;72.00;0.00;-489221515#1_0;5.10;0.00;tripinfo_72;167.00;72;0;441.25;0.94;0.00;131.10;DEFAULT_VEHTYPE;;4;105.00
245.00;-488439373#0_0;13.44;11.68;164.00;0.00;488439367#1_0;0.61;0.00;tripinfo_164;81.00;164;0;237.34;1.05;0.00;63.10;DEFAULT_VEHTYPE;;2;49.00
252.00;374433102#3_0;83.65;6.74;19.00;0.00;488451879#3_0;5.10;0.00;tripinfo_19;233.00;19;0;768.66;1.16;0.00;191.13;DEFAULT_VEHTYPE;;4;142.00
252.00;-1226433842#0_0;77.03;12.53;102.00;0.00;-489205469_0;5.10;0.00;tripinfo_102;150.00;102;0;1270.81;0.97;0.00;69.47;DEFAULT_VEHTYPE;;1;38.00
273.00;-488233001#1_0;0.20;7.59;11.00;0.00;-488451885#1_0;0.20;0.00;tripinfo_11;262.00;11;0;1729.57;1.03;0.00;171.21;DEFAULT_VEHTYPE;;5;112.00
275.00;489205468#1_0;16.62;11.71;162.00;0.00;-488451880#5_0;5.10;0.00;tripinfo_162;113.00;162;0;426.23;0.99;0.00;80.16;DEFAULT_VEHTYPE;;2;60.00
276.00;488451879#3_0;38.03;15.23;112.00;0.00;1210212971_0;5.10;0.00;tripinfo_112;164.00;112;0;1224.25;1.10;0.00;100.52;DEFAULT_VEHTYPE;;3;56.00
277.00;488451888#1_0;45.20;11.10;160.00;0.00;488439367#1_0;0.61;0.00;tripinfo_160;117.00;160;0;701.69;0.88;0.00;67.01;DEFAULT_VEHTYPE;;1;44.00
278.00;-757228687#0_0;63.17;14.36;105.00;0.00;-757103003#0_0;5.10;0.00;tripinfo_105;173.00;105;0;1497.70;1.07;0.00;89.56;DEFAULT_VEHTYPE;;2;43.00
279.00;1195562864#2_0;61.70;14.76;125.00;0.00;-1245440210_0;5.10;0.00;tripinfo_125;154.00;125;0;507.24;1.15;0.00;120.22;DEFAULT_VEHTYPE;;3;102.00
279.00;488451887#2_0;6.00;13.12;129.00;0.00;488451885#6_0;5.10;0.00;tripinfo_129;150.00;129;0;531.65;1.01;0.00;110.08;DEFAULT_VEHTYPE;;3;86.00
280.00;-488439370#1_0;53.53;14.19;40.00;0.00;193847184#0_0;5.10;0.00;tripinfo_40;240.00;40;0;3809.67;1.03;0.00;65.35;DEFAULT_VEHTYPE;;3;18.00
280.00;1105575583#0_0;50.64;14.87;53.00;0.00;-374433111#6_0;5.10;0.00;tripinfo_53;227.00;53;0;955.69;1.10;0.00;168.52;DEFAULT_VEHTYPE;;4;124.00
284.00;193847185#6_0;1.90;21.45;137.00;0.00;-374433111#11_0;5.10;0.00;tripinfo_137;147.00;137;0;2156.64;1.02;0.00;45.53;DEFAULT_VEHTYPE;;0;0.00
285.00;-488429019#0_0;0.20;13.91;6.00;0.00;-1195548637_0;5.10;0.00;tripinfo_6;279.00;6;0;1660.67;1.05;0.00;186.50;DEFAULT_VEHTYPE;;5;132.00
285.00;-488439371#0_0;33.66;11.67;55.00;0.00;488451885#0_0;5.10;0.00;tripinfo_55;230.00;55;0;617.65;1.00;0.00;180.50;DEFAULT_VEHTYPE;;6;131.00
285.00;-488439387_0;173.26;14.76;228.00;0.00;374433111#9_0;5.10;0.00;tripinfo_228;57.00;228;0;650.55;1.09;0.00;20.59;DEFAULT_VEHTYPE;;0;0.00
287.00;379359178#2_0;0.20;21.52;194.00;0.00;488453904#0_0;5.10;0.00;tripinfo_194;93.00;194;0;828.90;1.00;0.00;51.17;DEFAULT_VEHTYPE;;2;27.00
290.00;757103003#1_0;0.20;4.73;132.00;0.00;374433108#4_0;5.08;0.00;tripinfo_132;158.00;132;0;1209.93;0.96;0.00;94.68;DEFAULT_VEHTYPE;;3;52.00
293.00;488235612#1_0;0.20;3.39;10.00;0.00;488432669#2_0;5.10;0.00;tripinfo_10;283.00;10;0;1127.34;1.09;0.00;207.42;DEFAULT_VEHTYPE;;5;161.00
293.00;-488451880#0_0;23.29;9.86;134.00;0.00;488439369#1_0;5.10;0.00;tripinfo_134;159.00;134;0;489.23;1.23;0.00;133.65;DEFAULT_VEHTYPE;;4;91.00
295.00;488432648#0_0;6.09;8.06;124.00;0.00;-488440845#4_0;5.10;0.00;tripinfo_124;171.00;124;0;1257.54;1.06;0.00;107.90;DEFAULT_VEHTYPE;;3;59.00
297.00;374433101#6_0;30.77;12.06;85.00;0.00;489205463#1_0;5.10;0.00;tripinfo_85;212.00;85;0;731.23;0.98;0.00;161.47;DEFAULT_VEHTYPE;;4;118.00
298.00;-488440840#2_0;50.47;15.06;143.00;0.00;-489221516_0;5.10;0.00;tripinfo_143;155.00;143;0;1719.02;1.13;0.00;73.86;DEFAULT_VEHTYPE;;3;22.00
298.00;-488452627#0_0;59.59;15.33;203.00;0.00;379359177#6_0;5.10;0.00;tripinfo_203;95.00;203;0;701.13;1.11;0.00;62.10;DEFAULT_VEHTYPE;;2;35.00
298.00;1330843195#2_0;252.83;27.84;258.00;0.00;-1132773660#0_0;5.10;0.00;tripinfo_258;40.00;258;0;474.81;1.01;0.00;13.48;DEFAULT_VEHTYPE;;0;0.00
300.00;488232989#4_0;38.80;13.09;2.00;0.00;488238462_0;5.10;0.00;tripinfo_2;298.00;2;0;1244.86;1.01;0.00;218.82;DEFAULT_VEHTYPE;;6;168.00
300.00;488233001#3_0;43.56;11.51;237.00;0.00;374433100#8_0;1.75;0.00;tripinfo_237;63.00;237;0;722.67;0.88;0.00;14.04;DEFAULT_VEHTYPE;;0;0.00
301.00;488451889#1_0;120.34;13.29;148.00;0.00;-1245516596#0_0;5.10;0.00;tripinfo_148;153.00;148;0;1011.93;0.97;0.00;83.71;DEFAULT_VEHTYPE;;2;56.00
301.00;1195571202#1_0;174.08;14.64;198.00;0.00;488232983#4_0;1.52;0.00;tripinfo_198;103.00;198;0;811.98;1.06;0.00;58.38;DEFAULT_VEHTYPE;;1;40.00
307.00;193847184#5_0;123.34;22.47;149.00;0.00;488453904#1_0;5.10;0.00;tripinfo_149;158.00;149;0;1191.77;1.04;0.00;99.28;DEFAULT_VEHTYPE;;4;64.00
308.00;-488440845#1_0;39.79;13.80;229.00;0.00;-1245516889_0;5.10;0.00;tripinfo_229;79.00;229;0;514.90;0.99;0.00;44.29;DEFAULT_VEHTYPE;;1;22.00
312.00;1210212970_0;17.62;12.30;89.00;0.00;-489221516_0;5.10;0.00;tripinfo_89;223.00;89;0;517.16;1.02;0.00;184.17;DEFAULT_VEHTYPE;;4;143.00
315.00;-488229186#0_0;79.66;11.14;91.00;0.00;717045286#2_0;5.10;0.00;tripinfo_91;224.00;91;0;922.89;0.89;0.00;147.22;DEFAULT_VEHTYPE;;4;122.00
315.00;488432648#2_0;73.30;12.69;240.00;0.00;-488451887#2_0;5.10;0.00;tripinfo_240;75.00;240;0;626.72;0.95;0.00;30.43;DEFAULT_VEHTYPE;;1;7.00
317.00;-489222059#1_0;46.34;11.01;271.00;0.00;489221514#2_0;5.10;0.00;tripinfo_271;46.00;271;0;378.36;0.87;0.00;12.09;DEFAULT_VEHTYPE;;0;0.00
318.00;-488432660#0_0;129.20;5.60;77.00;0.00;-488229186#4_0;0.20;0.00;tripinfo_77;241.00;77;0;2018.82;0.98;0.00;137.17;DEFAULT_VEHTYPE;;4;76.00
318.00;-1195565779#0_0;33.47;4.79;245.00;0.00;-489248414_0;5.10;0.00;tripinfo_245;73.00;245;0;580.84;1.01;0.00;37.47;DEFAULT_VEHTYPE;;1;19.00
319.00;1092888929_0;130.80;13.13;88.00;0.00;-1268087983#1_0;5.10;0.00;tripinfo_88;231.00;88;0;1022.66;1.01;0.00;153.78;DEFAULT_VEHTYPE;;4;118.00
320.00;-488440842#0_0;20.68;12.10;172.00;0.00;489222059#1_0;5.10;0.00;tripinfo_172;148.00;172;0;2055.22;0.89;0.00;32.31;DEFAULT_VEHTYPE;;0;0.00
320.00;-488439369#1_0;29.52;12.31;225.00;0.00;1106761240#2_0;5.10;0.00;tripinfo_225;95.00;225;0;251.66;0.97;0.00;75.77;DEFAULT_VEHTYPE;;1;61.00
321.00;489205463#0_0;142.54;14.29;99.00;0.00;489222062#1_0;5.10;0.00;tripinfo_99;222.00;99;0;1272.82;1.10;0.00;139.05;DEFAULT_VEHTYPE;;4;93.00
322.00;488440842#5_0;53.64;12.27;64.00;0.00;488451885#4_0;5.10;0.00;tripinfo_64;258.00;64;0;801.10;0.94;0.00;196.17;DEFAULT_VEHTYPE;;5;148.00
324.00;-488432660#11_0;18.44;12.73;169.00;0.00;488432661_0;5.10;0.00;tripinfo_169;155.00;169;0;810.35;0.94;0.00;94.50;DEFAULT_VEHTYPE;;2;73.00
334.00;-488453906#0_0;0.20;8.22;92.00;0.00;-489205470#1_0;5.10;0.00;tripinfo_92;242.00;92;0;779.49;0.83;0.00;170.98;DEFAULT_VEHTYPE;;5;139.00
341.00;374433101#1_0;3.65;6.91;250.00;0.00;-489205463#0_0;5.10;0.00;tripinfo_250;91.00;250;0;1266.11;0.93;0.00;14.25;DEFAULT_VEHTYPE;;0;0.00
348.00;-374433111#1_0;61.82;19.18;289.00;0.00;488439384_0;5.10;0.00;tripinfo_289;59.00;289;0;207.42;1.19;0.00;46.63;DEFAULT_VEHTYPE;;1;36.00
365.00;488232984#0_0;338.45;27.47;52.00;0.00;-488432664#0_0;5.10;0.00;tripinfo_52;313.00;52;0;2250.31;1.02;0.00;193.63;DEFAULT_VEHTYPE;;3;142.00
367.00;374433102#9_0;1.61;7.76;150.00;0.00;488440840#1_0;5.10;0.00;tripinfo_150;217.00;150;0;1828.10;0.96;0.00;124.85;DEFAULT_VEHTYPE;;3;81.00
368.00;488439373#1_0;38.88;14.24;167.00;0.00;-488429015_0;5.10;0.00;tripinfo_167;201.00;167;0;1225.18;1.03;0.00;133.49;DEFAULT_VEHTYPE;;3;97.00
371.00;-488432650#1_0;39.71;13.69;154.00;0.00;488452625#0_0;5.10;0.00;tripinfo_154;217.00;154;0;674.44;1.06;0.00;169.79;DEFAULT_VEHTYPE;;5;118.00
371.00;488453907#3_0;89.83;13.60;236.00;0.00;-489221514#2_0;5.10;0.00;tripinfo_236;135.00;236;0;748.78;1.04;0.00;87.57;DEFAULT_VEHTYPE;;2;60.00
372.00;-488432656_0;53.70;14.19;79.00;0.00;-488430332_0;5.10;0.00;tripinfo_79;293.00;79;0;1743.49;1.09;0.00;194.04;DEFAULT_VEHTYPE;;6;136.00
372.00;-757228687#2_0;55.77;11.48;215.00;1.00;-374433111#10_0;5.10;0.00;tripinfo_214;157.00;214;0;784.19;0.83;0.00;98.67;DEFAULT_VEHTYPE;;2;70.00
372.00;-1195565779#0_0;33.47;11.99;292.00;0.00;-488453907#5_0;0.20;0.00;tripinfo_292;80.00;292;0;444.98;1.09;0.00;49.35;DEFAULT_VEHTYPE;;2;32.00
374.00;-489205476#5_0;126.62;12.25;47.00;0.00;-1211507698_0;5.10;0.00;tripinfo_47;327.00;47;0;2084.58;0.90;0.00;188.04;DEFAULT_VEHTYPE;;3;147.00
374.00;488238449#0_0;113.12;14.69;121.00;0.00;-488238462_0;5.10;0.00;tripinfo_121;253.00;121;0;978.73;1.10;0.00;195.46;DEFAULT_VEHTYPE;;5;146.00
377.00;488453907#4_0;42.12;13.43;81.00;0.00;-488429019#3_0;5.10;0.00;tripinfo_81;296.00;81;0;1518.12;1.00;0.00;196.24;DEFAULT_VEHTYPE;;6;140.00
377.00;488451888#0_0;36.38;12.56;295.00;0.00;-488451885#1_0;0.20;0.00;tripinfo_295;82.00;295;0;289.10;0.96;0.00;58.87;DEFAULT_VEHTYPE;;2;49.00
377.00;-757228687#2_0;55.77;12.87;308.00;3.00;1245799229_0;4.63;0.00;tripinfo_305;69.00;305;0;697.76;0.96;0.00;27.36;DEFAULT_VEHTYPE;;1;6.00
378.00;-488432655#1_0;26.69;15.08;267.00;3.00;193847184#3_0;0.20;0.00;tripinfo_264;111.00;264;0;568.37;1.13;0.00;77.78;DEFAULT_VEHTYPE;;3;53.00
380.00;-1211507703_0;28.67;11.09;65.00;0.00;-488440842#0_0;5.10;0.00;tripinfo_65;315.00;65;0;1762.53;0.88;0.00;198.33;DEFAULT_VEHTYPE;;5;151.00
380.00;-1267075002_0;16.34;8.58;82.00;0.00;488451879#0_0;5.10;0.00;tripinfo_82;298.00;82;0;1155.25;1.02;0.00;223.73;DEFAULT_VEHTYPE;;6;163.00
381.00;431659327#1_0;36.11;10.09;157.00;0.00;-489205476#0_0;5.10;0.00;tripinfo_157;224.00;157;0;1253.89;1.08;0.00;144.64;DEFAULT_VEHTYPE;;4;97.00
382.00;390960646_0;1462.87;11.79;18.00;0.00;488439383#0_0;5.10;0.00;tripinfo_18;364.00;18;0;4420.38;0.94;0.00;90.31;DEFAULT_VEHTYPE;;2;45.00
384.00;-488432655#3_0;40.60;14.95;42.00;0.00;-489205468#1_0;5.10;0.00;tripinfo_42;342.00;42;0;1475.32;1.09;0.00;245.76;DEFAULT_VEHTYPE;;7;181.00
384.00;1247569013#2_0;108.93;22.48;43.00;0.00;758628413#0_0;5.10;0.00;tripinfo_43;341.00;43;0;1646.97;1.04;0.00;227.51;DEFAULT_VEHTYPE;;5;165.00
385.00;488430334_0;31.89;11.20;204.00;0.00;488439369#2_0;0.20;0.00;tripinfo_204;181.00;204;0;2027.91;1.07;0.00;74.27;DEFAULT_VEHTYPE;;1;44.00
386.00;488232989#0_0;55.09;13.82;90.00;0.00;488235612#7_0;5.10;0.00;tripinfo_90;296.00;90;0;2062.72;1.02;0.00;180.07;DEFAULT_VEHTYPE;;4;120.00
386.00;1247569013#4_0;241.58;23.93;180.00;0.00;374433106#2_0;5.10;0.00;tripinfo_180;206.00;180;0;1705.25;1.10;0.00;123.14;DEFAULT_VEHTYPE;;3;69.00
388.00;374433102#0_0;154.83;18.17;321.00;0.00;488451882_0;5.10;0.00;tripinfo_321;67.00;321;0;609.18;0.87;0.00;18.29;DEFAULT_VEHTYPE;;1;1.00
391.00;374433111#2_0;0.20;2.74;275.00;0.00;488440850_0;5.10;0.00;tripinfo_275;116.00;275;0;455.90;0.97;0.00;89.56;DEFAULT_VEHTYPE;;2;69.00
395.00;1268087981#4_0;202.42;11.64;48.00;0.00;757228687#3_0;5.10;0.00;tripinfo_48;347.00;48;0;1669.69;0.88;0.00;210.55;DEFAULT_VEHTYPE;;4;171.00
396.00;488429016_0;47.52;14.03;224.00;0.00;488451892_0;5.10;0.00;tripinfo_224;172.00;224;0;761.09;1.02;0.00;114.33;DEFAULT_VEHTYPE;;3;84.00
399.00;-489222059#0_0;76.66;13.54;122.00;0.00;-488432651#0_0;5.10;0.00;tripinfo_122;277.00;122;0;1081.94;1.03;0.00;202.96;DEFAULT_VEHTYPE;;4;163.00
400.00;374433102#2_0;99.70;22.53;181.00;0.00;-488455854_0;5.10;0.00;tripinfo_181;219.00;181;0;1680.26;1.03;0.00;105.56;DEFAULT_VEHTYPE;;2;68.00
403.00;379359177#3_0;45.69;14.08;335.00;0.00;374433111#2_0;0.20;0.00;tripinfo_335;68.00;335;0;590.36;0.89;0.00;22.81;DEFAULT_VEHTYPE;;1;5.00
406.00;374433102#6_0;64.43;18.63;197.00;0.00;-489222059#1_0;5.10;0.00;tripinfo_197;209.00;197;0;930.68;0.87;0.00;146.46;DEFAULT_VEHTYPE;;3;116.00
412.00;1268087983#1_0;44.76;14.31;61.00;0.00;488432656_0;5.10;0.00;tripinfo_61;351.00;61;0;1109.57;1.12;0.00;275.10;DEFAULT_VEHTYPE;;6;225.00
412.00;488440842#5_0;53.64;12.81;256.00;0.00;488429013#2_0;0.20;0.00;tripinfo_256;156.00;256;0;931.95;0.96;0.00;97.40;DEFAULT_VEHTYPE;;3;64.00
413.00;488439386#1_0;60.58;13.69;280.00;0.00;488440850_0;5.10;0.00;tripinfo_280;133.00;280;0;671.45;0.99;0.00;90.50;DEFAULT_VEHTYPE;;2;64.00
415.00;-488439366#0_0;73.79;12.20;93.00;0.00;488451879#3_0;5.10;0.00;tripinfo_93;322.00;93;0;904.07;0.92;0.00;249.23;DEFAULT_VEHTYPE;;5;200.00
415.00;-716996248_0;134.25;12.32;190.00;0.00;-488440842#2_0;5.10;0.00;tripinfo_190;225.00;190;0;678.09;0.90;0.00;170.04;DEFAULT_VEHTYPE;;4;135.00
420.00;488232988#3_0;153.19;12.28;263.00;0.00;-488232982#1_0;5.10;0.00;tripinfo_263;157.00;263;0;1059.72;0.96;0.00;75.24;DEFAULT_VEHTYPE;;2;54.00
420.00;488229186#7_0;39.79;12.68;273.00;0.00;488232989#0_0;5.10;0.00;tripinfo_273;147.00;273;0;523.59;0.98;0.00;105.41;DEFAULT_VEHTYPE;;3;79.00
422.00;489221514#3_0;113.50;13.61;241.00;0.00;488444640#2_0;5.10;0.00;tripinfo_241;181.00;241;0;2335.04;1.01;0.00;67.08;DEFAULT_VEHTYPE;;3;11.00
425.00;-488232986#3_0;0.20;8.34;309.00;0.00;-488235612#5_0;5.10;0.00;tripinfo_309;116.00;309;0;1017.24;1.05;0.00;57.58;DEFAULT_VEHTYPE;;1;32.00
433.00;-488451880#7_0;0.41;6.54;334.00;0.00;757103003#1_0;0.20;0.00;tripinfo_334;99.00;334;0;1028.26;1.18;0.00;53.88;DEFAULT_VEHTYPE;;2;9.00
433.00;1247569013#0_0;384.26;21.28;392.00;0.00;488453908#4_0;5.10;0.00;tripinfo_392;41.00;392;0;621.10;1.00;0.00;12.01;DEFAULT_VEHTYPE;;0;0.00
436.00;374433102#1_0;160.52;18.93;361.00;2.00;488440840#3_0;5.10;0.00;tripinfo_359;75.00;359;0;896.17;0.86;0.00;23.66;DEFAULT_VEHTYPE;;0;0.00
441.00;-1211506466#1_0;0.20;3.24;20.00;0.00;488232997#4_0;2.15;0.00;tripinfo_20;421.00;20;0;1574.75;1.02;0.00;335.72;DEFAULT_VEHTYPE;;3;282.00
442.00;-1211506467_0;36.05;11.67;217.00;1.00;1211506468#0_0;5.10;0.00;tripinfo_216;225.00;216;0;332.60;0.97;0.00;197.92;DEFAULT_VEHTYPE;;4;169.00
455.00;1211506466#5_0;0.20;7.53;67.00;0.00;-1248753371_0;5.10;0.00;tripinfo_67;388.00;67;0;2149.68;0.91;0.00;246.40;DEFAULT_VEHTYPE;;4;166.00
455.00;-488451880#5_0;23.90;12.99;328.00;0.00;193847184#1_0;0.34;0.00;tripinfo_328;127.00;328;0;1618.24;1.00;0.00;43.39;DEFAULT_VEHTYPE;;1;10.00
456.00;488232988#5_0;27.59;11.58;185.00;0.00;488426772#0_0;5.10;0.00;tripinfo_185;271.00;185;0;952.35;0.92;0.00;195.57;DEFAULT_VEHTYPE;;5;153.00
457.00;489205461#1_0;48.37;13.50;96.00;0.00;-488432658_0;5.10;0.00;tripinfo_96;361.00;96;0;1395.73;1.01;0.00;259.10;DEFAULT_VEHTYPE;;5;206.00
460.00;1105575583#0_0;50.64;14.37;178.00;0.00;-374433111#2_0;0.20;0.00;tripinfo_178;282.00;178;0;1046.28;1.08;0.00;219.46;DEFAULT_VEHTYPE;;3;187.00
460.00;-488451879#2_0;77.99;12.17;191.00;0.00;-489205470#1_0;5.10;0.00;tripinfo_191;269.00;191;0;793.16;0.93;0.00;202.01;DEFAULT_VEHTYPE;;6;160.00
461.00;-488440850_0;37.82;11.50;341.00;0.00;374433101#8_0;5.10;0.00;tripinfo_341;120.00;341;0;1007.91;0.86;0.00;59.67;DEFAULT_VEHTYPE;;1;39.00
463.00;489221515#0_0;104.51;12.95;54.00;0.00;-757103002_0;5.10;0.00;tripinfo_54;409.00;54;0;968.84;1.00;0.00;343.75;DEFAULT_VEHTYPE;;5;296.00
465.00;-1267075001_0;158.55;14.70;186.00;0.00;-488453904#1_0;5.10;0.00;tripinfo_186;279.00;186;0;652.05;1.08;0.00;235.47;DEFAULT_VEHTYPE;;6;186.00
467.00;-488232985#6_0;14.45;8.78;267.00;0.00;488429010#1_0;5.10;0.00;tripinfo_267;200.00;267;0;669.85;0.92;0.00;142.62;DEFAULT_VEHTYPE;;4;107.00
468.00;-488429008#1_0;69.06;14.08;114.00;0.00;-1247577744_0;5.10;0.00;tripinfo_114;354.00;114;0;1748.82;1.10;0.00;255.53;DEFAULT_VEHTYPE;;7;177.00
469.00;-431659327#0_0;44.85;24.10;13.00;0.00;-1268087981#0_0;4.88;0.00;tripinfo_13;456.00;13;0;1883.56;1.12;0.00;355.40;DEFAULT_VEHTYPE;;7;293.00
470.00;-488439366#2_0;34.67;12.21;357.00;0.00;-488444641#1_0;5.10;0.00;tripinfo_357;113.00;357;0;1133.96;0.95;0.00;37.95;DEFAULT_VEHTYPE;;1;16.00
472.00;717497184_0;43.27;11.41;276.00;0.00;-488229186#4_0;0.20;0.00;tripinfo_276;196.00;276;0;631.34;0.87;0.00;142.46;DEFAULT_VEHTYPE;;3;115.00
473.00;488451880#6_0;236.57;12.46;333.00;0.00;-716013643_0;5.10;0.00;tripinfo_333;140.00;333;0;686.74;0.93;0.00;89.20;DEFAULT_VEHTYPE;;3;59.00
473.00;1132773660#3_0;190.69;14.90;340.00;0.00;-1103437305#0_0;5.10;0.00;tripinfo_340;133.00;340;0;432.95;1.11;0.00;102.58;DEFAULT_VEHTYPE;;4;76.00
473.00;1226433842#1_0;207.91;11.29;387.00;0.00;488439386#0_0;5.10;0.00;tripinfo_387;86.00;387;0;508.41;0.90;0.00;40.94;DEFAULT_VEHTYPE;;1;26.00
474.00;488453906#7_0;0.20;6.97;152.00;0.00;-488440842#1_0;5.10;0.00;tripinfo_152;322.00;152;0;1182.72;1.07;0.00;243.06;DEFAULT_VEHTYPE;;7;184.00
475.00;1128316617_0;13.48;10.30;427.00;0.00;488451882_0;5.10;0.00;tripinfo_427;48.00;427;0;263.37;1.05;0.00;27.05;DEFAULT_VEHTYPE;;2;6.00
482.00;193847185#6_0;1.90;25.38;318.00;0.00;501076683#1_0;5.10;0.00;tripinfo_318;164.00;318;0;2157.82;1.18;0.00;73.06;DEFAULT_VEHTYPE;;1;14.00
490.00;488455849#1_0;128.61;13.90;385.00;0.00;757103003#3_0;0.20;0.00;tripinfo_385;105.00;385;0;839.73;1.06;0.00;51.26;DEFAULT_VEHTYPE;;1;32.00
495.00;1211506462#0_0;3.38;5.86;207.00;0.00;-488432655#0_0;5.10;0.00;tripinfo_207;288.00;207;0;538.86;0.97;0.00;243.12;DEFAULT_VEHTYPE;;3;205.00
495.00;-488451885#7_0;96.06;12.75;420.00;0.00;-488455849#0_0;5.10;0.00;tripinfo_420;75.00;420;0;885.73;0.94;0.00;12.89;DEFAULT_VEHTYPE;;0;0.00
498.00;488432653_0;37.85;9.74;310.00;0.00;1247577051_0;5.10;0.00;tripinfo_310;188.00;310;0;1154.24;0.90;0.00;99.17;DEFAULT_VEHTYPE;;2;54.00
500.00;488238462_0;83.71;12.58;298.00;0.00;-1248753371_0;5.10;0.00;tripinfo_298;202.00;298;0;953.23;0.98;0.00;128.67;DEFAULT_VEHTYPE;;4;99.00
500.00;488451880#5_0;23.90;11.14;419.00;0.00;488444640#1_0;5.10;0.00;tripinfo_419;81.00;419;0;436.85;1.03;0.00;50.10;DEFAULT_VEHTYPE;;3;29.00
502.00;-488432660#11_0;18.44;13.24;315.00;0.00;-488235612#6_0;5.10;0.00;tripinfo_315;187.00;315;0;1025.39;1.15;0.00;125.43;DEFAULT_VEHTYPE;;3;92.00
503.00;-489205476#2_0;124.79;9.71;255.00;0.00;488429019#4_0;2.96;0.00;tripinfo_255;248.00;255;0;1640.85;0.71;0.00;111.41;DEFAULT_VEHTYPE;;2;82.00
504.00;-488439368#3_0;2.70;8.11;466.00;0.00;488439383#1_0;5.10;0.00;tripinfo_466;38.00;466;0;452.66;0.99;0.00;10.84;DEFAULT_VEHTYPE;;0;0.00
505.00;-1114849907#2_0;191.67;27.35;147.00;0.00;-489221518#2_0;5.10;0.00;tripinfo_147;358.00;147;0;1759.01;1.00;0.00;234.37;DEFAULT_VEHTYPE;;7;181.00
505.00;-1268087981#3_0;91.66;13.32;272.00;0.00;488235611_0;5.10;0.00;tripinfo_272;233.00;272;0;3012.12;1.05;0.00;84.71;DEFAULT_VEHTYPE;;3;47.00
506.00;-1211506466#3_0;0.20;6.14;44.00;0.00;-1267082445_0;5.10;0.00;tripinfo_44;462.00;44;0;1781.68;1.04;0.00;349.83;DEFAULT_VEHTYPE;;10;265.00
507.00;489218283_0;153.84;12.96;220.00;0.00;374433102#0_0;5.10;0.00;tripinfo_220;287.00;220;0;1824.88;1.00;0.00;175.20;DEFAULT_VEHTYPE;;3;126.00
512.00;-488430332_0;122.54;12.78;378.00;0.00;488429019#3_0;5.10;0.00;tripinfo_378;134.00;378;0;1711.71;0.92;0.00;36.10;DEFAULT_VEHTYPE;;1;3.00
518.00;-757228687#1_0;79.58;15.17;442.00;0.00;431659327#0_0;5.10;0.00;tripinfo_442;76.00;442;0;660.85;1.11;0.00;40.75;DEFAULT_VEHTYPE;;1;23.00
532.00;488451883_0;35.91;12.84;393.00;0.00;488451885#4_0;5.10;0.00;tripinfo_393;139.00;393;0;364.18;1.12;0.00;110.62;DEFAULT_VEHTYPE;;2;85.00
541.00;1245516596#0_0;20.88;10.69;522.00;2.00;-374433111#3_0;5.10;0.00;tripinfo_520;19.00;520;0;120.07;1.03;0.00;10.71;DEFAULT_VEHTYPE;;1;2.00
546.00;488233001#4_0;2.32;5.53;210.00;0.00;-488235612#7_0;5.10;0.00;tripinfo_210;336.00;210;0;1378.65;1.10;0.00;266.02;DEFAULT_VEHTYPE;;4;221.00
547.00;-488451889#3_0;0.20;5.65;508.00;0.00;488451880#6_0;5.10;0.00;tripinfo_508;39.00;508;0;421.72;1.05;0.00;11.83;DEFAULT_VEHTYPE;;0;0.00
548.00;-1195548637_0;44.04;15.86;269.00;0.00;-374433111#2_0;0.20;0.00;tripinfo_269;279.00;269;0;1247.80;1.26;0.00;215.17;DEFAULT_VEHTYPE;;6;143.00
550.00;488235612#15_0;44.95;13.65;131.00;0.00;488440840#0_0;5.10;0.00;tripinfo_131;419.00;131;0;2062.80;1.07;0.00;301.32;DEFAULT_VEHTYPE;;8;223.00
550.00;-1210212971_0;63.21;12.82;422.00;0.00;488451881#1_0;0.20;0.00;tripinfo_422;128.00;422;0;925.89;0.97;0.00;68.73;DEFAULT_VEHTYPE;;4;24.00
551.00;488453907#3_0;89.83;13.46;452.00;0.00;1195565779#1_0;5.10;0.00;tripinfo_452;99.00;452;0;412.50;0.98;0.00;66.74;DEFAULT_VEHTYPE;;2;49.00
554.00;488432666_0;52.06;15.81;394.00;0.00;-488432669#2_0;5.10;0.00;tripinfo_394;160.00;394;0;319.20;1.19;0.00;139.02;DEFAULT_VEHTYPE;;3;110.00
555.00;489205470#1_0;37.89;12.73;395.00;0.00;-489218279#1_0;5.10;0.00;tripinfo_395;160.00;395;0;1103.36;1.14;0.00;96.71;DEFAULT_VEHTYPE;;2;63.00
556.00;488429019#2_0;100.05;12.75;110.00;0.00;1267075002_0;5.10;0.00;tripinfo_110;446.00;110;0;2254.45;0.93;0.00;291.57;DEFAULT_VEHTYPE;;7;235.00
556.00;-488439372_0;122.29;14.05;177.00;0.00;489221518#0_0;5.10;0.00;tripinfo_177;379.00;177;0;2444.45;1.03;0.00;243.71;DEFAULT_VEHTYPE;;6;159.00
556.00;-1106761240#0_0;94.59;15.35;239.00;0.00;-488455849#0_0;5.10;0.00;tripinfo_239;317.00;239;0;2265.47;1.13;0.00;194.92;DEFAULT_VEHTYPE;;5;127.00
559.00;489222059#0_0;76.66;13.89;281.00;0.00;-374433111#1_0;5.10;0.00;tripinfo_281;278.00;281;0;2566.95;1.08;0.00;163.60;DEFAULT_VEHTYPE;;4;87.00
559.00;1247582300#1_0;100.80;11.47;373.00;0.00;-489205473#2_0;5.10;0.00;tripinfo_373;186.00;373;0;802.46;0.91;0.00;122.28;DEFAULT_VEHTYPE;;3;91.00
560.00;-488451885#5_0;48.01;11.78;371.00;0.00;-757103003#0_0;5.10;0.00;tripinfo_371;189.00;371;0;973.70;0.94;0.00;111.89;DEFAULT_VEHTYPE;;3;84.00
562.00;488432667#2_0;39.07;14.44;432.00;0.00;193847184#5_0;5.10;0.00;tripinfo_432;130.00;432;0;525.96;1.05;0.00;95.87;DEFAULT_VEHTYPE;;2;73.00
569.00;488235612#2_0;130.96;13.16;342.00;0.00;-488430334_0;5.10;0.00;tripinfo_342;227.00;342;0;986.64;1.00;0.00;153.13;DEFAULT_VEHTYPE;;3;127.00
571.00;-488451879#5_0;115.54;14.82;397.00;0.00;-488439367#3_0;5.10;0.00;tripinfo_397;174.00;397;0;654.16;1.12;0.00;130.20;DEFAULT_VEHTYPE;;2;104.00
573.00;-488233001#3_0;43.58;4.64;338.00;0.00;488232984#2_0;2.30;0.00;tripinfo_338;235.00;338;0;352.57;0.96;0.00;217.22;DEFAULT_VEHTYPE;;3;190.00
573.00;431659327#0_0;44.85;14.46;434.00;0.00;488451881#0_0;5.10;0.00;tripinfo_434;139.00;434;0;525.10;0.76;0.00;86.74;DEFAULT_VEHTYPE;;2;58.00
575.00;-488232988#0_0;3.28;8.33;248.00;0.00;1092888927#0_0;5.10;0.00;tripinfo_248;327.00;248;0;1982.06;1.14;0.00;225.61;DEFAULT_VEHTYPE;;4;157.00
577.00;193847184#7_0;1692.02;17.90;195.00;0.00;-488439383#1_0;5.10;0.00;tripinfo_195;382.00;195;0;4440.58;0.84;0.00;130.64;DEFAULT_VEHTYPE;;3;71.00
577.00;501076683#1_0;30.80;13.12;372.00;0.00;-488451879#0_0;5.10;0.00;tripinfo_372;205.00;372;0;839.59;1.01;0.00;153.63;DEFAULT_VEHTYPE;;4;105.00
578.00;193847184#7_0;1692.02;19.41;223.00;0.00;488439383#1_0;5.10;0.00;tripinfo_223;355.00;223;0;4316.04;1.06;0.00;165.91;DEFAULT_VEHTYPE;;3;66.00
581.00;-488452625#0_0;88.50;15.11;366.00;0.00;-488451886#1_0;5.10;0.00;tripinfo_366;215.00;366;0;766.22;1.11;0.00;163.91;DEFAULT_VEHTYPE;;4;126.00
584.00;-488453906#9_0;40.01;15.35;277.00;0.00;488432659#1_0;5.10;0.00;tripinfo_277;307.00;277;0;1711.63;1.21;0.00;217.97;DEFAULT_VEHTYPE;;4;154.00
589.00;-488453906#7_0;0.20;9.78;400.00;0.00;1247582300#1_0;5.10;0.00;tripinfo_400;189.00;400;0;1217.36;0.98;0.00;96.20;DEFAULT_VEHTYPE;;3;56.00
591.00;488453906#9_0;39.93;12.78;200.00;0.00;1106761240#1_0;5.10;0.00;tripinfo_200;391.00;200;0;1396.03;0.95;0.00;289.28;DEFAULT_VEHTYPE;;6;244.00
592.00;193847185#2_0;174.03;23.97;370.00;0.00;488439368#1_0;5.10;0.00;tripinfo_370;222.00;370;0;2130.11;1.11;0.00;117.87;DEFAULT_VEHTYPE;;3;56.00
593.00;489222062#2_0;60.61;12.27;268.00;0.00;488439369#3_0;5.10;0.00;tripinfo_268;325.00;268;0;2427.45;0.96;0.00;194.27;DEFAULT_VEHTYPE;;5;121.00
594.00;488451885#8_0;52.12;9.08;71.00;0.00;-488432662_0;5.10;0.00;tripinfo_71;523.00;71;0;1231.91;0.97;0.00;427.84;DEFAULT_VEHTYPE;;8;343.00
596.00;-757103003#4_0;0.20;4.84;46.00;0.00;488432660#6_0;5.10;0.00;tripinfo_46;550.00;46;0;1051.97;1.00;0.00;478.77;DEFAULT_VEHTYPE;;6;425.00
596.00;488429019#2_0;100.05;12.78;242.00;0.00;-489221514#0_0;5.10;0.00;tripinfo_242;354.00;242;0;690.94;0.97;0.00;299.19;DEFAULT_VEHTYPE;;5;262.00
597.00;1267082445_0;38.68;13.73;313.00;0.00;501076685#1_0;5.10;0.00;tripinfo_313;284.00;313;0;1594.10;1.07;0.00;189.23;DEFAULT_VEHTYPE;;7;132.00
598.00;-488430332_0;122.54;12.81;139.00;0.00;488235612#10_0;5.10;0.00;tripinfo_139;459.00;139;0;904.10;0.95;0.00;390.73;DEFAULT_VEHTYPE;;9;336.00
599.00;488451885#4_0;44.09;12.93;411.00;0.00;374433101#3_0;5.10;0.00;tripinfo_411;188.00;411;0;916.47;0.98;0.00;122.52;DEFAULT_VEHTYPE;;2;91.00
601.00;-488451885#2_0;32.58;13.18;74.00;0.00;-488238451_0;5.10;0.00;tripinfo_74;527.00;74;0;1951.72;0.96;0.00;411.89;DEFAULT_VEHTYPE;;4;356.00
607.00;379359177#1_0;0.20;6.08;528.00;0.00;-1247582300#0_0;1.85;0.00;tripinfo_528;79.00;528;0;1256.08;1.02;0.00;22.86;DEFAULT_VEHTYPE;;0;0.00
613.00;-488451887#1_0;44.18;12.91;402.00;0.00;-757103003#1_0;0.20;0.00;tripinfo_402;211.00;402;0;826.19;1.02;0.00;147.49;DEFAULT_VEHTYPE;;5;108.00
620.00;-489222064_0;92.33;13.09;325.00;0.00;488439371#1_0;5.10;0.00;tripinfo_325;295.00;325;0;2141.95;1.01;0.00;174.52;DEFAULT_VEHTYPE;;6;110.00
620.00;193847184#2_0;236.38;22.09;401.00;0.00;1268087986_0;5.10;0.00;tripinfo_401;219.00;401;0;1854.28;1.03;0.00;108.69;DEFAULT_VEHTYPE;;2;59.00
631.00;757228687#4_0;77.65;13.27;531.00;0.00;-488451879#3_0;5.10;0.00;tripinfo_531;100.00;531;0;297.94;1.02;0.00;76.93;DEFAULT_VEHTYPE;;2;60.00
632.00;488233001#1_0;0.20;6.34;232.00;0.00;-488430334_0;5.10;0.00;tripinfo_232;400.00;232;0;1341.34;0.97;0.00;307.74;DEFAULT_VEHTYPE;;4;261.00
632.00;488453907#2_0;0.20;5.47;458.00;0.00;379359177#1_0;0.20;0.00;tripinfo_458;174.00;458;0;1573.17;0.80;0.00;75.36;DEFAULT_VEHTYPE;;1;51.00
636.00;488439366#2_0;34.63;11.20;453.00;0.00;-488439368#3_0;2.70;0.00;tripinfo_453;183.00;453;0;690.71;0.99;0.00;129.49;DEFAULT_VEHTYPE;;3;104.00
637.00;-374433111#6_0;21.17;8.28;543.00;0.00;488439386#0_0;5.10;0.00;tripinfo_543;94.00;543;0;355.05;0.90;0.00;66.56;DEFAULT_VEHTYPE;;1;49.00
640.00;488455852#0_0;28.63;12.65;481.00;0.00;193847184#0_0;5.10;0.00;tripinfo_481;159.00;481;0;2833.42;1.04;0.00;27.91;DEFAULT_VEHTYPE;;0;0.00
642.00;1267075003_0;17.38;13.47;632.00;0.00;-501076684_0;5.10;0.00;tripinfo_632;10.00;632;0;65.96;1.22;0.00;4.79;DEFAULT_VEHTYPE;;0;0.00
647.00;-488439387_0;173.26;12.55;317.00;0.00;1247569013#3_0;5.10;0.00;tripinfo_317;330.00;317;0;2267.12;0.98;0.00;188.46;DEFAULT_VEHTYPE;;5;122.00
647.00;488451885#2_0;32.58;12.10;549.00;0.00;488429013#0_0;5.10;0.00;tripinfo_549;98.00;549;0;827.25;0.96;0.00;37.13;DEFAULT_VEHTYPE;;1;15.00
649.00;488440842#2_0;37.88;15.28;560.00;0.00;489205458#1_0;5.10;0.00;tripinfo_560;89.00;560;0;614.81;1.13;0.00;52.68;DEFAULT_VEHTYPE;;2;29.00
658.00;-488453907#4_0;41.95;11.57;551.00;0.00;374433102#5_0;0.26;0.00;tripinfo_551;107.00;551;0;724.60;0.89;0.00;53.73;DEFAULT_VEHTYPE;;1;35.00
659.00;-374433111#4_0;43.53;24.66;365.00;0.00;1192789782_0;5.10;0.00;tripinfo_365;294.00;365;0;1084.45;1.12;0.00;231.05;DEFAULT_VEHTYPE;;5;189.00
659.00;488432653_0;37.85;15.31;555.00;0.00;-488453906#1_0;5.10;0.00;tripinfo_555;104.00;555;0;627.21;1.13;0.00;67.01;DEFAULT_VEHTYPE;;2;40.00
659.00;716013643_0;30.47;12.79;557.00;0.00;488440845#2_0;5.10;0.00;tripinfo_557;102.00;557;0;340.30;0.96;0.00;74.35;DEFAULT_VEHTYPE;;3;50.00
662.00;1267075004_0;2.72;14.76;600.00;2.00;374433101#2_0;5.10;0.00;tripinfo_598;62.00;598;0;858.16;1.11;0.00;22.44;DEFAULT_VEHTYPE;;0;0.00
667.00;-1268087981#0_0;4.88;4.34;208.00;0.00;488440850_0;5.10;0.00;tripinfo_208;459.00;208;0;1657.48;0.96;0.00;347.55;DEFAULT_VEHTYPE;;7;275.00
670.00;193847184#4_0;54.21;13.41;347.00;0.00;-489221517_0;5.10;0.00;tripinfo_347;323.00;347;0;749.31;0.82;0.00;259.16;DEFAULT_VEHTYPE;;5;221.00
677.00;-1195562864#1_0;0.29;7.02;249.00;0.00;374433111#4_0;5.10;0.00;tripinfo_249;428.00;249;0;1587.47;1.11;0.00;331.13;DEFAULT_VEHTYPE;;9;248.00
680.00;488451885#8_0;52.12;7.53;640.00;0.00;488453906#2_0;5.10;0.00;tripinfo_640;40.00;640;0;304.80;0.93;0.00;14.69;DEFAULT_VEHTYPE;;1;2.00
681.00;-489205470#0_0;35.27;12.86;278.00;0.00;-489221518#3_0;5.10;0.00;tripinfo_278;403.00;278;0;1284.64;0.99;0.00;307.84;DEFAULT_VEHTYPE;;8;243.00
683.00;-1267082445_0;38.68;7.11;349.00;0.00;488439374#0_0;5.10;0.00;tripinfo_349;334.00;349;0;1131.13;0.90;0.00;238.36;DEFAULT_VEHTYPE;;6;185.00
684.00;489205470#1_0;37.89;12.78;120.00;0.00;1211507701#1_0;5.10;0.00;tripinfo_120;564.00;120;0;1508.86;0.94;0.00;443.86;DEFAULT_VEHTYPE;;6;353.00
687.00;489205474#1_0;38.73;10.86;26.00;0.00;-488432664#1_0;0.20;0.00;tripinfo_26;661.00;26;0;1500.97;0.92;0.00;537.85;DEFAULT_VEHTYPE;;10;458.00
687.00;-1211506464#1_0;37.57;12.71;405.00;0.00;488432655#0_0;5.10;0.00;tripinfo_405;282.00;405;0;440.40;0.95;0.00;244.86;DEFAULT_VEHTYPE;;4;221.00
689.00;-1211506468#0_0;42.69;4.70;100.00;2.00;1268087984_0;5.10;0.00;tripinfo_98;589.00;98;0;1157.60;1.12;0.00;509.10;DEFAULT_VEHTYPE;;8;453.00
691.00;-488451885#0_0;33.16;11.87;599.00;0.00;-489205463#2_0;5.10;0.00;tripinfo_599;92.00;599;0;462.42;0.87;0.00;52.70;DEFAULT_VEHTYPE;;2;40.00
693.00;374433101#2_0;209.02;27.24;570.00;0.00;488432655#2_0;5.10;0.00;tripinfo_570;123.00;570;0;961.31;1.24;0.00;78.16;DEFAULT_VEHTYPE;;2;33.00
696.00;-488432660#12_0;80.69;11.02;537.00;0.00;-717083792#2_0;5.10;0.00;tripinfo_537;159.00;537;0;693.26;0.85;0.00;100.29;DEFAULT_VEHTYPE;;3;76.00
714.00;1211506466#2_0;15.66;13.23;286.00;0.00;1247582300#1_0;5.10;0.00;tripinfo_286;428.00;286;0;1869.15;0.98;0.00;318.04;DEFAULT_VEHTYPE;;7;248.00
719.00;-488440845#4_0;12.75;13.81;696.00;0.00;-374433111#5_0;0.20;0.00;tripinfo_696;23.00;696;0;196.00;1.10;0.00;10.62;DEFAULT_VEHTYPE;;0;0.00
724.00;488432658_0;61.70;15.27;213.00;0.00;488429013#0_0;5.10;0.00;tripinfo_213;511.00;213;0;1406.10;1.10;0.00;426.39;DEFAULT_VEHTYPE;;9;351.00
727.00;-489222062#1_0;36.86;14.22;499.00;0.00;-488451890_0;5.10;0.00;tripinfo_499;228.00;499;0;1659.87;1.24;0.00;149.02;DEFAULT_VEHTYPE;;6;73.00
728.00;374433111#1_0;61.82;15.79;635.00;0.00;-488451884_0;5.10;0.00;tripinfo_635;93.00;635;0;815.64;1.13;0.00;52.62;DEFAULT_VEHTYPE;;1;31.00
731.00;-488452625#0_0;88.50;13.62;601.00;1.00;-488451885#0_0;5.10;0.00;tripinfo_600;130.00;600;0;865.38;1.00;0.00;71.53;DEFAULT_VEHTYPE;;3;42.00
734.00;488432651#1_0;51.78;12.13;607.00;0.00;374433102#8_0;5.10;0.00;tripinfo_607;127.00;607;0;1107.02;0.94;0.00;62.68;DEFAULT_VEHTYPE;;2;38.00
736.00;1211507696_0;24.83;12.91;320.00;0.00;488451880#5_0;5.10;0.00;tripinfo_320;416.00;320;0;1343.02;1.16;0.00;335.78;DEFAULT_VEHTYPE;;8;265.00
740.00;1267075001_0;165.34;14.28;227.00;0.00;488432649#0_0;5.10;0.00;tripinfo_227;513.00;227;0;728.95;1.11;0.00;464.37;DEFAULT_VEHTYPE;;9;392.00
743.00;-1247582300#1_0;90.60;13.64;542.00;0.00;488453908#5_0;5.10;0.00;tripinfo_542;201.00;542;0;1722.67;1.02;0.00;94.19;DEFAULT_VEHTYPE;;2;46.00
745.00;-488439387_0;173.26;8.63;616.00;0.00;-488439386#1_0;5.10;0.00;tripinfo_616;129.00;616;0;677.77;1.01;0.00;81.06;DEFAULT_VEHTYPE;;2;57.00
748.00;1134050845_0;71.90;5.09;488.00;0.00;-488232985#7_0;5.10;0.00;tripinfo_488;260.00;488;0;698.35;1.09;0.00;224.02;DEFAULT_VEHTYPE;;2;200.00
753.00;-488453907#5_0;0.20;9.88;454.00;0.00;374433106#3_0;5.10;0.00;tripinfo_454;299.00;454;0;1652.69;0.86;0.00;172.11;DEFAULT_VEHTYPE;;3;129.00
767.00;-488453907#2_0;0.20;8.30;603.00;0.00;488453906#2_0;5.10;0.00;tripinfo_603;164.00;603;0;908.92;1.00;0.00;101.60;DEFAULT_VEHTYPE;;3;74.00
781.00;374433111#4_0;43.37;12.52;739.00;0.00;-488440840#4_0;5.10;0.00;tripinfo_739;42.00;739;0;413.88;0.87;0.00;15.57;DEFAULT_VEHTYPE;;0;0.00
791.00;1195562864#0_0;29.38;10.58;413.00;0.00;1226433842#0_0;5.10;0.00;tripinfo_413;378.00;413;0;1587.70;0.80;0.00;240.14;DEFAULT_VEHTYPE;;7;193.00
792.00;488232985#4_0;17.24;11.96;75.00;0.00;757228687#2_0;5.10;0.00;tripinfo_75;717.00;75;0;1035.37;0.98;0.00;661.65;DEFAULT_VEHTYPE;;3;629.00
801.00;193847184#1_0;0.34;4.13;234.00;0.00;-489205476#1_0;5.10;0.00;tripinfo_234;567.00;234;0;1088.81;0.91;0.00;488.81;DEFAULT_VEHTYPE;;6;445.00
814.00;488432669#0_0;37.16;6.69;698.00;0.00;-489221514#1_0;5.10;0.00;tripinfo_698;116.00;698;0;496.03;1.19;0.00;83.31;DEFAULT_VEHTYPE;;4;48.00
817.00;1268087981#2_0;45.29;13.69;695.00;0.00;488235612#5_0;5.10;0.00;tripinfo_695;122.00;695;0;560.87;1.06;0.00;81.97;DEFAULT_VEHTYPE;;2;66.00
821.00;488432669#2_0;38.51;17.02;429.00;0.00;-1211506462#0_0;3.38;0.00;tripinfo_429;392.00;429;0;753.10;1.23;0.00;345.30;DEFAULT_VEHTYPE;;6;299.00
825.00;-489205474#0_0;192.33;17.54;430.00;0.00;-488439371#1_0;5.10;0.00;tripinfo_430;395.00;430;0;1380.76;1.32;0.00;315.69;DEFAULT_VEHTYPE;;8;235.00
827.00;-488439387_0;173.26;12.71;743.00;0.00;758628413#0_0;5.10;0.00;tripinfo_743;84.00;743;0;444.18;1.00;0.00;48.46;DEFAULT_VEHTYPE;;1;31.00
850.00;488455849#1_0;128.61;13.65;435.00;0.00;-488432651#2_0;5.10;0.00;tripinfo_435;415.00;435;0;1401.49;1.06;0.00;321.69;DEFAULT_VEHTYPE;;3;274.00
855.00;488429019#0_0;0.20;3.79;468.00;0.00;488432669#2_0;5.10;0.00;tripinfo_468;387.00;468;0;92.23;1.06;0.00;379.84;DEFAULT_VEHTYPE;;4;364.00
857.00;-488429019#0_0;0.20;4.88;261.00;0.00;489205476#3_0;5.10;0.00;tripinfo_261;596.00;261;0;1716.21;1.13;0.00;507.69;DEFAULT_VEHTYPE;;8;434.00
859.00;1247582300#1_0;100.80;12.20;701.00;0.00;-1128316619#0_0;5.10;0.00;tripinfo_701;158.00;701;0;901.13;0.93;0.00;83.34;DEFAULT_VEHTYPE;;3;57.00
864.00;-488439370#0_0;87.64;14.89;145.00;0.00;379359178#4_0;0.20;0.00;tripinfo_145;719.00;145;0;696.32;1.14;0.00;675.76;DEFAULT_VEHTYPE;;4;652.00
866.00;-488429012#0_0;99.70;13.16;726.00;0.00;488429014#0_0;5.10;0.00;tripinfo_726;140.00;726;0;294.75;1.00;0.00;116.54;DEFAULT_VEHTYPE;;2;100.00
868.00;489205476#2_0;124.85;13.10;790.00;0.00;-488451885#8_0;5.10;0.00;tripinfo_790;78.00;790;0;488.55;0.97;0.00;39.75;DEFAULT_VEHTYPE;;3;18.00
872.00;488439383#1_0;119.59;13.46;408.00;0.00;488232984#5_0;5.10;0.00;tripinfo_408;464.00;408;0;1245.66;1.01;0.00;382.57;DEFAULT_VEHTYPE;;3;347.00
885.00;-488452627#2_0;0.20;5.29;658.00;0.00;-1210212970_0;5.10;0.00;tripinfo_658;227.00;658;0;339.12;0.88;0.00;203.56;DEFAULT_VEHTYPE;;2;183.00
899.00;488432661_0;113.37;12.20;104.00;0.00;-488432663_0;5.10;0.00;tripinfo_104;795.00;104;0;364.41;0.89;0.00;763.55;DEFAULT_VEHTYPE;;4;743.00
908.00;488232999#0_0;58.12;13.41;866.00;0.00;-488232988#3_0;5.10;0.00;tripinfo_866;42.00;866;0;220.39;0.98;0.00;25.02;DEFAULT_VEHTYPE;;1;16.00
909.00;-488429019#0_0;0.20;12.05;722.00;0.00;-1211506460_0;5.10;0.00;tripinfo_722;187.00;722;0;510.29;0.87;0.00;141.35;DEFAULT_VEHTYPE;;4;117.00
910.00;488439368#3_0;2.70;4.93;587.00;0.00;488440840#0_0;5.10;0.00;tripinfo_587;323.00;587;0;400.84;1.01;0.00;294.93;DEFAULT_VEHTYPE;;3;266.00
913.00;-1247577051_0;112.97;13.84;768.00;0.00;-488451886#1_0;5.10;0.00;tripinfo_768;145.00;768;0;935.33;1.01;0.00;76.89;DEFAULT_VEHTYPE;;4;49.00
916.00;-488432669#2_0;38.51;14.18;816.00;0.00;-488432664#1_0;0.20;0.00;tripinfo_816;100.00;816;0;267.33;1.03;0.00;79.91;DEFAULT_VEHTYPE;;2;58.00
921.00;-488440845#0_0;31.55;12.17;678.00;0.00;488444640#0_0;5.10;0.00;tripinfo_678;243.00;678;0;657.32;0.99;0.00;207.26;DEFAULT_VEHTYPE;;1;187.00
925.00;1247569013#1_0;27.87;12.77;772.00;0.00;488432660#8_0;5.10;0.00;tripinfo_772;153.00;772;0;1594.42;0.89;0.00;60.28;DEFAULT_VEHTYPE;;1;30.00
936.00;488432660#13_0;3.43;8.95;720.00;0.00;-1211507697_0;5.10;0.00;tripinfo_720;216.00;720;0;1040.29;1.01;0.00;142.43;DEFAULT_VEHTYPE;;5;95.00
936.00;488453908#4_0;129.53;21.77;786.00;0.00;-489222062#2_0;5.10;0.00;tripinfo_786;150.00;786;0;1403.64;1.03;0.00;80.59;DEFAULT_VEHTYPE;;2;46.00
941.00;-1195562864#2_0;62.01;11.84;686.00;0.00;-488453907#0_0;5.10;0.00;tripinfo_686;255.00;686;0;922.91;0.89;0.00;182.02;DEFAULT_VEHTYPE;;3;146.00
950.00;-488432654#1_0;37.10;14.41;311.00;0.00;-488235612#13_0;5.10;0.00;tripinfo_311;639.00;311;0;277.30;1.09;0.00;618.94;DEFAULT_VEHTYPE;;4;596.00
950.00;488232983#1_0;38.62;23.65;426.00;0.00;-1268087984_0;5.10;0.00;tripinfo_426;524.00;426;0;1175.04;1.05;0.00;444.88;DEFAULT_VEHTYPE;;5;405.00
955.00;489248415_0;66.02;12.46;550.00;0.00;488235612#14_0;5.10;0.00;tripinfo_550;405.00;550;0;807.43;0.97;0.00;354.66;DEFAULT_VEHTYPE;;2;328.00
975.00;-716013643_0;30.47;10.64;484.00;0.00;-488439386#1_0;5.10;0.00;tripinfo_484;491.00;484;0;801.26;0.98;0.00;403.81;DEFAULT_VEHTYPE;;3;377.00
975.00;489205461#2_0;8.58;7.05;733.00;0.00;1195565779#2_0;5.10;0.00;tripinfo_733;242.00;733;0;1734.10;0.95;0.00;134.62;DEFAULT_VEHTYPE;;4;90.00
994.00;-488432651#2_0;75.09;11.12;127.00;0.00;-1245514497_0;5.10;0.00;tripinfo_127;867.00;127;0;1887.52;0.82;0.00;733.71;DEFAULT_VEHTYPE;;6;672.00
994.00;-1211506468#1_0;41.94;7.28;323.00;0.00;-488235612#12_0;0.20;0.00;tripinfo_323;671.00;323;0;578.62;0.82;0.00;617.69;DEFAULT_VEHTYPE;;10;550.00
994.00;488439373#0_0;13.44;10.88;852.00;0.00;-488439376#1_0;5.10;0.00;tripinfo_852;142.00;852;0;772.59;0.96;0.00;86.77;DEFAULT_VEHTYPE;;3;60.00
997.00;-488235612#11_0;30.97;8.04;660.00;0.00;-488453907#2_0;0.20;0.00;tripinfo_660;337.00;660;0;1521.10;0.98;0.00;245.51;DEFAULT_VEHTYPE;;6;185.00
997.00;-488232989#3_0;52.29;12.38;893.00;0.00;488232992#0_0;5.10;0.00;tripinfo_893;104.00;893;0;265.65;0.97;0.00;82.79;DEFAULT_VEHTYPE;;2;69.00
998.00;488235612#17_0;22.49;12.77;406.00;0.00;488429008#1_0;5.10;0.00;tripinfo_406;592.00;406;0;1265.54;0.96;0.00;494.50;DEFAULT_VEHTYPE;;6;453.00
1000.00;488440850_0;37.79;14.34;687.00;0.00;489205461#0_0;5.10;0.00;tripinfo_687;313.00;687;0;923.47;1.11;0.00;258.30;DEFAULT_VEHTYPE;;4;216.00
1002.00;-488440845#3_0;36.02;10.02;888.00;0.00;-488439370#0_0;5.10;0.00;tripinfo_888;114.00;888;0;345.78;0.77;0.00;77.83;DEFAULT_VEHTYPE;;1;66.00
1007.00;489205473#1_0;174.58;13.29;901.00;0.00;-489205476#0_0;5.10;0.00;tripinfo_901;106.00;901;0;690.45;0.97;0.00;50.79;DEFAULT_VEHTYPE;;1;28.00
1014.00;-488235612#6_0;44.05;14.27;630.00;0.00;1211506458#1_0;5.10;0.00;tripinfo_630;384.00;630;0;633.98;1.03;0.00;338.59;DEFAULT_VEHTYPE;;7;294.00
1018.00;488232985#8_0;34.67;11.99;933.00;0.00;-1114849907#2_0;5.10;0.00;tripinfo_933;85.00;933;0;944.16;0.90;0.00;28.58;DEFAULT_VEHTYPE;;1;5.00
1023.00;374433101#3_0;48.58;15.24;923.00;0.00;488432660#5_0;5.10;0.00;tripinfo_923;100.00;923;0;635.64;1.12;0.00;57.76;DEFAULT_VEHTYPE;;2;30.00
1032.00;1247569013#3_0;45.83;19.39;955.00;0.00;-1267082445_0;5.10;0.00;tripinfo_955;77.00;955;0;980.08;0.91;0.00;17.70;DEFAULT_VEHTYPE;;0;0.00
1034.00;-488232985#4_0;17.24;9.50;982.00;0.00;488235612#2_0;5.10;0.00;tripinfo_982;52.00;982;0;445.20;1.19;0.00;22.45;DEFAULT_VEHTYPE;;1;1.00
1038.00;-489218279#0_0;46.65;4.49;391.00;0.00;1268087985_0;5.10;0.00;tripinfo_391;647.00;391;0;2952.47;1.11;0.00;488.52;DEFAULT_VEHTYPE;;6;402.00
1039.00;488444641#1_0;312.30;13.51;830.00;0.00;1247577744_0;5.10;0.00;tripinfo_830;209.00;830;0;1688.39;0.99;0.00;92.59;DEFAULT_VEHTYPE;;3;47.00
1068.00;488232987#0_0;196.82;14.18;996.00;0.00;-488232987#0_0;5.10;0.00;tripinfo_996;72.00;996;0;392.84;1.05;0.00;43.93;DEFAULT_VEHTYPE;;1;32.00
1085.00;488439373#0_0;13.44;11.09;992.00;0.00;-488439369#3_0;5.10;0.00;tripinfo_992;93.00;992;0;158.53;0.90;0.00;79.36;DEFAULT_VEHTYPE;;2;64.00
1088.00;1268087981#2_0;45.29;11.58;672.00;0.00;-488455851#0_0;5.10;0.00;tripinfo_672;416.00;672;0;2236.82;0.88;0.00;253.64;DEFAULT_VEHTYPE;;7;188.00
1093.00;-488432655#3_0;40.60;12.94;244.00;0.00;-488429014#0_0;5.10;0.00;tripinfo_244;849.00;244;0;1444.66;1.02;0.00;676.08;DEFAULT_VEHTYPE;;6;618.00
1094.00;-488235612#9_0;39.85;12.20;924.00;0.00;488429019#0_0;0.20;0.00;tripinfo_924;170.00;924;0;331.77;0.97;0.00;144.49;DEFAULT_VEHTYPE;;3;122.00
1096.00;-488235612#9_0;39.85;12.36;908.00;0.00;488453907#0_0;5.10;0.00;tripinfo_908;188.00;908;0;1459.17;0.91;0.00;93.97;DEFAULT_VEHTYPE;;2;49.00
1103.00;1245514497_0;197.87;15.30;936.00;0.00;-489205474#1_0;5.10;0.00;tripinfo_936;167.00;936;0;827.17;1.11;0.00;113.13;DEFAULT_VEHTYPE;;3;79.00
1110.00;488453908#5_0;98.38;19.20;999.00;0.00;488451885#5_0;5.10;0.00;tripinfo_999;111.00;999;0;743.64;0.93;0.00;55.21;DEFAULT_VEHTYPE;;1;39.00
1129.00;488451885#8_0;52.12;6.23;868.00;0.00;488453908#3_0;5.10;0.00;tripinfo_868;261.00;868;0;482.65;0.88;0.00;219.80;DEFAULT_VEHTYPE;;2;199.00
1132.00;489205474#1_0;38.73;16.03;907.00;0.00;488235612#17_0;5.10;0.00;tripinfo_907;225.00;907;0;2401.01;1.21;0.00;117.17;DEFAULT_VEHTYPE;;3;62.00
1133.00;488439370#1_0;53.51;11.92;719.00;0.00;379359177#5_0;5.10;0.00;tripinfo_719;414.00;719;0;521.60;0.91;0.00;371.53;DEFAULT_VEHTYPE;;4;330.00
1143.00;193847184#7_0;1692.02;19.43;950.00;0.00;-1211507696_0;5.10;0.00;tripinfo_950;193.00;950;0;2556.46;0.91;0.00;47.99;DEFAULT_VEHTYPE;;1;23.00
1160.00;488432662_0;98.86;4.29;86.00;0.00;1106761240#0_0;5.10;0.00;tripinfo_86;1074.00;86;0;1779.01;1.00;0.00;960.51;DEFAULT_VEHTYPE;;9;898.00
1166.00;-488451884_0;37.93;11.66;645.00;0.00;489205468#0_0;5.10;0.00;tripinfo_645;521.00;645;0;707.50;0.84;0.00;452.89;DEFAULT_VEHTYPE;;5;419.00
1179.00;-488451892_0;35.96;13.00;728.00;0.00;488451880#2_0;5.10;0.00;tripinfo_728;451.00;728;0;405.45;1.01;0.00;420.36;DEFAULT_VEHTYPE;;3;401.00
1183.00;1330843193#4_0;0.20;0.00;174.00;0.00;717045285#1_0;5.10;0.00;tripinfo_174;1009.00;174;0;525.70;0.96;0.00;965.25;DEFAULT_VEHTYPE;teleport;6;928.00
1215.00;488439368#1_0;132.40;15.93;438.00;0.00;-1106761240#2_0;5.10;0.00;tripinfo_438;777.00;438;0;867.38;1.17;0.00;726.80;DEFAULT_VEHTYPE;;6;693.00
1223.00;488440842#5_0;53.64;15.06;595.00;0.00;374433111#1_0;5.10;0.00;tripinfo_595;628.00;595;0;648.02;1.12;0.00;593.98;DEFAULT_VEHTYPE;;4;566.00
1223.00;489205474#1_0;38.73;12.14;981.00;0.00;-488432669#2_0;5.10;0.00;tripinfo_981;242.00;981;0;2195.24;0.93;0.00;112.34;DEFAULT_VEHTYPE;;3;66.00
1230.00;-488451879#1_0;7.37;11.38;447.00;0.00;757103003#4_0;0.20;0.00;tripinfo_447;783.00;447;0;1038.69;1.20;0.00;736.32;DEFAULT_VEHTYPE;;4;691.00
1236.00;-488440842#3_0;35.23;4.61;671.00;0.00;-757228687#3_0;5.10;0.00;tripinfo_671;565.00;671;0;890.77;1.14;0.00;515.89;DEFAULT_VEHTYPE;;8;458.00
1237.00;1103437305#0_0;10.76;12.15;356.00;0.00;-1211506454_0;5.10;0.00;tripinfo_356;881.00;356;0;1710.63;0.96;0.00;768.98;DEFAULT_VEHTYPE;;8;707.00
1251.00;193847185#1_0;163.07;19.29;943.00;0.00;-489218279#2_0;5.10;0.00;tripinfo_943;308.00;943;0;1819.46;0.92;0.00;190.69;DEFAULT_VEHTYPE;;5;139.00
1287.00;488455849#1_0;128.61;14.17;465.00;0.00;1245799229_0;4.63;0.00;tripinfo_465;822.00;465;0;2016.70;1.06;0.00;718.81;DEFAULT_VEHTYPE;;4;674.00
1289.00;488432660#1_0;41.04;11.30;274.00;0.00;-374433106#2_0;5.10;0.00;tripinfo_274;1015.00;274;0;954.60;0.85;0.00;950.31;DEFAULT_VEHTYPE;;4;912.00
1290.00;488444640#6_0;18.40;4.03;554.00;0.00;-374433111#2_0;0.20;0.00;tripinfo_554;736.00;554;0;650.21;0.90;0.00;695.05;DEFAULT_VEHTYPE;;4;666.00
1294.00;488432667#1_0;38.50;13.92;646.00;0.00;-488453907#2_0;0.20;0.00;tripinfo_646;648.00;646;0;1257.30;1.04;0.00;574.56;DEFAULT_VEHTYPE;;5;530.00
1295.00;488440842#1_0;36.05;14.56;850.00;0.00;-488451882_0;5.10;0.00;tripinfo_850;445.00;850;0;504.39;1.10;0.00;413.92;DEFAULT_VEHTYPE;;3;388.00
1299.00;-488432669#0_0;37.16;13.60;117.00;0.00;488451888#1_0;5.10;0.00;tripinfo_117;1182.00;117;0;1034.30;1.00;0.00;1108.33;DEFAULT_VEHTYPE;;9;1033.00
1307.00;-488432660#5_0;11.95;0.00;22.00;0.00;-1247577744_0;5.10;0.00;tripinfo_22;1285.00;22;0;1384.66;0.97;0.00;1175.92;DEFAULT_VEHTYPE;teleport;9;1102.00
1309.00;488232984#1_0;88.01;0.00;502.00;0.00;488232984#4_0;0.23;0.00;tripinfo_502;807.00;502;0;527.76;0.93;0.00;699.89;DEFAULT_VEHTYPE;teleport;5;663.00
1312.00;-488432664#0_0;32.93;11.29;382.00;0.00;374433108#0_0;5.10;0.00;tripinfo_382;930.00;382;0;2874.76;0.85;0.00;760.76;DEFAULT_VEHTYPE;;5;722.00
1338.00;1211507701#0_0;27.42;11.42;609.00;0.00;488432653_0;5.10;0.00;tripinfo_609;729.00;609;0;352.64;1.06;0.00;690.42;DEFAULT_VEHTYPE;;5;665.00
1338.00;1245516597_0;30.40;12.29;825.00;0.00;489205474#0_0;5.10;0.00;tripinfo_825;513.00;825;0;1433.00;1.11;0.00;391.02;DEFAULT_VEHTYPE;;4;327.00
1364.00;-488235612#8_0;47.16;13.95;512.00;0.00;-488432659#1_0;5.10;0.00;tripinfo_512;852.00;512;0;690.55;1.09;0.00;804.30;DEFAULT_VEHTYPE;;8;758.00
1368.00;489205468#0_0;143.16;12.54;158.00;0.00;-488232988#6_0;5.10;0.00;tripinfo_158;1210.00;158;0;1921.57;0.91;0.00;1007.64;DEFAULT_VEHTYPE;;10;928.00
1371.00;-1192789782_0;44.59;13.03;206.00;0.00;-488238448#1_0;5.10;0.00;tripinfo_206;1165.00;206;0;1629.98;1.00;0.00;976.44;DEFAULT_VEHTYPE;;9;901.00
1374.00;-488432657_0;60.82;12.77;302.00;0.00;-1268087981#0_0;4.88;0.00;tripinfo_302;1072.00;302;0;908.25;0.98;0.00;1001.67;DEFAULT_VEHTYPE;;6;954.00
1381.00;489205469_0;46.58;13.45;892.00;0.00;1247582300#1_0;5.10;0.00;tripinfo_892;489.00;892;0;875.73;1.02;0.00;418.74;DEFAULT_VEHTYPE;;3;392.00
1381.00;488451879#2_0;76.16;14.65;918.00;0.00;489205468#1_0;5.10;0.00;tripinfo_918;463.00;918;0;792.06;1.09;0.00;363.56;DEFAULT_VEHTYPE;;5;324.00
1446.00;1192789782_0;44.59;11.67;501.00;0.00;488440849#0_0;5.10;0.00;tripinfo_501;945.00;501;0;958.90;0.92;0.00;867.93;DEFAULT_VEHTYPE;;6;825.00
1455.00;-488432652_0;92.93;10.39;199.00;0.00;-501076685#2_0;5.10;0.00;tripinfo_199;1256.00;199;0;1690.87;0.83;0.00;1133.32;DEFAULT_VEHTYPE;;6;1076.00
1459.00;1247582300#2_0;48.29;10.39;846.00;0.00;374433106#2_0;5.10;0.00;tripinfo_846;613.00;846;0;1014.50;0.76;0.00;511.02;DEFAULT_VEHTYPE;;8;462.00
1464.00;1211506460_0;53.35;13.57;304.00;0.00;374433100#5_0;5.10;0.00;tripinfo_304;1160.00;304;0;1791.35;0.98;0.00;1034.45;DEFAULT_VEHTYPE;;9;963.00
1482.00;-488232987#3_0;8.14;13.22;352.00;0.00;-488439369#2_0;0.20;0.00;tripinfo_352;1130.00;352;0;1085.06;0.97;0.00;1065.76;DEFAULT_VEHTYPE;;9;1014.00
1498.00;-488232997#4_0;2.15;4.00;399.00;0.00;1134050845_0;5.10;0.00;tripinfo_399;1099.00;399;0;289.42;1.07;0.00;1082.51;DEFAULT_VEHTYPE;;5;1042.00
1499.00;-1128316618_0;41.35;6.28;316.00;0.00;-488233001#4_0;2.32;0.00;tripinfo_316;1183.00;316;0;903.03;1.13;0.00;1043.79;DEFAULT_VEHTYPE;;8;974.00
1506.00;1134050846_0;0.20;6.34;343.00;0.00;488232997#2_0;5.10;0.00;tripinfo_343;1163.00;343;0;533.06;0.95;0.00;1071.37;DEFAULT_VEHTYPE;;5;1044.00
1521.00;488451880#1_0;2.40;6.04;496.00;0.00;489205476#4_0;5.10;0.00;tripinfo_496;1025.00;496;0;757.37;1.11;0.00;973.48;DEFAULT_VEHTYPE;;5;932.00
1523.00;1211506466#0_0;18.54;11.95;467.00;0.00;488439373#0_0;5.10;0.00;tripinfo_467;1056.00;467;0;1396.82;1.00;0.00;965.08;DEFAULT_VEHTYPE;;11;879.00
1531.00;-374433111#10_0;28.15;12.92;596.00;0.00;488453908#2_0;5.10;0.00;tripinfo_596;935.00;596;0;1449.36;0.97;0.00;841.36;DEFAULT_VEHTYPE;;9;760.00
1540.00;-374433111#9_0;141.93;23.46;539.00;0.00;-489218279#2_0;5.10;0.00;tripinfo_539;1001.00;539;0;2229.30;1.10;0.00;876.06;DEFAULT_VEHTYPE;;10;768.00
1545.00;-488232988#5_0;27.66;15.85;463.00;0.00;-488233001#0_0;5.10;0.00;tripinfo_463;1082.00;463;0;753.71;1.16;0.00;942.53;DEFAULT_VEHTYPE;;4;915.00
1546.00;-1105575583#0_0;50.64;10.86;976.00;0.00;-488429015_0;5.10;0.00;tripinfo_976;570.00;976;0;1154.93;0.85;0.00;372.98;DEFAULT_VEHTYPE;;4;343.00
1564.00;-488453907#5_0;0.20;3.18;742.00;0.00;488451880#7_0;0.41;0.00;tripinfo_742;822.00;742;0;1216.28;1.04;0.00;760.72;DEFAULT_VEHTYPE;;4;725.00
1567.00;-1106761240#1_0;65.78;13.63;563.00;0.00;-488451885#1_0;0.20;0.00;tripinfo_563;1004.00;563;0;764.85;1.00;0.00;955.33;DEFAULT_VEHTYPE;;6;915.00
1568.00;-489219158_0;185.64;10.81;407.00;0.00;488439367#2_0;5.10;0.00;tripinfo_407;1161.00;407;0;1734.60;0.86;0.00;1036.98;DEFAULT_VEHTYPE;;7;984.00
1567.00;374433111#11_0;43.78;0.00;580.00;0.00;-489205463#2_0;5.10;0.00;tripinfo_580;987.00;580;0;848.38;0.95;0.00;891.78;DEFAULT_VEHTYPE;teleport;6;847.00
1568.00;488444640#3_0;25.44;17.79;1030.00;232.00;374433106#1_0;0.20;0.00;tripinfo_798;538.00;798;0;889.66;0.95;0.00;468.85;DEFAULT_VEHTYPE;;6;419.00
1572.00;-488439367#2_0;57.30;11.50;725.00;0.00;1267082445_0;5.10;0.00;tripinfo_725;847.00;725;0;1372.74;0.86;0.00;739.26;DEFAULT_VEHTYPE;;9;662.00
1581.00;-488232988#2_0;35.54;13.50;511.00;0.00;-488232987#2_0;0.20;0.00;tripinfo_511;1070.00;511;0;528.09;1.01;0.00;1030.57;DEFAULT_VEHTYPE;;7;997.00
1599.00;-1226433842#1_0;207.86;13.15;808.00;0.00;-1245514497_0;5.10;0.00;tripinfo_808;791.00;808;0;1418.52;0.98;0.00;700.52;DEFAULT_VEHTYPE;;5;641.00
1613.00;488429009#0_0;55.80;11.35;287.00;0.00;-489248414_0;5.10;0.00;tripinfo_287;1326.00;287;0;1778.04;0.89;0.00;1223.61;DEFAULT_VEHTYPE;;5;1168.00
1627.00;1268087983#2_0;44.58;10.34;431.00;0.00;-488232987#3_0;5.10;0.00;tripinfo_431;1196.00;431;0;1493.30;0.83;0.00;1076.88;DEFAULT_VEHTYPE;;7;1017.00
1630.00;-488440847_0;69.73;12.71;880.00;0.00;-488439374#0_0;5.10;0.00;tripinfo_880;750.00;880;0;435.11;0.98;0.00;718.81;DEFAULT_VEHTYPE;;4;696.00
1632.00;-488235612#14_0;98.74;14.33;247.00;0.00;-489205473#2_0;5.10;0.00;tripinfo_247;1385.00;247;0;1898.35;1.04;0.00;1276.09;DEFAULT_VEHTYPE;;10;1199.00
1634.00;489205476#2_0;124.85;11.84;478.00;0.00;488439371#1_0;5.10;0.00;tripinfo_478;1156.00;478;0;1602.92;0.88;0.00;990.50;DEFAULT_VEHTYPE;;12;922.00
1645.00;374433102#1_0;160.52;21.75;446.00;0.00;193847185#4_0;5.10;0.00;tripinfo_446;1199.00;446;0;1699.84;1.02;0.00;1120.98;DEFAULT_VEHTYPE;;5;1072.00
1651.00;379359177#0_0;0.20;0.00;748.00;0.00;-488232986#5_0;0.19;0.00;tripinfo_748;903.00;748;0;179.38;1.12;0.00;807.24;DEFAULT_VEHTYPE;teleport;4;794.00
1654.00;-488235612#16_0;25.18;13.98;100.00;0.00;488440849#1_0;5.10;0.00;tripinfo_100;1554.00;100;0;1935.68;1.06;0.00;1444.78;DEFAULT_VEHTYPE;;11;1348.00
1672.00;488432649#1_0;51.17;12.03;361.00;0.00;-1211506455_0;5.10;0.00;tripinfo_361;1311.00;361;0;681.10;0.95;0.00;1256.59;DEFAULT_VEHTYPE;;10;1203.00
1677.00;488424638#0_0;82.00;10.14;859.00;0.00;374433100#1_0;5.10;0.00;tripinfo_859;818.00;859;0;1014.85;0.79;0.00;643.59;DEFAULT_VEHTYPE;;3;602.00
1686.00;-488453906#2_0;126.25;5.67;279.00;0.00;1211506462#1_0;5.10;0.00;tripinfo_279;1407.00;279;0;712.26;0.97;0.00;1352.72;DEFAULT_VEHTYPE;;8;1286.00
1694.00;1330843195#1_0;0.20;5.43;1690.00;718.00;488232984#3_0;1.40;0.00;tripinfo_972;4.00;972;0;8.84;0.98;0.00;2.92;DEFAULT_VEHTYPE;;1;1.00
1699.00;488232983#7_0;235.11;27.65;58.00;0.00;-488439374#1_0;5.10;0.00;tripinfo_58;1641.00;58;0;1600.09;1.02;0.00;1564.52;DEFAULT_VEHTYPE;;9;1516.00
1700.00;1330843195#1_0;0.20;6.70;60.00;0.00;488432648#0_0;5.10;0.00;tripinfo_60;1640.00;60;0;1040.96;1.08;0.00;1591.66;DEFAULT_VEHTYPE;;8;1532.00
1704.00;488232986#3_0;0.20;4.93;374.00;0.00;757103002_0;5.10;0.00;tripinfo_374;1330.00;374;0;1354.54;0.93;0.00;985.56;DEFAULT_VEHTYPE;;5;939.00
1711.00;1330843193#4_0;0.20;4.74;475.00;0.00;-1122578273_0;5.10;0.00;tripinfo_475;1236.00;475;0;1006.67;0.96;0.00;1181.02;DEFAULT_VEHTYPE;;6;1121.00
1732.00;758628413#1_0;256.62;14.10;126.00;0.00;863350437#0_0;5.10;0.00;tripinfo_126;1606.00;126;0;2222.89;1.03;0.00;1461.35;DEFAULT_VEHTYPE;;8;1388.00
1735.00;374433102#9_0;1.61;8.41;641.00;0.00;-488451880#6_0;5.10;0.00;tripinfo_641;1094.00;641;0;1526.71;1.06;0.00;1008.59;DEFAULT_VEHTYPE;;5;950.00
1736.00;-488232988#5_0;27.66;15.61;84.00;0.00;-488429011_0;5.10;0.00;tripinfo_84;1652.00;84;0;1293.15;1.15;0.00;1579.94;DEFAULT_VEHTYPE;;7;1523.00
1742.00;488233001#4_0;2.32;3.77;690.00;0.00;488439383#0_0;5.10;0.00;tripinfo_690;1052.00;690;0;1425.25;0.90;0.00;964.86;DEFAULT_VEHTYPE;;4;906.00
1745.00;-488238448#0_0;112.63;12.70;786.00;178.00;488232983#5_0;1.34;0.00;tripinfo_608;959.00;608;0;736.80;0.93;0.00;917.84;DEFAULT_VEHTYPE;;5;885.00
1746.00;1114849907#2_0;191.51;26.30;412.00;0.00;488451883_0;5.10;0.00;tripinfo_412;1334.00;412;0;1214.93;0.97;0.00;884.92;DEFAULT_VEHTYPE;;6;823.00
1750.00;193847185#7_0;1.13;4.87;708.00;0.00;757103002_0;5.10;0.00;tripinfo_708;1042.00;708;0;546.40;1.09;0.00;1014.04;DEFAULT_VEHTYPE;;5;956.00
1751.00;-488232985#7_0;130.68;11.93;469.00;0.00;-488451884_0;5.10;0.00;tripinfo_469;1282.00;469;0;1463.45;0.87;0.00;872.83;DEFAULT_VEHTYPE;;7;828.00
1758.00;488232991_0;158.60;12.58;270.00;0.00;-488440842#5_0;5.10;0.00;tripinfo_270;1488.00;270;0;2059.73;0.97;0.00;1376.87;DEFAULT_VEHTYPE;;7;1303.00
1770.00;488453906#4_0;166.24;12.51;926.00;1.00;488444640#5_0;5.10;0.00;tripinfo_925;844.00;925;0;1058.81;0.97;0.00;765.18;DEFAULT_VEHTYPE;;4;736.00
1778.00;-1211506465_0;49.16;15.22;715.00;0.00;-488451880#5_0;5.10;0.00;tripinfo_715;1063.00;715;0;1768.13;1.14;0.00;974.55;DEFAULT_VEHTYPE;;4;901.00
1783.00;-488232986#2_0;51.11;6.21;838.00;0.00;488232987#3_0;5.10;0.00;tripinfo_838;945.00;838;0;258.12;1.00;0.00;924.72;DEFAULT_VEHTYPE;;6;894.00
1793.00;-488451884_0;37.93;12.13;667.00;0.00;1247569013#3_0;5.10;0.00;tripinfo_667;1126.00;667;0;1427.74;1.07;0.00;1033.02;DEFAULT_VEHTYPE;;7;978.00
1808.00;-488232985#5_0;68.09;12.91;576.00;0.00;488429016_0;5.10;0.00;tripinfo_576;1232.00;576;0;1179.30;1.02;0.00;760.85;DEFAULT_VEHTYPE;;4;710.00
1811.00;-488232996#0_0;103.68;13.45;565.00;0.00;-489205469_0;5.10;0.00;tripinfo_565;1246.00;565;0;1793.42;0.98;0.00;728.38;DEFAULT_VEHTYPE;;8;676.00
1812.00;717045285#2_0;31.85;15.85;498.00;0.00;1268087981#0_0;4.89;0.00;tripinfo_498;1314.00;498;0;1737.49;1.17;0.00;1223.20;DEFAULT_VEHTYPE;;7;1142.00
1820.00;-488232999#0_0;58.05;14.18;262.00;0.00;-1132773660#1_0;5.10;0.00;tripinfo_262;1558.00;262;0;658.94;1.04;0.00;1512.50;DEFAULT_VEHTYPE;;10;1458.00
1822.00;488232991_0;158.60;12.61;439.00;0.00;488452627#1_0;5.10;0.00;tripinfo_439;1383.00;439;0;1846.38;0.93;0.00;874.70;DEFAULT_VEHTYPE;;5;818.00
1827.00;488229186#0_0;79.36;11.84;456.00;1.00;379359178#4_0;0.20;0.00;tripinfo_455;1371.00;455;0;856.60;0.89;0.00;1317.70;DEFAULT_VEHTYPE;;8;1256.00
1828.00;489218278#0_0;39.44;13.62;369.00;0.00;-488439369#1_0;5.10;0.00;tripinfo_369;1459.00;369;0;1975.30;1.02;0.00;1340.80;DEFAULT_VEHTYPE;;8;1267.00
1836.00;-488432660#1_0;41.67;0.00;331.00;0.00;488432660#5_0;5.10;0.00;tripinfo_331;1505.00;331;0;116.72;1.02;0.00;1496.65;DEFAULT_VEHTYPE;teleport;5;1472.00
1850.00;488451883_0;35.91;12.52;613.00;0.00;374433111#7_0;5.10;0.00;tripinfo_613;1237.00;613;0;533.40;0.96;0.00;1202.88;DEFAULT_VEHTYPE;;6;1165.00
1865.00;-488432667#0_0;52.59;6.56;504.00;0.00;488432660#12_0;5.10;0.00;tripinfo_504;1361.00;504;0;626.84;1.11;0.00;1322.79;DEFAULT_VEHTYPE;;7;1268.00
1880.00;488439383#1_0;119.59;12.44;396.00;0.00;1211506462#3_0;5.10;0.00;tripinfo_396;1484.00;396;0;2173.62;0.98;0.00;1306.70;DEFAULT_VEHTYPE;;8;1257.00
1893.00;-488232989#3_0;52.29;5.79;582.00;0.00;-488429009#0_0;5.10;0.00;tripinfo_582;1311.00;582;0;1127.68;0.92;0.00;852.10;DEFAULT_VEHTYPE;;9;793.00
1896.00;1211506462#3_0;34.42;11.87;324.00;0.00;489205470#1_0;5.10;0.00;tripinfo_324;1572.00;324;0;1482.11;0.94;0.00;1469.94;DEFAULT_VEHTYPE;;12;1384.00
1898.00;-489205476#3_0;40.89;11.83;29.00;0.00;-488232996#1_0;5.10;0.00;tripinfo_29;1869.00;29;0;2502.40;0.93;0.00;1726.88;DEFAULT_VEHTYPE;;12;1625.00
1903.00;488232989#2_0;26.58;11.31;115.00;0.00;374433101#9_0;5.10;0.00;tripinfo_115;1788.00;115;0;1201.58;0.92;0.00;1720.30;DEFAULT_VEHTYPE;;13;1631.00
1903.00;-489205476#2_0;124.79;12.66;253.00;0.00;-1211506464#0_0;5.10;0.00;tripinfo_253;1650.00;253;0;1141.93;0.98;0.00;1564.03;DEFAULT_VEHTYPE;;12;1483.00
1909.00;488451889#0_0;80.13;9.92;828.00;0.00;1195562864#2_0;5.10;0.00;tripinfo_828;1081.00;828;0;835.05;0.81;0.00;1003.45;DEFAULT_VEHTYPE;;7;960.00
1918.00;488432648#3_0;61.61;4.41;946.00;0.00;-488432655#3_0;5.10;0.00;tripinfo_946;972.00;946;0;517.67;1.08;0.00;934.31;DEFAULT_VEHTYPE;;6;875.00
1924.00;488232987#6_0;0.20;8.89;548.00;0.00;-488451888#0_0;5.10;0.00;tripinfo_548;1376.00;548;0;1027.28;1.17;0.00;998.98;DEFAULT_VEHTYPE;;8;944.00
1926.00;489205470#0_0;35.36;14.89;128.00;0.00;-488432663_0;5.10;0.00;tripinfo_128;1798.00;128;0;1873.85;1.12;0.00;1582.88;DEFAULT_VEHTYPE;;16;1471.00
1930.00;488432648#3_0;61.61;9.34;841.00;0.00;489205468#1_0;5.10;0.00;tripinfo_841;1089.00;841;0;1011.52;1.01;0.00;1018.72;DEFAULT_VEHTYPE;;9;947.00
1935.00;489205476#0_0;176.78;13.17;135.00;0.00;488232984#5_0;5.10;0.00;tripinfo_135;1800.00;135;0;2387.05;1.01;0.00;1666.75;DEFAULT_VEHTYPE;;12;1556.00
1985.00;488432655#1_0;26.69;13.52;241.00;3.00;488444640#6_0;5.10;0.00;tripinfo_238;1744.00;238;0;1659.84;1.10;0.00;1657.68;DEFAULT_VEHTYPE;;10;1564.00
1987.00;-488432654#0_0;48.35;12.56;536.00;0.00;488235612#14_0;5.10;0.00;tripinfo_536;1451.00;536;0;449.47;0.95;0.00;1341.28;DEFAULT_VEHTYPE;;7;1304.00
1987.00;488432651#1_0;51.78;14.27;610.00;0.00;488429014#1_0;5.10;0.00;tripinfo_610;1377.00;610;0;1042.86;1.05;0.00;1220.84;DEFAULT_VEHTYPE;;7;1151.00
1988.00;-488233001#0_0;44.63;6.02;491.00;0.00;488426772#0_0;5.10;0.00;tripinfo_491;1497.00;491;0;558.01;1.04;0.00;1457.11;DEFAULT_VEHTYPE;;6;1415.00
1993.00;488439368#1_0;132.40;13.64;473.00;0.00;489222059#1_0;5.10;0.00;tripinfo_473;1520.00;473;0;1668.92;1.02;0.00;1437.82;DEFAULT_VEHTYPE;;7;1356.00
2001.00;1195567217_0;118.68;13.59;622.00;0.00;1211506462#2_0;5.10;0.00;tripinfo_622;1379.00;622;0;1250.69;1.02;0.00;1298.16;DEFAULT_VEHTYPE;;10;1210.00
2008.00;-488439383#0_0;322.19;13.40;307.00;0.00;488232997#2_0;5.10;0.00;tripinfo_307;1701.00;307;0;1465.21;0.99;0.00;1518.27;DEFAULT_VEHTYPE;;7;1473.00
2014.00;-488235612#16_0;25.18;14.61;301.00;0.00;488440849#1_0;5.10;0.00;tripinfo_ai_veh_300_0;1713.00;ai_veh_300_0;0;1949.59;1.06;0.00;1603.10;DEFAULT_VEHTYPE;;13;1498.00
2018.00;-488235612#16_0;25.18;12.77;304.00;3.00;488440849#1_0;5.10;0.00;tripinfo_ai_veh_300_1;1714.00;ai_veh_300_1;0;1949.59;0.94;0.00;1589.08;DEFAULT_VEHTYPE;;16;1476.00
2019.00;-488235612#16_0;25.18;13.70;307.00;6.00;488440849#1_0;5.10;0.00;tripinfo_ai_veh_300_2;1712.00;ai_veh_300_2;0;1949.59;1.01;0.00;1595.83;DEFAULT_VEHTYPE;;11;1487.00
2032.00;501076684_0;39.10;13.97;464.00;0.00;1247582300#2_0;5.10;0.00;tripinfo_464;1568.00;464;0;1699.17;1.21;0.00;1492.36;DEFAULT_VEHTYPE;;10;1388.00
2036.00;-1211506466#1_0;0.20;3.27;579.00;0.00;488232985#2_0;5.10;0.00;tripinfo_579;1457.00;579;0;1387.57;0.93;0.00;1346.23;DEFAULT_VEHTYPE;;9;1282.00
2059.00;193847185#7_0;1.13;6.03;676.00;0.00;488451883_0;5.10;0.00;tripinfo_676;1383.00;676;0;1338.33;1.13;0.00;1317.18;DEFAULT_VEHTYPE;;8;1235.00
2074.00;757103003#3_0;0.20;2.80;916.00;0.00;-488439368#1_0;5.10;0.00;tripinfo_916;1158.00;916;0;887.44;0.91;0.00;1046.82;DEFAULT_VEHTYPE;;7;978.00
2079.00;-488439368#1_0;132.48;12.82;693.00;0.00;-1247577051_0;5.10;0.00;tripinfo_693;1386.00;693;0;1321.32;0.93;0.00;1275.69;DEFAULT_VEHTYPE;;6;1222.00
2086.00;488432660#13_0;3.43;10.77;858.00;0.00;488432660#0_0;5.10;0.00;tripinfo_858;1228.00;858;0;618.43;0.84;0.00;1173.68;DEFAULT_VEHTYPE;;10;1122.00
2087.00;488451880#7_0;0.41;4.98;153.00;0.00;488432662_0;5.10;0.00;tripinfo_153;1934.00;153;0;1107.85;0.93;0.00;1732.86;DEFAULT_VEHTYPE;;15;1620.00
2093.00;1247569013#2_0;108.93;22.09;602.00;0.00;-374433111#9_0;5.10;0.00;tripinfo_602;1491.00;602;0;1661.19;1.05;0.00;1386.37;DEFAULT_VEHTYPE;;7;1329.00
2107.00;-488439368#3_0;2.70;5.20;921.00;0.00;-757228687#0_0;5.10;0.00;tripinfo_921;1186.00;921;0;302.96;0.91;0.00;1161.09;DEFAULT_VEHTYPE;;5;1137.00
2116.00;-488439368#2_0;135.42;14.33;941.00;51.00;-716013643_0;5.10;0.00;tripinfo_890;1175.00;890;0;315.85;1.06;0.00;1154.52;DEFAULT_VEHTYPE;;5;1114.00
2120.00;488451883_0;35.91;13.17;620.00;0.00;-1245516597_0;5.10;0.00;tripinfo_620;1500.00;620;0;659.69;1.18;0.00;1465.21;DEFAULT_VEHTYPE;;7;1418.00
2134.00;488432654#1_0;37.10;6.30;832.00;0.00;488235612#5_0;5.10;0.00;tripinfo_832;1302.00;832;0;798.33;0.99;0.00;1242.81;DEFAULT_VEHTYPE;;9;1188.00
2140.00;-1245516889_0;60.22;14.08;482.00;0.00;-488429014#1_0;5.10;0.00;tripinfo_482;1658.00;482;0;1041.80;1.08;0.00;1601.96;DEFAULT_VEHTYPE;;7;1546.00
2140.00;-488232998#2_0;39.17;14.47;1068.00;454.00;379359177#0_0;0.20;0.00;tripinfo_614;1072.00;614;0;282.80;1.14;0.00;1034.33;DEFAULT_VEHTYPE;;5;1013.00
2144.00;488451880#6_0;236.57;11.91;471.00;0.00;489222059#0_0;5.10;0.00;tripinfo_471;1673.00;471;0;2178.73;0.94;0.00;1541.67;DEFAULT_VEHTYPE;;10;1435.00
2160.00;488439387_0;166.73;12.73;979.00;0.00;1247569013#0_0;5.10;0.00;tripinfo_979;1181.00;979;0;2334.11;0.97;0.00;1039.90;DEFAULT_VEHTYPE;;7;958.00
2167.00;-489221514#0_0;34.01;14.04;731.00;0.00;488451890_0;5.10;0.00;tripinfo_731;1436.00;731;0;1497.52;1.31;0.00;1372.58;DEFAULT_VEHTYPE;;10;1250.00
2182.00;-1211506464#0_0;103.21;14.67;741.00;0.00;-488451887#1_0;5.10;0.00;tripinfo_741;1441.00;741;0;1850.86;1.10;0.00;1341.47;DEFAULT_VEHTYPE;;11;1225.00
2184.00;488429016_0;47.52;12.78;730.00;0.00;488451888#0_0;5.10;0.00;tripinfo_730;1454.00;730;0;624.63;1.01;0.00;1404.37;DEFAULT_VEHTYPE;;7;1362.00
2186.00;-488432660#6_0;28.25;6.19;404.00;0.00;193847185#4_0;5.10;0.00;tripinfo_404;1782.00;404;0;1071.46;1.10;0.00;1726.85;DEFAULT_VEHTYPE;;8;1667.00
2187.00;488235612#0_0;1.16;9.11;403.00;0.00;-488235612#17_0;5.10;0.00;tripinfo_403;1784.00;403;0;1007.69;1.09;0.00;1713.71;DEFAULT_VEHTYPE;;11;1646.00
2188.00;488439368#1_0;132.40;13.15;806.00;0.00;1128316619#1_0;5.10;0.00;tripinfo_806;1382.00;806;0;697.31;1.01;0.00;1330.55;DEFAULT_VEHTYPE;;7;1289.00
2225.00;-488440849#0_0;19.11;11.87;21.00;0.00;-488429019#2_0;5.10;0.00;tripinfo_21;2204.00;21;0;1981.32;1.01;0.00;2084.10;DEFAULT_VEHTYPE;;18;1971.00
2240.00;-488453906#2_0;126.25;0.00;568.00;0.00;-489221514#1_0;5.10;0.00;tripinfo_568;1672.00;568;0;667.46;0.86;0.00;1527.42;DEFAULT_VEHTYPE;teleport;9;1457.00
2257.00;-717045285#0_0;40.47;12.80;414.00;0.00;488235612#16_0;5.10;0.00;tripinfo_414;1843.00;414;0;1959.09;1.00;0.00;1721.96;DEFAULT_VEHTYPE;;10;1649.00
2258.00;488439373#1_0;38.88;14.75;960.00;0.00;-489205463#2_0;5.10;0.00;tripinfo_960;1298.00;960;0;1246.23;1.09;0.00;1226.82;DEFAULT_VEHTYPE;;9;1156.00
2268.00;1122578273_0;13.84;11.20;495.00;0.00;-488453906#5_0;2.71;0.00;tripinfo_495;1773.00;495;0;1324.88;0.85;0.00;1658.32;DEFAULT_VEHTYPE;;10;1593.00
2268.00;-488432654#0_0;48.35;14.77;567.00;0.00;488429009#1_0;5.10;0.00;tripinfo_567;1701.00;567;0;1338.77;1.07;0.00;1608.23;DEFAULT_VEHTYPE;;10;1544.00
2269.00;488451884_0;37.87;14.62;819.00;0.00;-488432656_0;5.10;0.00;tripinfo_819;1450.00;819;0;1150.18;1.09;0.00;895.06;DEFAULT_VEHTYPE;;9;826.00
2273.00;1195567217_0;118.68;16.28;958.00;0.00;-1211506466#6_0;5.10;0.00;tripinfo_958;1315.00;958;0;809.90;1.17;0.00;1263.53;DEFAULT_VEHTYPE;;9;1207.00
2302.00;488451882_0;30.49;12.63;990.00;0.00;-488429013#0_0;5.10;0.00;tripinfo_990;1312.00;990;0;504.52;1.00;0.00;1178.88;DEFAULT_VEHTYPE;;6;1146.00
2308.00;488424638#0_0;82.00;14.97;456.00;0.00;488232987#0_0;5.10;0.00;tripinfo_456;1852.00;456;0;1128.80;1.08;0.00;1581.58;DEFAULT_VEHTYPE;;7;1530.00
2309.00;-488432660#9_0;40.49;10.99;1881.00;951.00;-488432660#6_0;5.10;0.00;tripinfo_930;428.00;930;0;342.17;0.88;0.00;396.40;DEFAULT_VEHTYPE;;4;373.00
2310.00;-488432667#0_0;52.59;13.92;211.00;0.00;1195562864#1_0;0.29;0.00;tripinfo_211;2099.00;211;0;1573.08;1.04;0.00;1989.40;DEFAULT_VEHTYPE;;13;1888.00
2324.00;1132773660#3_0;190.69;13.31;682.00;0.00;-488429014#2_0;5.10;0.00;tripinfo_682;1642.00;682;0;1072.53;0.97;0.00;1248.61;DEFAULT_VEHTYPE;;5;1216.00
2325.00;488232983#5_0;1.34;0.00;745.00;0.00;-1245516596#0_0;5.10;0.00;tripinfo_745;1580.00;745;0;711.12;1.05;0.00;1548.71;DEFAULT_VEHTYPE;teleport;5;1513.00
2338.00;374433102#5_0;0.26;8.17;460.00;0.00;-501076685#1_0;5.10;0.00;tripinfo_460;1878.00;460;0;1177.29;1.12;0.00;1825.48;DEFAULT_VEHTYPE;;10;1740.00
2345.00;-1211506466#3_0;0.20;2.54;697.00;0.00;-488439384_0;5.10;0.00;tripinfo_697;1648.00;697;0;2065.07;0.98;0.00;1527.57;DEFAULT_VEHTYPE;;14;1409.00
2352.00;488439367#1_0;0.61;14.16;594.00;0.00;-488451879#2_0;5.10;0.00;tripinfo_594;1758.00;594;0;819.06;1.05;0.00;1321.65;DEFAULT_VEHTYPE;;7;1289.00
2360.00;488232985#6_0;14.45;14.13;625.00;0.00;488439367#0_0;5.10;0.00;tripinfo_625;1735.00;625;0;1197.84;1.08;0.00;1276.32;DEFAULT_VEHTYPE;;6;1227.00
2375.00;374433111#5_0;0.20;3.33;243.00;0.00;1268087981#2_0;5.10;0.00;tripinfo_243;2132.00;243;0;1909.10;0.99;0.00;2007.05;DEFAULT_VEHTYPE;;11;1919.00
2377.00;193847185#9_0;319.48;22.80;545.00;0.00;488439367#2_0;5.10;0.00;tripinfo_545;1832.00;545;0;1675.31;1.04;0.00;1713.25;DEFAULT_VEHTYPE;;8;1654.00
2395.00;488453908#0_0;236.04;23.37;970.00;0.00;488451880#6_0;5.10;0.00;tripinfo_970;1425.00;970;0;1836.80;1.08;0.00;1339.32;DEFAULT_VEHTYPE;;7;1266.00
2405.00;1195562864#0_0;29.38;12.75;845.00;0.00;1106761240#1_0;5.10;0.00;tripinfo_845;1560.00;845;0;1407.66;1.09;0.00;1382.98;DEFAULT_VEHTYPE;;9;1326.00
2433.00;-716996248_0;134.25;13.81;634.00;0.00;-488439367#3_0;5.10;0.00;tripinfo_634;1799.00;634;0;819.65;1.03;0.00;1740.69;DEFAULT_VEHTYPE;;7;1701.00
2436.00;1245799229_0;4.63;8.17;707.00;0.00;1226433842#0_0;5.10;0.00;tripinfo_707;1729.00;707;0;672.63;0.99;0.00;1687.62;DEFAULT_VEHTYPE;;9;1624.00
2436.00;1211506462#3_0;34.42;13.45;902.00;0.00;488451885#3_0;0.20;0.00;tripinfo_902;1534.00;902;0;1550.02;1.05;0.00;1451.24;DEFAULT_VEHTYPE;;8;1370.00
2445.00;-489222063_0;83.71;13.44;833.00;0.00;-488453905_0;5.10;0.00;tripinfo_833;1612.00;833;0;1398.19;1.00;0.00;1526.79;DEFAULT_VEHTYPE;;10;1439.00
2464.00;1268087981#4_0;202.42;12.47;755.00;0.00;193847185#6_0;1.90;0.00;tripinfo_755;1709.00;755;0;2051.00;0.90;0.00;1558.66;DEFAULT_VEHTYPE;;13;1465.00
2470.00;374433101#11_0;47.07;0.00;564.00;0.00;488451880#6_0;5.10;0.00;tripinfo_564;1906.00;564;0;718.79;0.83;0.00;1794.92;DEFAULT_VEHTYPE;teleport;9;1753.00
2477.00;-374433106#0_0;0.20;0.00;947.00;0.00;488451882_0;5.10;0.00;tripinfo_947;1530.00;947;0;432.87;1.04;0.00;1496.45;DEFAULT_VEHTYPE;teleport;6;1456.00
2478.00;757228687#4_0;77.65;5.93;963.00;0.00;-1211507698_0;5.10;0.00;tripinfo_963;1515.00;963;0;951.33;1.23;0.00;884.48;DEFAULT_VEHTYPE;;5;851.00
2488.00;-1268087984_0;31.71;12.09;735.00;0.00;488235612#4_0;5.10;0.00;tripinfo_735;1753.00;735;0;756.94;0.99;0.00;1695.22;DEFAULT_VEHTYPE;;7;1655.00
2501.00;-489205461#2_0;8.58;9.22;651.00;0.00;-488452625#1_0;5.10;0.00;tripinfo_651;1850.00;651;0;1515.12;1.01;0.00;1747.19;DEFAULT_VEHTYPE;;8;1679.00
2543.00;488426771#0_0;33.46;14.10;312.00;0.00;1132773660#0_0;5.10;0.00;tripinfo_312;2231.00;312;0;1034.31;1.11;0.00;2177.78;DEFAULT_VEHTYPE;;11;2109.00
2583.00;-488432667#0_0;52.59;13.43;290.00;0.00;488451885#7_0;5.10;0.00;tripinfo_290;2293.00;290;0;1355.74;0.97;0.00;2191.54;DEFAULT_VEHTYPE;;14;2096.00
2620.00;-1132773661_0;0.58;5.07;503.00;0.00;374433102#2_0;5.10;0.00;tripinfo_503;2117.00;503;0;1363.02;0.96;0.00;1707.60;DEFAULT_VEHTYPE;;10;1629.00
2623.00;488451889#2_0;31.69;12.20;480.00;0.00;-1134050846_0;0.20;0.00;tripinfo_480;2143.00;480;0;987.17;1.03;0.00;2093.58;DEFAULT_VEHTYPE;;10;1994.00
2625.00;1247582300#2_0;48.29;13.33;202.00;0.00;-1248753215_0;5.10;0.00;tripinfo_202;2423.00;202;0;2040.36;1.03;0.00;1935.56;DEFAULT_VEHTYPE;;13;1846.00
2635.00;488451879#4_0;10.10;9.35;534.00;0.00;488232997#1_0;5.10;0.00;tripinfo_534;2101.00;534;0;1067.67;1.04;0.00;1811.53;DEFAULT_VEHTYPE;;10;1708.00
2636.00;-488439371#1_0;108.05;14.60;154.00;14.00;379359178#1_0;5.10;0.00;tripinfo_140;2482.00;140;0;809.07;1.11;0.00;2433.11;DEFAULT_VEHTYPE;;8;2338.00
2638.00;-1211506468#0_0;42.69;6.10;827.00;0.00;-488451887#3_0;5.10;0.00;tripinfo_827;1811.00;827;0;757.03;0.88;0.00;1748.92;DEFAULT_VEHTYPE;;11;1678.00
2640.00;488451887#1_0;44.18;11.40;783.00;0.00;-488451885#6_0;5.10;0.00;tripinfo_783;1857.00;783;0;347.80;0.88;0.00;1828.38;DEFAULT_VEHTYPE;;7;1787.00
2641.00;-717497185_0;51.81;16.28;592.00;0.00;488233000_0;5.10;0.00;tripinfo_592;2049.00;592;0;835.34;1.25;0.00;2004.25;DEFAULT_VEHTYPE;;8;1942.00
2642.00;1245438636_0;45.43;13.36;354.00;0.00;489205473#0_0;5.10;0.00;tripinfo_354;2288.00;354;0;1322.81;0.98;0.00;2191.26;DEFAULT_VEHTYPE;;13;2099.00
2652.00;-374433111#6_0;21.17;17.54;384.00;0.00;1268087986_0;5.10;0.00;tripinfo_384;2268.00;384;0;1834.76;1.10;0.00;2161.35;DEFAULT_VEHTYPE;;9;2080.00
2661.00;-488429017_0;22.17;10.27;606.00;0.00;-488232987#4_0;5.10;0.00;tripinfo_606;2055.00;606;0;781.36;0.95;0.00;1914.13;DEFAULT_VEHTYPE;;10;1822.00
2672.00;488424638#2_0;101.78;14.83;959.00;0.00;488439366#0_0;5.10;0.00;tripinfo_959;1713.00;959;0;794.21;1.11;0.00;1613.29;DEFAULT_VEHTYPE;;9;1558.00
2691.00;-488451885#3_0;0.20;8.60;821.00;0.00;374433100#1_0;5.10;0.00;tripinfo_821;1870.00;821;0;1479.36;0.92;0.00;1790.01;DEFAULT_VEHTYPE;;10;1704.00
2692.00;-488451885#4_0;44.09;8.73;179.00;0.00;488235612#6_0;5.10;0.00;tripinfo_179;2513.00;179;0;1861.78;1.06;0.00;2403.10;DEFAULT_VEHTYPE;;17;2286.00
2704.00;757103003#3_0;0.20;3.93;837.00;0.00;-488439366#2_0;5.10;0.00;tripinfo_837;1867.00;837;0;1143.45;1.18;0.00;1815.32;DEFAULT_VEHTYPE;;11;1716.00
2713.00;-488233001#0_0;44.63;5.55;415.00;0.00;488232983#4_0;1.52;0.00;tripinfo_415;2298.00;415;0;592.09;1.07;0.00;2265.54;DEFAULT_VEHTYPE;;11;2198.00
2736.00;-489218278#0_0;38.56;13.40;754.00;3.00;-488453906#0_0;0.20;0.00;tripinfo_751;1982.00;751;0;822.22;1.06;0.00;1926.86;DEFAULT_VEHTYPE;;9;1869.00
2743.00;488451881#0_0;108.55;14.57;590.00;0.00;488453908#3_0;5.10;0.00;tripinfo_590;2153.00;590;0;1134.78;1.06;0.00;2074.75;DEFAULT_VEHTYPE;;11;2004.00
2749.00;488444640#5_0;39.43;12.81;655.00;0.00;-1245516889_0;5.10;0.00;tripinfo_655;2094.00;655;0;797.15;1.00;0.00;2038.27;DEFAULT_VEHTYPE;;10;1970.00
2788.00;-1247986824_0;36.75;11.90;964.00;0.00;489205463#0_0;5.10;0.00;tripinfo_964;1824.00;964;0;692.41;1.15;0.00;1776.28;DEFAULT_VEHTYPE;;10;1704.00
2856.00;374433101#11_0;47.07;10.11;449.00;0.00;-488432669#0_0;5.10;0.00;tripinfo_449;2407.00;449;0;994.88;1.12;0.00;2024.39;DEFAULT_VEHTYPE;;10;1961.00
2885.00;488432654#0_0;48.35;13.04;754.00;0.00;-488453906#6_0;5.10;0.00;tripinfo_754;2131.00;754;0;1164.02;0.97;0.00;1928.92;DEFAULT_VEHTYPE;;12;1840.00
2895.00;488432667#0_0;52.59;14.10;474.00;0.00;-488453905_0;5.10;0.00;tripinfo_474;2421.00;474;0;788.01;1.04;0.00;2362.42;DEFAULT_VEHTYPE;;15;2269.00
2898.00;379359177#3_0;45.69;17.44;291.00;0.00;-863350437#0_0;5.10;0.00;tripinfo_291;2607.00;291;0;1280.42;0.97;0.00;2527.42;DEFAULT_VEHTYPE;;13;2427.00
2904.00;489221515#0_0;104.51;13.43;931.00;0.00;488429014#1_0;5.10;0.00;tripinfo_931;1973.00;931;0;1385.04;1.00;0.00;1770.49;DEFAULT_VEHTYPE;;10;1711.00
2920.00;-488429013#1_0;9.83;10.77;170.00;0.00;-1132773662_0;0.14;0.00;tripinfo_170;2750.00;170;0;913.19;1.09;0.00;2697.90;DEFAULT_VEHTYPE;;15;2556.00
2922.00;-488432662_0;98.86;13.33;445.00;0.00;1128316619#1_0;5.10;0.00;tripinfo_445;2477.00;445;0;898.62;0.97;0.00;2410.92;DEFAULT_VEHTYPE;;15;2313.00
2926.00;488429017_0;22.04;10.02;450.00;0.00;488232988#2_0;5.10;0.00;tripinfo_450;2476.00;450;0;1195.74;1.07;0.00;2218.65;DEFAULT_VEHTYPE;;12;2094.00
2927.00;-1106761240#0_0;94.59;13.26;213.00;1.00;488232983#5_0;1.34;0.00;tripinfo_212;2714.00;212;0;696.88;1.00;0.00;2670.08;DEFAULT_VEHTYPE;;12;2567.00
2930.00;488432666_0;52.06;14.75;514.00;0.00;-1128316617_0;5.10;0.00;tripinfo_514;2416.00;514;0;1119.07;1.08;0.00;2345.76;DEFAULT_VEHTYPE;;13;2233.00
2931.00;757103003#3_0;0.20;15.37;724.00;0.00;1211506466#4_0;5.10;0.00;tripinfo_724;2207.00;724;0;536.06;1.11;0.00;2172.46;DEFAULT_VEHTYPE;;11;2106.00
2942.00;488429013#0_0;77.62;14.63;164.00;3.00;-1134050845_0;5.10;0.00;tripinfo_161;2778.00;161;0;1063.08;1.08;0.00;2721.07;DEFAULT_VEHTYPE;;13;2575.00
2947.00;488235612#15_0;44.95;14.98;987.00;0.00;374433102#2_0;5.10;0.00;tripinfo_987;1960.00;987;0;940.63;1.11;0.00;1901.28;DEFAULT_VEHTYPE;;10;1809.00
2949.00;1114849907#2_0;191.51;23.33;322.00;0.00;1103437305#1_0;5.10;0.00;tripinfo_322;2627.00;322;0;710.79;0.87;0.00;2588.54;DEFAULT_VEHTYPE;;13;2508.00
2950.00;-1210212970_0;17.62;9.81;749.00;0.00;488432659#0_0;5.10;0.00;tripinfo_749;2201.00;749;0;977.54;0.95;0.00;2133.11;DEFAULT_VEHTYPE;;11;2035.00
2960.00;488229186#5_0;3.52;6.40;377.00;0.00;488429018_0;5.10;0.00;tripinfo_377;2583.00;377;0;1181.97;1.08;0.00;2153.89;DEFAULT_VEHTYPE;;10;2086.00
2967.00;374433100#6_2;7.65;27.22;546.00;0.00;374433101#1_0;3.65;0.00;tripinfo_546;2421.00;546;0;1739.51;0.98;0.00;2001.37;DEFAULT_VEHTYPE;;9;1936.00
2969.00;488232983#8_0;191.16;31.66;30.00;0.00;757103003#0_0;5.10;0.00;tripinfo_30;2939.00;30;0;2026.67;1.18;0.00;2850.05;DEFAULT_VEHTYPE;;11;2757.00
2975.00;488432660#7_0;22.54;10.44;727.00;0.00;-488451889#2_0;5.10;0.00;tripinfo_727;2248.00;727;0;816.07;0.82;0.00;2178.79;DEFAULT_VEHTYPE;;13;2083.00
2976.00;-488451882_0;29.72;13.00;350.00;0.00;-488232996#3_0;5.10;0.00;tripinfo_350;2626.00;350;0;1161.74;1.02;0.00;2417.23;DEFAULT_VEHTYPE;;15;2287.00
2977.00;488432654#1_0;37.10;12.74;836.00;0.00;1211506458#1_0;5.10;0.00;tripinfo_836;2141.00;836;0;306.26;1.04;0.00;2116.58;DEFAULT_VEHTYPE;;12;2055.00
2980.00;-488432654#0_0;48.35;14.78;826.00;0.00;489222059#1_0;5.10;0.00;tripinfo_826;2154.00;826;0;714.98;1.10;0.00;2108.85;DEFAULT_VEHTYPE;;13;2031.00
2988.00;1195571203_0;89.18;15.62;815.00;0.00;-488440850_0;5.10;0.00;tripinfo_815;2173.00;815;0;1780.85;1.14;0.00;2088.54;DEFAULT_VEHTYPE;;10;2005.00
2994.00;379359177#0_0;0.20;9.30;266.00;0.00;-488232997#2_0;5.10;0.00;tripinfo_266;2728.00;266;0;997.80;0.98;0.00;2678.30;DEFAULT_VEHTYPE;;10;2574.00
2997.00;-488451879#3_0;38.18;11.89;108.00;0.00;-488232988#6_0;5.10;0.00;tripinfo_108;2889.00;108;0;1475.31;1.06;0.00;2815.26;DEFAULT_VEHTYPE;;15;2640.00
2998.00;-488453906#6_0;43.11;11.08;962.00;0.00;-1211506461_0;5.10;0.00;tripinfo_962;2036.00;962;0;1224.54;0.85;0.00;1880.74;DEFAULT_VEHTYPE;;14;1793.00
3010.00;193847185#4_0;152.14;18.83;146.00;0.00;488426771#1_0;5.10;0.00;tripinfo_146;2864.00;146;0;2869.88;0.89;0.00;2619.54;DEFAULT_VEHTYPE;;15;2471.00
3010.00;488455852#1_0;35.48;13.64;762.00;0.00;-488439368#2_0;5.10;0.00;tripinfo_762;2248.00;762;0;1769.72;0.99;0.00;2077.05;DEFAULT_VEHTYPE;;13;1993.00
3012.00;488232986#3_0;0.20;5.16;448.00;0.00;716013643_0;5.10;0.00;tripinfo_448;2564.00;448;0;1043.47;0.88;0.00;2123.11;DEFAULT_VEHTYPE;;11;2041.00
3017.00;1132773661_0;0.58;3.10;618.00;0.00;-488440842#3_0;5.10;0.00;tripinfo_618;2399.00;618;0;1370.56;1.00;0.00;2295.03;DEFAULT_VEHTYPE;;14;2203.00
3021.00;-488451883_0;36.14;13.01;562.00;0.00;488232997#2_0;5.10;0.00;tripinfo_562;2459.00;562;0;1124.53;0.99;0.00;2162.46;DEFAULT_VEHTYPE;;13;2041.00
3027.00;-488429013#0_0;77.82;11.39;877.00;0.00;374433108#2_0;5.10;0.00;tripinfo_877;2150.00;877;0;1018.23;0.91;0.00;2091.53;DEFAULT_VEHTYPE;;8;2020.00
3028.00;489205463#0_0;142.54;14.98;183.00;0.00;-1092888927#1_0;5.10;0.00;tripinfo_183;2845.00;183;0;1957.45;1.08;0.00;2730.88;DEFAULT_VEHTYPE;;18;2590.00
3041.00;1134050845_0;71.90;18.34;532.00;0.00;1245799229_0;4.63;0.00;tripinfo_532;2509.00;532;0;1216.43;0.97;0.00;2132.72;DEFAULT_VEHTYPE;;12;2042.00
3042.00;-488232986#1_0;293.53;13.78;938.00;0.00;-488440842#4_0;5.10;0.00;tripinfo_938;2104.00;938;0;1553.08;1.00;0.00;1927.15;DEFAULT_VEHTYPE;;8;1862.00
3048.00;488451887#0_0;28.85;13.22;913.00;0.00;488455852#1_0;5.10;0.00;tripinfo_913;2135.00;913;0;1358.55;1.06;0.00;2046.04;DEFAULT_VEHTYPE;;11;1963.00
3050.00;1134050845_0;71.90;18.87;956.00;0.00;488439366#2_0;5.10;0.00;tripinfo_956;2094.00;956;0;1283.71;0.98;0.00;2028.96;DEFAULT_VEHTYPE;;11;1927.00
3052.00;-488232997#3_0;47.38;14.35;862.00;0.00;488440842#4_0;5.10;0.00;tripinfo_862;2190.00;862;0;1488.46;1.07;0.00;2115.05;DEFAULT_VEHTYPE;;14;2010.00
3054.00;374433111#9_0;141.77;18.51;451.00;0.00;-1211506463_0;5.10;0.00;tripinfo_451;2603.00;451;0;1905.15;0.89;0.00;2494.63;DEFAULT_VEHTYPE;;13;2394.00
3063.00;488232982#3_0;49.65;4.56;80.00;0.00;-1245438635_0;5.10;0.00;tripinfo_80;2983.00;80;0;2509.90;1.03;0.00;2866.54;DEFAULT_VEHTYPE;;15;2723.00
3063.00;379359178#0_0;41.69;4.86;558.00;0.00;488439369#2_0;0.20;0.00;tripinfo_558;2505.00;558;0;796.09;0.99;0.00;2462.59;DEFAULT_VEHTYPE;;10;2397.00
3064.00;1211506458#0_0;8.99;7.24;709.00;0.00;-489205461#0_0;5.10;0.00;tripinfo_709;2355.00;709;0;1234.07;0.79;0.00;2244.42;DEFAULT_VEHTYPE;;15;2139.00
3066.00;1245516596#1_0;26.43;10.71;222.00;0.00;488235612#12_0;0.20;0.00;tripinfo_222;2844.00;222;0;1824.82;0.84;0.00;2720.38;DEFAULT_VEHTYPE;;16;2587.00
3071.00;374433106#1_0;0.20;6.44;125.00;14.00;-1211506466#5_0;0.20;0.00;tripinfo_111;2946.00;111;0;986.67;0.87;0.00;2875.52;DEFAULT_VEHTYPE;;16;2763.00
3071.00;-488233001#4_0;2.32;5.24;130.00;0.00;-488453906#3_0;5.10;0.00;tripinfo_130;2941.00;130;0;1799.57;1.03;0.00;2857.61;DEFAULT_VEHTYPE;;15;2697.00
3071.00;379359178#2_0;0.20;0.00;621.00;0.00;488444640#4_0;5.10;0.00;tripinfo_621;2450.00;621;0;767.54;1.02;0.00;2202.60;DEFAULT_VEHTYPE;teleport;9;2119.00
3073.00;717045286#1_0;27.38;14.29;499.00;27.00;488235612#18_0;5.10;0.00;tripinfo_472;2574.00;472;0;2054.39;1.04;0.00;2459.50;DEFAULT_VEHTYPE;;13;2361.00
3076.00;-374433106#0_0;0.20;4.28;257.00;0.00;-488432660#0_0;5.10;0.00;tripinfo_257;2819.00;257;0;1060.35;1.30;0.00;2768.22;DEFAULT_VEHTYPE;;17;2609.00
3077.00;488232988#7_0;36.52;10.98;476.00;0.00;-757103003#0_0;5.10;0.00;tripinfo_476;2601.00;476;0;2228.03;0.98;0.00;2276.80;DEFAULT_VEHTYPE;;15;2170.00
3082.00;-488232982#4_0;14.01;12.01;172.00;7.00;488432660#13_0;3.43;0.00;tripinfo_165;2910.00;165;0;2758.96;0.91;0.00;2768.68;DEFAULT_VEHTYPE;;12;2634.00
3083.00;489222059#1_0;46.34;14.32;358.00;0.00;-1267082445_0;5.10;0.00;tripinfo_358;2725.00;358;0;1742.90;1.08;0.00;2618.87;DEFAULT_VEHTYPE;;18;2493.00
3086.00;489222059#1_0;46.34;14.01;912.00;0.00;489205466_0;5.10;0.00;tripinfo_912;2174.00;912;0;1883.62;1.01;0.00;2061.61;DEFAULT_VEHTYPE;;14;1924.00
3087.00;488439367#2_0;57.16;14.45;218.00;0.00;-757103003#2_0;5.10;0.00;tripinfo_218;2869.00;218;0;1715.93;1.07;0.00;2780.90;DEFAULT_VEHTYPE;;12;2606.00
3087.00;1330843193#1_0;82.47;19.81;794.00;0.00;-488439387_0;5.10;0.00;tripinfo_794;2293.00;794;0;1398.27;1.01;0.00;2228.88;DEFAULT_VEHTYPE;;10;2142.00
3093.00;-488235612#11_0;30.97;10.54;920.00;0.00;-374433111#7_0;5.10;0.00;tripinfo_920;2173.00;920;0;1905.76;0.99;0.00;2067.29;DEFAULT_VEHTYPE;;8;2006.00
3094.00;-488232987#5_0;0.20;2.86;319.00;0.00;488232996#0_0;5.10;0.00;tripinfo_319;2775.00;319;0;673.34;1.13;0.00;2731.63;DEFAULT_VEHTYPE;;16;2630.00
3098.00;757228687#0_0;63.17;12.62;848.00;0.00;-488232992#1_0;5.10;0.00;tripinfo_848;2250.00;848;0;1433.59;0.97;0.00;2073.26;DEFAULT_VEHTYPE;;12;1968.00
3099.00;-488232986#4_0;75.16;16.02;116.00;0.00;-488432648#3_0;5.10;0.00;tripinfo_116;2983.00;116;0;1211.52;1.18;0.00;2927.74;DEFAULT_VEHTYPE;;16;2790.00
3109.00;-488451891#0_0;14.60;8.79;187.00;0.00;488232984#6_0;5.10;0.00;tripinfo_187;2922.00;187;0;1736.92;0.89;0.00;2822.85;DEFAULT_VEHTYPE;;14;2646.00
3109.00;-488451880#1_0;2.40;5.23;997.00;0.00;-488429014#1_0;5.10;0.00;tripinfo_997;2112.00;997;0;618.14;1.17;0.00;1971.50;DEFAULT_VEHTYPE;;10;1921.00
3111.00;-488232989#4_0;38.80;7.55;231.00;0.00;1247986824_0;5.10;0.00;tripinfo_231;2880.00;231;0;1196.41;1.14;0.00;2822.77;DEFAULT_VEHTYPE;;17;2677.00
3112.00;-488451880#3_0;5.99;4.32;581.00;0.00;-1106761240#0_0;5.10;0.00;tripinfo_581;2531.00;581;0;990.74;0.98;0.00;2453.77;DEFAULT_VEHTYPE;;13;2375.00
3113.00;-488451880#1_0;2.40;4.19;189.00;0.00;488235612#13_0;5.10;0.00;tripinfo_189;2924.00;189;0;1516.17;0.97;0.00;2690.32;DEFAULT_VEHTYPE;;20;2539.00
3114.00;488439366#0_0;73.57;14.36;294.00;0.00;-488429009#1_0;5.10;0.00;tripinfo_294;2820.00;294;0;773.05;1.05;0.00;2775.75;DEFAULT_VEHTYPE;;14;2581.00
3117.00;717497185_0;51.81;12.52;103.00;0.00;-488453907#5_0;0.20;0.00;tripinfo_103;3014.00;103;0;2559.42;0.95;0.00;2871.18;DEFAULT_VEHTYPE;;16;2684.00
3119.00;-488232992#1_0;38.62;13.40;470.00;0.00;489221518#0_0;5.10;0.00;tripinfo_470;2649.00;470;0;2436.64;1.04;0.00;2191.56;DEFAULT_VEHTYPE;;17;2061.00
3120.00;488232984#6_0;258.42;29.46;300.00;0.00;488232989#0_0;5.10;0.00;tripinfo_300;2820.00;300;0;965.80;1.07;0.00;2767.71;DEFAULT_VEHTYPE;;20;2632.00
3124.00;-1195571202#1_0;179.41;13.23;1030.00;44.00;-374433106#0_0;0.20;0.00;tripinfo_986;2094.00;986;0;1135.68;1.01;0.00;1826.87;DEFAULT_VEHTYPE;;6;1769.00
3129.00;-488229186#1_0;398.58;13.44;705.00;172.00;374433106#1_0;0.20;0.00;tripinfo_533;2424.00;533;0;1577.95;0.99;0.00;1976.64;DEFAULT_VEHTYPE;;11;1888.00
3140.00;-488232986#2_0;51.11;12.44;329.00;0.00;757228687#0_0;5.10;0.00;tripinfo_329;2811.00;329;0;941.68;0.90;0.00;2750.53;DEFAULT_VEHTYPE;;16;2558.00
3141.00;-489205468#0_0;141.63;13.87;669.00;0.00;488440840#2_0;5.10;0.00;tripinfo_669;2472.00;669;0;973.28;1.00;0.00;2400.63;DEFAULT_VEHTYPE;;13;2319.00
3153.00;717045285#0_0;40.47;5.48;159.00;0.00;488451880#0_0;5.10;0.00;tripinfo_159;2994.00;159;0;1422.11;1.14;0.00;2930.27;DEFAULT_VEHTYPE;;19;2757.00
3153.00;488235612#1_0;0.20;4.95;380.00;0.00;-501076683#1_0;5.10;0.00;tripinfo_380;2773.00;380;0;1277.11;0.85;0.00;2698.89;DEFAULT_VEHTYPE;;14;2516.00
3157.00;-488232989#4_0;38.80;11.93;674.00;0.00;488432666_0;5.10;0.00;tripinfo_674;2483.00;674;0;1847.43;0.89;0.00;1617.89;DEFAULT_VEHTYPE;;10;1541.00
3158.00;488232997#2_0;167.56;12.31;497.00;0.00;-1268087985_0;5.10;0.00;tripinfo_497;2661.00;497;0;1938.74;0.93;0.00;2532.26;DEFAULT_VEHTYPE;;11;2437.00
3160.00;488232982#1_0;75.21;12.68;326.00;0.00;-1245514763_0;5.10;0.00;tripinfo_326;2834.00;326;0;1643.08;0.93;0.00;2746.66;DEFAULT_VEHTYPE;;16;2549.00
3161.00;488232982#1_0;75.21;12.47;209.00;0.00;-489218279#0_0;5.10;0.00;tripinfo_209;2952.00;209;0;2794.66;0.98;0.00;2800.90;DEFAULT_VEHTYPE;;18;2571.00
3162.00;1248752988_0;44.73;14.16;76.00;0.00;-501076683#1_0;5.10;0.00;tripinfo_76;3086.00;76;0;1616.98;1.03;0.00;2998.42;DEFAULT_VEHTYPE;;17;2867.00
3163.00;-488229186#3_0;52.28;15.98;314.00;0.00;-488439367#3_0;5.10;0.00;tripinfo_314;2849.00;314;0;1253.42;1.21;0.00;2798.36;DEFAULT_VEHTYPE;;15;2593.00
3165.00;-488232988#0_0;3.28;8.12;69.00;0.00;488432649#0_0;5.10;0.00;tripinfo_69;3096.00;69;0;1916.12;1.02;0.00;3001.86;DEFAULT_VEHTYPE;;18;2787.00
3169.00;488229186#5_0;3.52;7.35;345.00;0.00;488432660#13_0;3.43;0.00;tripinfo_345;2824.00;345;0;2577.32;0.94;0.00;2702.49;DEFAULT_VEHTYPE;;13;2500.00
3170.00;488232991_0;158.60;14.76;193.00;0.00;489205470#0_0;5.10;0.00;tripinfo_193;2977.00;193;0;2543.42;1.07;0.00;2849.86;DEFAULT_VEHTYPE;;16;2630.00
3172.00;-374433111#3_0;13.63;18.82;461.00;0.00;488238448#1_0;5.10;0.00;tripinfo_461;2711.00;461;0;1093.68;0.92;0.00;2642.16;DEFAULT_VEHTYPE;;12;2528.00
3173.00;864646686_0;268.18;16.81;402.00;4.00;374433101#10_0;5.10;0.00;tripinfo_398;2771.00;398;0;1270.94;1.26;0.00;2719.11;DEFAULT_VEHTYPE;;13;2519.00
3177.00;-488440840#4_0;31.71;12.49;95.00;0.00;-489221515#0_0;5.10;0.00;tripinfo_95;3082.00;95;0;1604.97;1.06;0.00;2967.98;DEFAULT_VEHTYPE;;17;2831.00
3180.00;488232984#2_0;2.30;4.99;251.00;0.00;-1195548637_0;5.10;0.00;tripinfo_251;2929.00;251;0;1738.78;0.88;0.00;2821.58;DEFAULT_VEHTYPE;;18;2583.00
3181.00;488232992#1_0;38.60;12.58;246.00;0.00;-488451881#1_0;0.20;0.00;tripinfo_246;2935.00;246;0;1944.15;0.97;0.00;2828.54;DEFAULT_VEHTYPE;;15;2626.00
3181.00;488444641#0_0;43.31;13.36;791.00;0.00;488451891#0_0;5.10;0.00;tripinfo_791;2390.00;791;0;568.01;1.04;0.00;2351.99;DEFAULT_VEHTYPE;;12;2274.00
3183.00;488445471#0_0;71.11;18.45;217.00;0.00;-488432657_0;5.10;0.00;tripinfo_217;2966.00;217;0;1573.73;1.07;0.00;2635.37;DEFAULT_VEHTYPE;;17;2476.00
3185.00;-488232985#7_0;130.68;12.57;175.00;0.00;489205468#1_0;5.10;0.00;tripinfo_175;3010.00;175;0;2418.42;0.92;0.00;2866.85;DEFAULT_VEHTYPE;;15;2671.00
3186.00;-488238449#0_0;113.22;13.87;176.00;0.00;489222063_0;5.10;0.00;tripinfo_176;3010.00;176;0;2473.43;1.09;0.00;2892.54;DEFAULT_VEHTYPE;;17;2664.00
3186.00;488229186#8_0;411.52;14.02;713.00;0.00;488238448#1_0;5.10;0.00;tripinfo_713;2473.00;713;0;1225.85;1.08;0.00;2411.44;DEFAULT_VEHTYPE;;13;2309.00
3187.00;488238462_0;83.71;14.26;797.00;0.00;488232984#0_0;5.10;0.00;tripinfo_797;2390.00;797;0;1359.52;1.10;0.00;2325.18;DEFAULT_VEHTYPE;;14;2200.00
3189.00;488238458#1_0;65.31;12.08;184.00;0.00;1247582300#1_0;5.10;0.00;tripinfo_184;3005.00;184;0;2231.90;0.94;0.00;2876.67;DEFAULT_VEHTYPE;;16;2693.00
3189.00;-488439383#1_0;119.87;12.37;573.00;0.00;488232986#1_0;5.10;0.00;tripinfo_573;2616.00;573;0;1253.82;0.93;0.00;2528.00;DEFAULT_VEHTYPE;;13;2417.00
3191.00;488432651#0_0;72.73;13.49;421.00;0.00;488235612#12_0;0.20;0.00;tripinfo_421;2770.00;421;0;567.51;1.05;0.00;2729.52;DEFAULT_VEHTYPE;;12;2654.00
3194.00;488432648#2_0;73.30;5.45;260.00;0.00;488232983#0_0;5.10;0.00;tripinfo_260;2934.00;260;0;1477.11;0.75;0.00;2504.81;DEFAULT_VEHTYPE;;13;2414.00
3194.00;488232985#5_0;67.95;15.58;362.00;0.00;1105575583#0_0;5.10;0.00;tripinfo_362;2832.00;362;0;2069.02;1.20;0.00;2743.68;DEFAULT_VEHTYPE;;14;2518.00
3194.00;1247582300#1_0;100.80;13.94;926.00;0.00;488439374#0_0;5.10;0.00;tripinfo_926;2268.00;926;0;982.19;1.05;0.00;2178.54;DEFAULT_VEHTYPE;;9;2123.00
3196.00;488232983#3_0;52.25;5.82;612.00;0.00;193847184#3_0;0.20;0.00;tripinfo_612;2584.00;612;0;2508.98;1.02;0.00;2069.53;DEFAULT_VEHTYPE;;16;1867.00
3197.00;-488440840#1_0;39.55;13.96;296.00;0.00;488232997#0_0;5.10;0.00;tripinfo_296;2901.00;296;0;1640.95;1.10;0.00;2675.05;DEFAULT_VEHTYPE;;16;2525.00
3201.00;-488426771#0_0;33.53;12.97;293.00;0.00;488440851_0;5.10;0.00;tripinfo_293;2908.00;293;0;1863.40;1.14;0.00;2823.89;DEFAULT_VEHTYPE;;15;2616.00
3201.00;-488451883_0;36.14;9.43;459.00;0.00;488229186#7_0;5.10;0.00;tripinfo_459;2742.00;459;0;1467.21;0.77;0.00;2581.02;DEFAULT_VEHTYPE;;13;2470.00
3201.00;-488432655#2_0;29.96;11.10;940.00;0.00;374433108#7_0;5.10;0.00;tripinfo_940;2261.00;940;0;1935.00;0.89;0.00;1600.89;DEFAULT_VEHTYPE;;10;1537.00
3204.00;-488439386#0_0;37.52;12.21;575.00;0.00;-501076685#2_0;5.10;0.00;tripinfo_575;2629.00;575;0;1661.58;0.97;0.00;2534.25;DEFAULT_VEHTYPE;;11;2431.00
3208.00;488451880#4_0;107.86;13.38;510.00;0.00;-1103437305#0_0;5.10;0.00;tripinfo_510;2698.00;510;0;1164.40;1.01;0.00;2376.85;DEFAULT_VEHTYPE;;13;2267.00
3218.00;488233001#1_0;0.20;7.02;368.00;0.00;-488451880#2_0;5.10;0.00;tripinfo_368;2850.00;368;0;1698.28;1.14;0.00;2781.47;DEFAULT_VEHTYPE;;16;2579.00
3218.00;488232988#4_0;259.11;13.24;647.00;0.00;488439368#0_0;5.10;0.00;tripinfo_647;2571.00;647;0;1385.73;0.97;0.00;2102.69;DEFAULT_VEHTYPE;;15;2016.00
3219.00;488233001#0_0;44.22;5.72;417.00;0.00;-488451884_0;5.10;0.00;tripinfo_417;2802.00;417;0;1492.68;1.11;0.00;2735.62;DEFAULT_VEHTYPE;;13;2514.00
3220.00;488232983#2_0;122.45;27.05;794.00;2.00;-488432658_0;5.10;0.00;tripinfo_792;2426.00;792;0;2108.59;0.99;0.00;1775.66;DEFAULT_VEHTYPE;;13;1575.00
3223.00;488232987#2_0;0.20;2.49;871.00;0.00;-488451879#2_0;5.10;0.00;tripinfo_871;2352.00;871;0;722.96;1.01;0.00;2307.98;DEFAULT_VEHTYPE;;9;2126.00
3228.00;1134050845_0;71.90;17.65;538.00;0.00;-488451885#0_0;5.10;0.00;tripinfo_538;2690.00;538;0;1400.37;0.93;0.00;2577.77;DEFAULT_VEHTYPE;;12;2347.00
3230.00;488232983#2_0;122.45;27.41;364.00;0.00;374433101#0_0;5.10;0.00;tripinfo_364;2866.00;364;0;3861.24;0.99;0.00;2694.40;DEFAULT_VEHTYPE;;12;2480.00
3243.00;-488232986#1_0;293.53;5.37;386.00;0.00;-757228687#3_0;5.10;0.00;tripinfo_386;2857.00;386;0;1024.41;0.99;0.00;2792.94;DEFAULT_VEHTYPE;;16;2578.00
3246.00;-488440845#3_0;36.02;13.08;200.00;4.00;-1092888927#0_0;5.10;0.00;tripinfo_196;3046.00;196;0;1808.16;1.03;0.00;2943.73;DEFAULT_VEHTYPE;;18;2777.00
3249.00;374433106#4_0;6.83;11.06;894.00;0.00;374433108#8_0;5.10;0.00;tripinfo_894;2355.00;894;0;1277.92;1.08;0.00;2080.67;DEFAULT_VEHTYPE;;13;1938.00
3255.00;-488232999#1_0;146.95;12.66;941.00;0.00;-488232985#5_0;5.10;0.00;tripinfo_941;2314.00;941;0;872.44;1.00;0.00;2260.68;DEFAULT_VEHTYPE;;21;2069.00
3257.00;-374433106#4_0;6.83;6.58;705.00;0.00;488232984#6_0;5.10;0.00;tripinfo_705;2552.00;705;0;1472.50;1.00;0.00;2294.29;DEFAULT_VEHTYPE;;10;2169.00
3258.00;-488232985#5_0;68.09;13.59;757.00;0.00;-488432657_0;5.10;0.00;tripinfo_757;2501.00;757;0;1966.05;1.04;0.00;1918.87;DEFAULT_VEHTYPE;;17;1692.00
3259.00;488232988#3_0;153.19;13.06;83.00;0.00;-488432650#1_0;5.10;0.00;tripinfo_83;3176.00;83;0;2096.49;0.97;0.00;3066.22;DEFAULT_VEHTYPE;;22;2822.00
3261.00;-488232987#0_0;196.45;13.08;547.00;0.00;-488451880#2_0;5.10;0.00;tripinfo_547;2714.00;547;0;1455.08;1.00;0.00;2640.50;DEFAULT_VEHTYPE;;15;2425.00
3265.00;488232988#3_0;153.19;11.39;927.00;0.00;-1248757138_0;5.10;0.00;tripinfo_927;2338.00;927;0;967.99;0.90;0.00;2266.15;DEFAULT_VEHTYPE;;18;2103.00
3266.00;379359178#0_0;41.69;13.29;847.00;0.00;-488451880#0_0;5.10;0.00;tripinfo_847;2419.00;847;0;473.80;0.90;0.00;2391.10;DEFAULT_VEHTYPE;;12;2285.00
3268.00;488232984#0_0;338.45;32.26;675.00;0.00;-488432658_0;5.10;0.00;tripinfo_675;2593.00;675;0;2298.23;1.18;0.00;2051.19;DEFAULT_VEHTYPE;;10;1869.00
3272.00;-488440842#5_0;53.65;13.50;638.00;0.00;488232987#1_0;5.10;0.00;tripinfo_638;2634.00;638;0;1379.17;1.05;0.00;2470.60;DEFAULT_VEHTYPE;;12;2305.00
3273.00;501076685#1_0;30.53;12.04;879.00;0.00;-488429017_0;5.10;0.00;tripinfo_879;2394.00;879;0;931.57;1.06;0.00;2251.37;DEFAULT_VEHTYPE;;10;2165.00
3280.00;379359178#2_0;0.20;20.69;703.00;0.00;-489222059#0_0;5.10;0.00;tripinfo_703;2577.00;703;0;1368.53;0.98;0.00;2504.50;DEFAULT_VEHTYPE;;12;2321.00
3283.00;-717045286#1_0;27.38;12.01;897.00;0.00;-1211506466#0_0;5.10;0.00;tripinfo_897;2386.00;897;0;1754.64;0.88;0.00;1803.23;DEFAULT_VEHTYPE;;15;1598.00
3284.00;-488451885#4_0;44.09;11.15;872.00;0.00;1226433842#0_0;5.10;0.00;tripinfo_872;2412.00;872;0;1009.02;0.86;0.00;2331.33;DEFAULT_VEHTYPE;;15;2245.00
3290.00;-488439374#1_0;223.72;16.03;360.00;0.00;488232985#8_0;5.10;0.00;tripinfo_360;2930.00;360;0;1513.02;1.19;0.00;2856.95;DEFAULT_VEHTYPE;;16;2710.00
3291.00;-488451885#4_0;44.09;14.70;865.00;0.00;-1132773660#0_0;5.10;0.00;tripinfo_865;2426.00;865;0;1310.80;1.17;0.00;2273.92;DEFAULT_VEHTYPE;;15;2073.00
3292.00;-488451880#1_0;2.40;2.93;124.00;1.00;488232985#8_0;5.10;0.00;tripinfo_123;3168.00;123;0;1614.99;1.02;0.00;2992.46;DEFAULT_VEHTYPE;;17;2827.00
3297.00;1128316618_0;41.35;5.55;765.00;0.00;488452625#0_0;5.10;0.00;tripinfo_765;2532.00;765;0;1019.45;0.94;0.00;2468.79;DEFAULT_VEHTYPE;;14;2282.00
3297.00;-488451880#3_0;5.99;5.58;995.00;0.00;-488440851_0;5.10;0.00;tripinfo_995;2302.00;995;0;402.25;0.77;0.00;2265.64;DEFAULT_VEHTYPE;;11;2201.00
3300.00;488232996#2_0;155.69;14.10;766.00;0.00;-1267075001_0;5.10;0.00;tripinfo_766;2534.00;766;0;1779.53;1.02;0.00;2285.98;DEFAULT_VEHTYPE;;10;2084.00
3303.00;488451879#2_0;76.16;11.85;418.00;0.00;488232982#3_0;5.10;0.00;tripinfo_418;2885.00;418;0;1303.46;0.92;0.00;2813.22;DEFAULT_VEHTYPE;;17;2672.00
3306.00;431659327#0_0;44.85;8.55;861.00;0.00;379359177#2_0;5.10;0.00;tripinfo_861;2445.00;861;0;910.38;0.96;0.00;2400.54;DEFAULT_VEHTYPE;;17;2276.00
3309.00;-716013643_0;30.47;6.49;493.00;0.00;1134050845_0;5.10;0.00;tripinfo_493;2816.00;493;0;1053.39;1.13;0.00;2767.59;DEFAULT_VEHTYPE;;16;2631.00
3316.00;374433101#8_0;241.80;9.75;951.00;0.00;1211506462#0_0;3.38;0.00;tripinfo_951;2365.00;951;0;877.99;1.13;0.00;2324.75;DEFAULT_VEHTYPE;;13;2161.00
3332.00;1132773660#1_0;30.45;5.05;666.00;0.00;488429011_0;5.10;0.00;tripinfo_666;2666.00;666;0;737.92;1.06;0.00;2253.17;DEFAULT_VEHTYPE;;13;2184.00
3333.00;488429014#0_0;78.52;5.65;988.00;0.00;-1211506462#3_0;5.10;0.00;tripinfo_988;2345.00;988;0;1038.89;0.98;0.00;2288.57;DEFAULT_VEHTYPE;;12;2112.00
3338.00;501076685#1_0;30.53;12.22;381.00;0.00;-488229186#4_0;0.20;0.00;tripinfo_381;2957.00;381;0;1758.75;0.96;0.00;2871.40;DEFAULT_VEHTYPE;;19;2644.00
3338.00;717045286#2_0;69.11;13.58;3146.00;2436.00;379359178#3_0;5.10;0.00;tripinfo_710;192.00;710;0;798.40;1.05;0.00;153.19;DEFAULT_VEHTYPE;;2;58.00
3339.00;-488429014#0_0;78.52;12.94;836.00;2.00;193847185#2_0;5.10;0.00;tripinfo_834;2503.00;834;0;1631.80;1.02;0.00;2423.23;DEFAULT_VEHTYPE;;12;2254.00
3339.00;-488451886#1_0;64.01;11.73;993.00;0.00;488238448#0_0;5.10;0.00;tripinfo_993;2346.00;993;0;1489.18;0.89;0.00;1872.18;DEFAULT_VEHTYPE;;16;1680.00
3341.00;757228687#4_0;77.65;14.24;685.00;0.00;-488432649#0_0;5.10;0.00;tripinfo_685;2656.00;685;0;1070.57;1.10;0.00;2596.89;DEFAULT_VEHTYPE;;17;2373.00
3342.00;-717045285#1_0;29.40;11.27;663.00;0.00;-501076683#0_0;5.10;0.00;tripinfo_663;2679.00;663;0;1807.42;1.19;0.00;2594.85;DEFAULT_VEHTYPE;;13;2331.00
3343.00;-488432669#2_0;38.51;12.45;929.00;0.00;-488451879#1_0;5.10;0.00;tripinfo_929;2414.00;929;0;1315.25;0.96;0.00;2321.85;DEFAULT_VEHTYPE;;15;2210.00
3346.00;1247577744_0;153.06;14.19;522.00;3.00;488432655#3_0;5.10;0.00;tripinfo_519;2824.00;519;0;1260.61;1.05;0.00;2736.10;DEFAULT_VEHTYPE;;12;2655.00
3349.00;379359178#2_0;0.20;19.23;818.00;0.00;-488455852#1_0;5.10;0.00;tripinfo_818;2531.00;818;0;2027.29;1.10;0.00;2431.30;DEFAULT_VEHTYPE;;14;2223.00
3353.00;1211507698_0;30.01;16.25;486.00;0.00;-488440840#1_0;5.10;0.00;tripinfo_486;2867.00;486;0;1755.05;1.24;0.00;2787.68;DEFAULT_VEHTYPE;;19;2621.00
3353.00;-374433111#2_0;0.20;20.00;905.00;0.00;488453906#4_0;5.10;0.00;tripinfo_905;2448.00;905;0;1603.69;0.94;0.00;2291.31;DEFAULT_VEHTYPE;;15;2186.00
3356.00;488451889#2_0;31.69;11.19;156.00;0.00;488432657_0;5.10;0.00;tripinfo_156;3200.00;156;0;1522.27;1.18;0.00;3120.27;DEFAULT_VEHTYPE;;23;2874.00
3357.00;488232984#2_0;2.30;5.87;781.00;0.00;489222065_0;4.06;0.00;tripinfo_781;2576.00;781;0;1936.94;1.00;0.00;2483.91;DEFAULT_VEHTYPE;;14;2305.00
3360.00;488440842#1_0;36.05;12.46;287.00;5.00;379359178#2_0;0.20;0.00;tripinfo_282;3073.00;282;0;1250.00;0.95;0.00;3006.29;DEFAULT_VEHTYPE;;16;2857.00
3360.00;488451889#2_0;31.69;12.14;984.00;0.00;488432649#0_0;5.10;0.00;tripinfo_984;2376.00;984;0;1172.44;1.20;0.00;1858.28;DEFAULT_VEHTYPE;;10;1746.00
3363.00;488439374#0_0;70.40;13.12;673.00;0.00;489222059#0_0;5.10;0.00;tripinfo_673;2690.00;673;0;2070.46;1.02;0.00;2586.15;DEFAULT_VEHTYPE;;14;2412.00
3366.00;488432660#4_0;0.24;3.89;750.00;0.00;-1211507702_0;5.10;0.00;tripinfo_750;2616.00;750;0;314.54;1.14;0.00;2593.68;DEFAULT_VEHTYPE;;15;2526.00
3369.00;-488432648#2_0;73.30;9.55;985.00;0.00;-1128316618_0;5.10;0.00;tripinfo_985;2384.00;985;0;890.47;1.03;0.00;2263.51;DEFAULT_VEHTYPE;;15;2149.00
3371.00;488235612#1_0;0.20;5.98;643.00;0.00;489222062#0_0;5.10;0.00;tripinfo_643;2728.00;643;0;1921.43;0.95;0.00;2627.86;DEFAULT_VEHTYPE;;18;2401.00
3378.00;-488451888#0_0;36.38;5.49;515.00;0.00;-488432650#1_0;5.10;0.00;tripinfo_515;2863.00;515;0;1228.05;0.91;0.00;2785.95;DEFAULT_VEHTYPE;;18;2568.00
3380.00;-488440842#4_0;183.95;12.19;577.00;0.00;-489222059#1_0;5.10;0.00;tripinfo_577;2803.00;577;0;2129.69;0.97;0.00;2681.72;DEFAULT_VEHTYPE;;15;2516.00
3381.00;488451880#3_0;5.91;12.80;367.00;0.00;488232985#6_0;5.10;0.00;tripinfo_367;3014.00;367;0;1528.28;1.00;0.00;2933.48;DEFAULT_VEHTYPE;;16;2779.00
3385.00;374433111#9_0;141.77;20.24;330.00;0.00;488432648#2_0;5.10;0.00;tripinfo_330;3055.00;330;0;1503.21;0.96;0.00;2973.72;DEFAULT_VEHTYPE;;23;2734.00
3385.00;-488451879#5_0;115.54;14.81;977.00;0.00;-1132773661_0;0.58;0.00;tripinfo_977;2408.00;977;0;1384.84;1.07;0.00;2207.19;DEFAULT_VEHTYPE;;16;2061.00
3388.00;-1245514763_0;115.60;12.87;524.00;0.00;489221518#1_0;5.10;0.00;tripinfo_524;2864.00;524;0;1963.94;0.97;0.00;2749.81;DEFAULT_VEHTYPE;;17;2575.00
3388.00;-1134050846_0;0.20;5.51;1045.00;221.00;-488440842#1_0;5.10;0.00;tripinfo_824;2343.00;824;0;1484.25;1.06;0.00;2120.29;DEFAULT_VEHTYPE;;12;2000.00
3390.00;379359178#5_0;0.20;5.76;572.00;0.00;-488232989#2_0;5.10;0.00;tripinfo_572;2818.00;572;0;926.69;1.06;0.00;2769.44;DEFAULT_VEHTYPE;;27;2544.00
3391.00;488451892_0;35.96;13.12;487.00;0.00;-1268087983#1_0;5.10;0.00;tripinfo_487;2904.00;487;0;2365.21;1.06;0.00;2767.21;DEFAULT_VEHTYPE;;17;2596.00
3394.00;1226433842#1_0;207.91;13.30;758.00;0.00;488238462_0;5.10;0.00;tripinfo_758;2636.00;758;0;1782.90;1.00;0.00;2525.73;DEFAULT_VEHTYPE;;25;2342.00
3402.00;488440849#1_0;48.98;9.75;457.00;0.00;488232984#0_0;5.10;0.00;tripinfo_457;2945.00;457;0;1578.77;1.11;0.00;2789.05;DEFAULT_VEHTYPE;;16;2624.00
3408.00;488429012#0_0;99.81;12.96;714.00;0.00;488432651#2_0;5.10;0.00;tripinfo_714;2694.00;714;0;1022.16;0.99;0.00;2628.43;DEFAULT_VEHTYPE;;13;2525.00
3422.00;-488229186#6_0;0.27;5.23;155.00;0.00;-488432657_0;5.10;0.00;tripinfo_155;3267.00;155;0;1981.76;1.12;0.00;3176.69;DEFAULT_VEHTYPE;;22;2917.00
3423.00;488424638#0_0;82.00;14.58;875.00;0.00;488432652_0;5.10;0.00;tripinfo_875;2548.00;875;0;1191.72;1.12;0.00;2476.99;DEFAULT_VEHTYPE;;14;2370.00
3424.00;489205461#2_0;8.58;8.47;344.00;0.00;488232988#4_0;5.10;0.00;tripinfo_344;3080.00;344;0;2190.40;0.98;0.00;2951.31;DEFAULT_VEHTYPE;;19;2768.00
3427.00;-1247582300#2_0;40.33;13.91;706.00;0.00;501076684_0;5.10;0.00;tripinfo_706;2721.00;706;0;1623.29;1.00;0.00;2611.63;DEFAULT_VEHTYPE;;13;2446.00
3428.00;374433108#8_1;84.36;25.00;644.00;0.00;-489205461#2_0;5.10;0.00;tripinfo_644;2784.00;644;0;1620.01;0.91;0.00;2694.17;DEFAULT_VEHTYPE;;19;2477.00
3429.00;488229186#7_0;39.79;13.51;804.00;0.00;1195566240_0;5.10;0.00;tripinfo_804;2625.00;804;0;1736.56;1.00;0.00;2542.09;DEFAULT_VEHTYPE;;16;2271.00
3435.00;-488444641#0_0;43.31;11.78;721.00;0.00;-757103003#4_0;0.20;0.00;tripinfo_721;2714.00;721;0;1524.71;0.93;0.00;2629.49;DEFAULT_VEHTYPE;;15;2403.00
3436.00;374433100#7_2;57.40;25.89;759.00;0.00;-488455859#1_0;0.20;0.00;tripinfo_759;2677.00;759;0;2034.94;0.95;0.00;2475.45;DEFAULT_VEHTYPE;;15;2241.00
3437.00;489205463#2_0;121.40;11.32;379.00;0.00;1268087983#2_0;5.10;0.00;tripinfo_379;3058.00;379;0;2781.85;0.84;0.00;2854.74;DEFAULT_VEHTYPE;;20;2680.00
3437.00;488451885#1_0;0.20;11.95;522.00;0.00;488432660#0_0;5.10;0.00;tripinfo_522;2915.00;522;0;1405.30;0.86;0.00;2814.14;DEFAULT_VEHTYPE;;16;2647.00
3437.00;489221517_0;62.01;14.59;805.00;0.00;-488439369#3_0;5.10;0.00;tripinfo_805;2632.00;805;0;1625.47;1.08;0.00;2532.95;DEFAULT_VEHTYPE;;16;2375.00
3438.00;488432657_0;60.82;12.61;779.00;0.00;1226433842#0_0;5.10;0.00;tripinfo_779;2659.00;779;0;1856.17;0.98;0.00;2537.38;DEFAULT_VEHTYPE;;21;2379.00
3440.00;1211506466#5_0;0.20;11.43;574.00;0.00;488232984#3_0;1.40;0.00;tripinfo_574;2866.00;574;0;1542.88;0.90;0.00;2677.35;DEFAULT_VEHTYPE;;16;2506.00
3440.00;488232988#7_0;36.52;12.59;994.00;0.00;374433102#2_0;5.10;0.00;tripinfo_994;2446.00;994;0;1893.27;1.08;0.00;2362.55;DEFAULT_VEHTYPE;;14;2123.00
3441.00;488232996#0_0;103.57;9.81;782.00;0.00;-717083792#1_0;5.10;0.00;tripinfo_782;2659.00;782;0;2142.30;0.77;0.00;2526.63;DEFAULT_VEHTYPE;;16;2327.00
3442.00;-488232996#2_0;155.64;12.08;702.00;0.00;-488432652_0;5.10;0.00;tripinfo_702;2740.00;702;0;1820.75;0.94;0.00;2625.55;DEFAULT_VEHTYPE;;18;2360.00
3443.00;488429013#2_0;0.20;12.99;544.00;0.00;-1268087981#4_0;5.10;0.00;tripinfo_544;2899.00;544;0;1959.32;1.01;0.00;2768.23;DEFAULT_VEHTYPE;;15;2643.00
3443.00;-488451880#0_0;23.29;5.32;849.00;0.00;488424640_0;5.10;0.00;tripinfo_849;2594.00;849;0;1286.03;0.86;0.00;2164.23;DEFAULT_VEHTYPE;;14;2022.00
3444.00;1211506466#6_0;17.83;13.03;578.00;0.00;488232987#1_0;5.10;0.00;tripinfo_578;2866.00;578;0;1808.24;0.98;0.00;2667.17;DEFAULT_VEHTYPE;;19;2471.00
3450.00;488232983#5_0;1.34;7.86;771.00;0.00;488455859#1_0;0.20;0.00;tripinfo_771;2679.00;771;0;1842.45;0.97;0.00;2486.07;DEFAULT_VEHTYPE;;17;2233.00
3450.00;488233001#0_0;44.22;14.48;876.00;0.00;488229186#4_0;0.20;0.00;tripinfo_876;2574.00;876;0;1224.69;1.13;0.00;2528.50;DEFAULT_VEHTYPE;;22;2292.00
3451.00;488451883_0;35.91;13.92;163.00;0.00;488432667#0_0;5.10;0.00;tripinfo_163;3288.00;163;0;1479.65;1.13;0.00;3202.24;DEFAULT_VEHTYPE;;20;3010.00
3453.00;1105575583#1_0;47.18;6.01;283.00;0.00;488232998#2_0;5.10;0.00;tripinfo_283;3170.00;283;0;1538.08;1.02;0.00;3084.39;DEFAULT_VEHTYPE;;17;2895.00
3453.00;-488232985#8_0;35.50;13.32;953.00;0.00;1211507698_0;5.10;0.00;tripinfo_953;2500.00;953;0;1874.33;1.03;0.00;2401.49;DEFAULT_VEHTYPE;;15;2173.00
3455.00;-717497184_0;43.27;13.33;704.00;0.00;-488432651#2_0;5.10;0.00;tripinfo_704;2751.00;704;0;2117.63;0.96;0.00;2634.54;DEFAULT_VEHTYPE;;19;2358.00
3456.00;489205470#0_0;35.36;13.54;346.00;0.00;488232984#2_0;2.30;0.00;tripinfo_346;3110.00;346;0;1416.68;1.11;0.00;3036.64;DEFAULT_VEHTYPE;;18;2846.00
3456.00;-489205461#1_0;48.37;14.49;376.00;0.00;-488235612#16_0;5.10;0.00;tripinfo_376;3080.00;376;0;2002.28;1.10;0.00;2938.84;DEFAULT_VEHTYPE;;18;2735.00
3457.00;-488439384_0;14.79;11.71;679.00;0.00;488432648#1_0;5.10;0.00;tripinfo_679;2778.00;679;0;1555.35;0.99;0.00;2696.97;DEFAULT_VEHTYPE;;18;2478.00
3457.00;488232983#6_0;1.89;9.91;896.00;0.00;1245799229_0;4.63;0.00;tripinfo_896;2561.00;896;0;1058.11;0.94;0.00;2507.09;DEFAULT_VEHTYPE;;20;2245.00
3459.00;-488232985#2_0;60.97;15.22;699.00;0.00;-757103003#3_0;0.20;0.00;tripinfo_699;2760.00;699;0;1839.65;1.10;0.00;2681.07;DEFAULT_VEHTYPE;;14;2440.00
3461.00;488439386#1_0;60.58;12.93;736.00;0.00;374433102#8_0;5.10;0.00;tripinfo_736;2725.00;736;0;2418.60;0.94;0.00;2597.43;DEFAULT_VEHTYPE;;14;2426.00
3462.00;-488232987#3_0;8.14;12.63;787.00;0.00;-1211506466#3_0;0.20;0.00;tripinfo_787;2675.00;787;0;1606.22;0.96;0.00;2575.68;DEFAULT_VEHTYPE;;17;2320.00
3463.00;1245799229_0;4.63;9.04;617.00;0.00;-1211506466#4_0;5.10;0.00;tripinfo_617;2846.00;617;0;1464.72;1.11;0.00;2746.73;DEFAULT_VEHTYPE;;19;2494.00
3466.00;488429013#2_0;0.20;5.46;648.00;0.00;488439383#0_0;5.10;0.00;tripinfo_648;2818.00;648;0;1318.62;0.96;0.00;2733.85;DEFAULT_VEHTYPE;;20;2479.00
3466.00;-488232988#4_0;264.88;10.35;659.00;0.00;488432649#0_0;5.10;0.00;tripinfo_659;2807.00;659;0;2278.69;0.83;0.00;2658.57;DEFAULT_VEHTYPE;;17;2423.00
3466.00;1132773661_0;0.58;3.85;764.00;0.00;488444640#1_0;5.10;0.00;tripinfo_764;2702.00;764;0;1496.35;1.06;0.00;2636.72;DEFAULT_VEHTYPE;;22;2396.00
3467.00;-1245516596#0_0;20.88;10.68;627.00;0.00;-488232988#2_0;5.10;0.00;tripinfo_627;2840.00;627;0;1278.75;0.90;0.00;2757.50;DEFAULT_VEHTYPE;;19;2560.00
3471.00;374433108#9_0;195.37;27.71;1712.00;1012.00;488453906#1_0;5.10;0.00;tripinfo_700;1759.00;700;0;1742.09;1.00;0.00;1681.22;DEFAULT_VEHTYPE;;7;1520.00
3475.00;-488232998#0_0;84.36;12.83;327.00;0.00;-1211506466#1_0;0.20;0.00;tripinfo_327;3148.00;327;0;1936.34;0.95;0.00;3025.59;DEFAULT_VEHTYPE;;22;2799.00
3477.00;488444640#6_0;18.40;10.60;443.00;0.00;-488432658_0;5.10;0.00;tripinfo_443;3034.00;443;0;1620.56;1.24;0.00;2954.42;DEFAULT_VEHTYPE;;24;2684.00
3479.00;374433111#7_0;24.81;9.90;138.00;0.00;-488432667#2_0;5.10;0.00;tripinfo_138;3341.00;138;0;1912.51;1.00;0.00;3233.17;DEFAULT_VEHTYPE;;22;2980.00
3479.00;1245514497_0;197.87;11.70;684.00;0.00;-1211506466#1_0;0.20;0.00;tripinfo_684;2795.00;684;0;2017.70;0.92;0.00;2649.69;DEFAULT_VEHTYPE;;18;2419.00
3482.00;1226433842#0_0;77.03;13.45;964.00;142.00;488432648#1_0;5.10;0.00;tripinfo_822;2518.00;822;0;1479.48;1.03;0.00;2412.60;DEFAULT_VEHTYPE;;14;2198.00
3483.00;488451879#2_0;76.16;15.24;288.00;0.00;-488432665#0_0;5.10;0.00;tripinfo_288;3195.00;288;0;1234.26;1.10;0.00;3101.55;DEFAULT_VEHTYPE;;21;2911.00
3483.00;1245514497_0;197.87;14.40;410.00;0.00;-1195571203_0;5.10;0.00;tripinfo_410;3073.00;410;0;2180.04;1.10;0.00;2953.15;DEFAULT_VEHTYPE;;17;2791.00
3483.00;488451881#0_0;108.55;12.30;588.00;0.00;-1245440210_0;5.10;0.00;tripinfo_588;2895.00;588;0;1437.83;0.95;0.00;2814.29;DEFAULT_VEHTYPE;;19;2587.00
3490.00;374433111#7_0;24.81;10.35;752.00;0.00;193847184#7_0;5.10;0.00;tripinfo_752;2738.00;752;0;5873.97;0.88;0.00;2431.94;DEFAULT_VEHTYPE;;14;2187.00
3492.00;488232984#6_0;258.42;20.54;904.00;0.00;-488444641#0_0;5.10;0.00;tripinfo_904;2588.00;904;0;1464.85;0.78;0.00;2503.58;DEFAULT_VEHTYPE;;19;2229.00
3493.00;1132773660#3_0;190.69;13.87;332.00;0.00;1211507701#0_0;5.10;0.00;tripinfo_332;3161.00;332;0;1855.45;1.01;0.00;3016.17;DEFAULT_VEHTYPE;;16;2857.00
3496.00;488232982#3_0;49.65;12.83;423.00;0.00;-1211507703_0;5.10;0.00;tripinfo_423;3073.00;423;0;2027.06;1.01;0.00;2926.71;DEFAULT_VEHTYPE;;14;2780.00
3497.00;488232983#8_0;191.16;27.91;786.00;2.00;488432658_0;5.10;0.00;tripinfo_784;2711.00;784;0;2060.43;1.04;0.00;2563.72;DEFAULT_VEHTYPE;;16;2404.00
3497.00;1245516596#0_0;20.88;10.99;1080.00;89.00;-1211506466#4_0;5.10;0.00;tripinfo_991;2417.00;991;0;1697.14;1.03;0.00;1970.07;DEFAULT_VEHTYPE;;13;1834.00
3514.00;379359177#6_0;41.50;4.57;221.00;0.00;488451889#1_0;5.10;0.00;tripinfo_221;3293.00;221;0;1299.91;1.15;0.00;3226.34;DEFAULT_VEHTYPE;;22;2975.00
3516.00;-488440845#3_0;36.02;14.60;689.00;0.00;-488232985#9_0;5.10;0.00;tripinfo_689;2827.00;689;0;3427.00;1.22;0.00;2640.10;DEFAULT_VEHTYPE;;24;2408.00
3519.00;717045285#2_0;31.85;14.68;967.00;0.00;488432649#0_0;5.10;0.00;tripinfo_967;2552.00;967;0;1856.39;1.11;0.00;2461.32;DEFAULT_VEHTYPE;;17;2206.00
3524.00;-488432648#3_0;61.61;11.97;235.00;0.00;-489218279#2_0;5.10;0.00;tripinfo_235;3289.00;235;0;2010.27;0.96;0.00;3090.16;DEFAULT_VEHTYPE;;18;2958.00
3524.00;374433100#9_0;1787.33;28.42;961.00;12.00;-1245799229_0;4.63;0.00;tripinfo_949;2563.00;949;0;3050.30;1.06;0.00;2448.80;DEFAULT_VEHTYPE;;16;2179.00
3530.00;1226433842#1_0;207.91;12.49;823.00;0.00;1211506466#3_0;0.20;0.00;tripinfo_823;2707.00;823;0;2327.03;0.95;0.00;2572.47;DEFAULT_VEHTYPE;;17;2331.00
3531.00;374433108#0_0;1841.66;25.62;441.00;0.00;-488451885#7_0;5.10;0.00;tripinfo_441;3090.00;441;0;5586.00;0.93;0.00;2828.10;DEFAULT_VEHTYPE;;19;2655.00
3533.00;374433106#1_0;0.20;6.17;477.00;0.00;488232985#8_0;5.10;0.00;tripinfo_477;3056.00;477;0;1256.42;0.99;0.00;2989.39;DEFAULT_VEHTYPE;;25;2814.00
3537.00;-488439369#3_0;88.74;13.41;945.00;185.00;-488432660#8_0;5.10;0.00;tripinfo_760;2592.00;760;0;1700.38;1.05;0.00;2397.75;DEFAULT_VEHTYPE;;16;2249.00
3538.00;-488229186#3_0;52.28;10.08;898.00;0.00;488235612#10_0;5.10;0.00;tripinfo_898;2640.00;898;0;2021.21;0.81;0.00;2511.89;DEFAULT_VEHTYPE;;16;2357.00
3541.00;-488432655#2_0;29.96;11.95;945.00;0.00;488232984#6_0;5.10;0.00;tripinfo_945;2596.00;945;0;1633.66;1.09;0.00;2492.71;DEFAULT_VEHTYPE;;10;2402.00
3544.00;-488235612#16_0;25.18;14.67;310.00;9.00;488440849#1_0;5.10;0.00;tripinfo_ai_veh_300_3;3234.00;ai_veh_300_3;0;1927.15;1.08;0.00;3127.39;DEFAULT_VEHTYPE;;18;2993.00
3544.00;488238458#0_0;32.36;11.21;811.00;0.00;-488440845#0_0;5.10;0.00;tripinfo_811;2733.00;811;0;1775.97;0.84;0.00;2622.41;DEFAULT_VEHTYPE;;19;2400.00
3548.00;-488238462_0;83.54;12.46;367.00;4.00;488453907#3_0;5.10;0.00;tripinfo_363;3181.00;363;0;3095.44;0.90;0.00;2991.63;DEFAULT_VEHTYPE;;15;2729.00
3550.00;-488429013#1_0;9.83;9.46;919.00;0.00;1103437305#0_0;5.10;0.00;tripinfo_919;2631.00;919;0;833.60;0.97;0.00;2576.63;DEFAULT_VEHTYPE;;22;2408.00
3553.00;488440840#2_0;51.00;12.86;799.00;0.00;193847184#2_0;5.10;0.00;tripinfo_799;2754.00;799;0;2332.24;0.93;0.00;2630.28;DEFAULT_VEHTYPE;;19;2383.00
3556.00;374433111#8_0;0.20;17.89;942.00;0.00;488429010#1_0;5.10;0.00;tripinfo_942;2614.00;942;0;1233.01;0.83;0.00;2519.86;DEFAULT_VEHTYPE;;19;2272.00
3560.00;1330843193#5_0;87.43;4.88;974.00;0.00;-488233001#3_0;5.10;0.00;tripinfo_974;2586.00;974;0;506.04;1.18;0.00;2559.35;DEFAULT_VEHTYPE;;23;2386.00
3562.00;488440842#5_0;53.64;11.27;619.00;0.00;-1211506466#5_0;0.20;0.00;tripinfo_619;2943.00;619;0;1710.36;0.90;0.00;2829.56;DEFAULT_VEHTYPE;;20;2605.00
3563.00;488232985#3_0;0.20;4.95;756.00;0.00;-489205468#0_0;5.10;0.00;tripinfo_756;2807.00;756;0;1852.33;0.93;0.00;2698.37;DEFAULT_VEHTYPE;;16;2453.00
3565.00;488426771#1_0;180.26;14.21;855.00;0.00;488432663_0;5.10;0.00;tripinfo_855;2710.00;855;0;2400.40;1.03;0.00;2543.91;DEFAULT_VEHTYPE;;16;2329.00
3569.00;-488232987#1_0;249.51;14.47;763.00;0.00;1192789782_0;5.10;0.00;tripinfo_763;2806.00;763;0;1813.37;1.05;0.00;2700.33;DEFAULT_VEHTYPE;;16;2467.00
3569.00;488429013#0_0;77.62;12.22;922.00;0.00;-488235612#14_0;5.10;0.00;tripinfo_922;2647.00;922;0;1155.46;0.89;0.00;2565.27;DEFAULT_VEHTYPE;;15;2460.00
3573.00;-488232988#3_0;153.15;11.95;813.00;0.00;501076685#0_0;5.10;0.00;tripinfo_813;2760.00;813;0;1814.91;0.87;0.00;2644.35;DEFAULT_VEHTYPE;;20;2449.00
3575.00;-488440849#0_0;19.11;11.93;817.00;0.00;-1268087983#1_0;5.10;0.00;tripinfo_817;2758.00;817;0;2281.08;1.05;0.00;2619.35;DEFAULT_VEHTYPE;;21;2443.00
3576.00;488439369#1_0;29.52;12.38;285.00;0.00;-488432666_0;5.10;0.00;tripinfo_285;3291.00;285;0;1754.34;1.04;0.00;3164.20;DEFAULT_VEHTYPE;;21;2992.00
3577.00;-488232997#3_0;47.38;5.79;680.00;0.00;488453906#1_0;5.10;0.00;tripinfo_680;2897.00;680;0;1527.08;1.02;0.00;2821.10;DEFAULT_VEHTYPE;;20;2542.00
3577.00;1330843193#5_0;87.43;8.17;944.00;0.00;1105575583#0_0;5.10;0.00;tripinfo_944;2633.00;944;0;1709.10;1.11;0.00;2554.30;DEFAULT_VEHTYPE;;19;2249.00
3581.00;1330843193#3_0;55.28;6.10;906.00;0.00;193847185#7_0;1.13;0.00;tripinfo_906;2675.00;906;0;1848.23;1.04;0.00;2590.37;DEFAULT_VEHTYPE;;16;2343.00
3584.00;-488233001#0_0;44.63;12.16;796.00;0.00;489205470#1_0;5.10;0.00;tripinfo_796;2788.00;796;0;2350.14;0.89;0.00;2642.07;DEFAULT_VEHTYPE;;24;2335.00
3594.00;488238448#0_0;112.47;11.70;629.00;0.00;-488451885#5_0;5.10;0.00;tripinfo_629;2965.00;629;0;1996.83;0.90;0.00;2838.87;DEFAULT_VEHTYPE;;22;2562.00
3606.00;-717045286#1_0;27.38;10.80;375.00;0.00;1267082445_0;5.10;0.00;tripinfo_375;3231.00;375;0;2224.53;0.81;0.00;3069.59;DEFAULT_VEHTYPE;;30;2765.00
3607.00;488453906#5_0;2.71;12.27;41.00;0.00;374433100#9_0;5.10;0.00;tripinfo_41;3566.00;41;0;5531.59;0.96;0.00;3273.64;DEFAULT_VEHTYPE;;19;3090.00
3607.00;488232996#3_0;34.46;11.05;971.00;0.00;-488453907#1_0;5.10;0.00;tripinfo_971;2636.00;971;0;2380.48;0.85;0.00;2488.68;DEFAULT_VEHTYPE;;17;2230.00
3610.00;488232983#5_0;1.34;9.60;226.00;0.00;-488432655#3_0;5.10;0.00;tripinfo_226;3384.00;226;0;1609.58;1.24;0.00;3311.90;DEFAULT_VEHTYPE;;17;3176.00
3611.00;1122578272_0;30.94;12.80;615.00;0.00;-1211507703_0;5.10;0.00;tripinfo_615;2996.00;615;0;1694.44;1.00;0.00;2853.40;DEFAULT_VEHTYPE;;18;2676.00
3616.00;717497184_0;43.27;14.61;670.00;0.00;489205476#0_0;5.10;0.00;tripinfo_670;2946.00;670;0;2583.55;1.07;0.00;2805.78;DEFAULT_VEHTYPE;;26;2480.00
3620.00;-374433111#8_0;0.20;21.50;637.00;0.00;-1211507701#1_0;5.10;0.00;tripinfo_637;2983.00;637;0;1648.07;0.99;0.00;2855.67;DEFAULT_VEHTYPE;;15;2741.00
3623.00;-488440840#0_0;85.25;12.76;529.00;0.00;-1211507701#0_0;5.10;0.00;tripinfo_529;3094.00;529;0;1755.79;0.99;0.00;2990.41;DEFAULT_VEHTYPE;;15;2877.00
3629.00;488439369#0_0;194.73;13.49;556.00;0.00;193847185#7_0;1.13;0.00;tripinfo_556;3073.00;556;0;2110.25;1.00;0.00;2960.99;DEFAULT_VEHTYPE;;21;2672.00
3641.00;488235612#5_0;167.99;12.96;789.00;0.00;-488451879#0_0;5.10;0.00;tripinfo_789;2852.00;789;0;946.00;1.00;0.00;2747.49;DEFAULT_VEHTYPE;;12;2674.00
3641.00;-1106761240#0_0;94.59;12.69;899.00;0.00;488432651#2_0;5.10;0.00;tripinfo_899;2742.00;899;0;1901.97;0.94;0.00;2626.34;DEFAULT_VEHTYPE;;14;2520.00
3642.00;-1245516596#0_0;20.88;8.24;869.00;0.00;488238462_0;5.10;0.00;tripinfo_869;2773.00;869;0;1595.74;1.01;0.00;2676.18;DEFAULT_VEHTYPE;;29;2383.00
3652.00;488440845#2_0;36.78;12.24;389.00;0.00;-488432668_0;5.10;0.00;tripinfo_389;3263.00;389;0;1736.75;0.93;0.00;3131.06;DEFAULT_VEHTYPE;;16;3013.00
3653.00;374433111#9_0;141.77;20.11;810.00;0.00;-488238462_0;5.10;0.00;tripinfo_810;2843.00;810;0;1845.79;0.91;0.00;2722.04;DEFAULT_VEHTYPE;;32;2418.00
3656.00;1132773660#2_0;78.80;15.17;624.00;0.00;488451891#1_0;5.10;0.00;tripinfo_624;3032.00;624;0;1465.76;1.10;0.00;2956.01;DEFAULT_VEHTYPE;;22;2695.00
3668.00;488232988#4_0;259.11;13.01;895.00;0.00;-488432653_0;5.10;0.00;tripinfo_895;2773.00;895;0;2194.89;1.02;0.00;2649.02;DEFAULT_VEHTYPE;;19;2378.00
3676.00;-488235612#3_0;0.20;11.29;201.00;0.00;488432662_0;5.10;0.00;tripinfo_201;3475.00;201;0;939.15;0.87;0.00;3375.82;DEFAULT_VEHTYPE;;14;3248.00
3695.00;488424638#2_0;101.78;12.67;932.00;0.00;-488439384_0;5.10;0.00;tripinfo_932;2763.00;932;0;1421.29;0.92;0.00;2381.05;DEFAULT_VEHTYPE;;10;2312.00
3700.00;488232985#1_0;0.20;11.40;636.00;0.00;488432660#3_0;5.10;0.00;tripinfo_636;3064.00;636;0;1087.76;1.02;0.00;2982.89;DEFAULT_VEHTYPE;;17;2832.00
3705.00;-1268087981#2_0;45.31;12.94;339.00;0.00;-488232999#1_0;5.10;0.00;tripinfo_339;3366.00;339;0;2100.43;1.17;0.00;3057.89;DEFAULT_VEHTYPE;;17;2938.00
3706.00;-488235612#4_0;179.89;6.33;860.00;0.00;374433100#8_0;1.75;0.00;tripinfo_860;2846.00;860;0;922.77;0.92;0.00;2770.45;DEFAULT_VEHTYPE;;11;2659.00
3711.00;758628413#1_0;256.62;15.15;761.00;0.00;-717045285#2_0;5.10;0.00;tripinfo_761;2950.00;761;0;1689.16;1.13;0.00;2849.31;DEFAULT_VEHTYPE;;34;2567.00
3713.00;488235612#11_0;30.97;13.74;353.00;0.00;488232988#6_0;5.10;0.00;tripinfo_353;3360.00;353;0;1926.15;1.03;0.00;3253.69;DEFAULT_VEHTYPE;;17;3096.00
3717.00;-1211507697_0;125.35;13.73;571.00;0.00;-1248753215_0;5.10;0.00;tripinfo_571;3146.00;571;0;1917.54;1.03;0.00;3025.76;DEFAULT_VEHTYPE;;22;2852.00
3720.00;488235612#4_0;178.64;13.75;182.00;0.00;-488432660#11_0;5.10;0.00;tripinfo_182;3538.00;182;0;1314.72;1.03;0.00;3445.47;DEFAULT_VEHTYPE;;19;3296.00
3723.00;-1211507697_0;125.35;11.56;516.00;0.00;-488232999#1_0;5.10;0.00;tripinfo_516;3207.00;516;0;2037.55;0.91;0.00;3075.68;DEFAULT_VEHTYPE;;24;2868.00
3724.00;1211507701#1_0;24.90;12.64;409.00;0.00;717045285#1_0;5.10;0.00;tripinfo_409;3315.00;409;0;1910.72;0.99;0.00;3049.56;DEFAULT_VEHTYPE;;17;2946.00
3724.00;1268087981#0_0;4.89;8.83;517.00;0.00;488426772#0_0;5.10;0.00;tripinfo_517;3207.00;517;0;1863.81;0.92;0.00;2893.20;DEFAULT_VEHTYPE;;13;2795.00
3729.00;1268087981#0_0;4.89;7.50;649.00;0.00;488232988#2_0;5.10;0.00;tripinfo_649;3080.00;649;0;1728.37;0.81;0.00;2958.35;DEFAULT_VEHTYPE;;21;2763.00
3729.00;-488232987#4_0;50.06;13.17;794.00;1.00;1268087984_0;5.10;0.00;tripinfo_793;2935.00;793;0;1366.13;0.97;0.00;2841.25;DEFAULT_VEHTYPE;;12;2688.00
3733.00;-488232987#0_0;196.45;14.55;501.00;1.00;-488235612#18_0;5.10;0.00;tripinfo_500;3232.00;500;0;1888.94;1.07;0.00;3123.11;DEFAULT_VEHTYPE;;14;3010.00
3741.00;-1268087984_0;31.71;11.42;433.00;0.00;-488232997#4_0;2.15;0.00;tripinfo_433;3308.00;433;0;1440.81;1.05;0.00;3091.65;DEFAULT_VEHTYPE;;14;3012.00
3741.00;-488238458#0_0;32.32;12.37;561.00;0.00;-488432664#1_0;0.20;0.00;tripinfo_561;3180.00;561;0;1551.33;0.95;0.00;3057.91;DEFAULT_VEHTYPE;;15;2944.00
3747.00;-1132773661_0;0.58;5.63;593.00;0.00;-390960646_0;5.10;0.00;tripinfo_593;3154.00;593;0;3352.77;1.06;0.00;2945.88;DEFAULT_VEHTYPE;;17;2771.00
3770.00;488232986#1_0;293.64;12.85;639.00;0.00;488235612#18_0;5.10;0.00;tripinfo_639;3131.00;639;0;2270.85;0.98;0.00;2995.65;DEFAULT_VEHTYPE;;13;2866.00
3785.00;488235612#18_0;23.60;8.48;691.00;0.00;-488232986#1_0;5.10;0.00;tripinfo_691;3094.00;691;0;2116.79;1.10;0.00;2978.11;DEFAULT_VEHTYPE;;24;2740.00
3786.00;488233001#3_0;43.56;13.81;718.00;0.00;-863350437#0_0;5.10;0.00;tripinfo_718;3068.00;718;0;1431.52;1.14;0.00;2983.91;DEFAULT_VEHTYPE;;14;2848.00
3792.00;-1268087981#1_0;130.16;13.98;780.00;0.00;488439371#2_0;5.10;0.00;tripinfo_780;3012.00;780;0;1545.94;1.07;0.00;2867.14;DEFAULT_VEHTYPE;;18;2715.00
3818.00;-1268087981#0_0;4.88;4.41;835.00;0.00;1330843193#0_0;5.10;0.00;tripinfo_835;2983.00;835;0;1902.65;0.76;0.00;2852.98;DEFAULT_VEHTYPE;;30;2575.00
3833.00;-488232989#3_0;52.29;13.79;857.00;203.00;-488429019#0_0;0.20;0.00;tripinfo_654;2976.00;654;0;2000.63;1.00;0.00;2852.98;DEFAULT_VEHTYPE;;16;2677.00
3882.00;488439367#1_0;0.61;12.62;746.00;0.00;-488452627#2_0;0.20;0.00;tripinfo_746;3136.00;746;0;1285.28;0.95;0.00;3065.17;DEFAULT_VEHTYPE;;20;2851.00
3894.00;1195565779#2_0;102.87;11.96;436.00;0.00;-488232987#0_0;5.10;0.00;tripinfo_436;3458.00;436;0;2340.27;0.88;0.00;3129.67;DEFAULT_VEHTYPE;;15;2985.00
3904.00;-488235612#16_0;25.18;13.56;313.00;12.00;488440849#1_0;5.10;0.00;tripinfo_ai_veh_300_4;3591.00;ai_veh_300_4;0;1921.28;1.03;0.00;3481.07;DEFAULT_VEHTYPE;;19;3329.00
3904.00;374433101#3_0;48.58;20.30;914.00;0.00;-1106761240#2_0;5.10;0.00;tripinfo_914;2990.00;914;0;2108.62;0.92;0.00;2870.54;DEFAULT_VEHTYPE;;15;2721.00
3921.00;-1195566240_0;29.04;12.77;863.00;0.00;488232987#3_0;5.10;0.00;tripinfo_863;3058.00;863;0;1295.47;0.99;0.00;2986.30;DEFAULT_VEHTYPE;;23;2740.00
3922.00;-488453906#8_0;30.70;12.17;980.00;0.00;-488432655#3_0;5.10;0.00;tripinfo_980;2942.00;980;0;1125.95;0.92;0.00;2851.62;DEFAULT_VEHTYPE;;16;2744.00
3929.00;-488232992#1_0;38.62;12.83;928.00;0.00;-488235612#13_0;5.10;0.00;tripinfo_928;3001.00;928;0;1917.01;0.95;0.00;2877.77;DEFAULT_VEHTYPE;;17;2692.00
3941.00;193847185#0_0;1685.52;26.34;699.00;169.00;379359178#0_0;5.10;0.00;tripinfo_530;3242.00;530;0;4930.81;1.21;0.00;3024.46;DEFAULT_VEHTYPE;;17;2833.00
3971.00;1195562864#0_0;29.38;13.28;957.00;0.00;1211506466#1_0;0.20;0.00;tripinfo_957;3014.00;957;0;926.90;1.03;0.00;2948.88;DEFAULT_VEHTYPE;;14;2852.00
3988.00;-489221518#2_0;33.34;13.20;839.00;0.00;501076684_0;5.10;0.00;tripinfo_839;3149.00;839;0;2397.83;1.15;0.00;2517.99;DEFAULT_VEHTYPE;;11;2398.00
3998.00;488451889#0_0;80.13;13.71;831.00;0.00;-489222062#0_0;5.10;0.00;tripinfo_831;3167.00;831;0;1223.16;1.00;0.00;3079.46;DEFAULT_VEHTYPE;;18;2970.00
4080.00;488235612#8_0;47.35;13.06;770.00;0.00;488444640#0_0;5.10;0.00;tripinfo_770;3310.00;770;0;2049.80;0.94;0.00;3185.12;DEFAULT_VEHTYPE;;26;2950.00
4080.00;-1195567119_0;75.09;13.58;965.00;0.00;489205461#3_0;5.10;0.00;tripinfo_965;3115.00;965;0;1957.79;1.05;0.00;3000.34;DEFAULT_VEHTYPE;;24;2705.00
4128.00;1103437305#2_0;124.36;11.91;425.00;0.00;488429009#1_0;5.10;0.00;tripinfo_425;3703.00;425;0;848.74;0.88;0.00;3644.48;DEFAULT_VEHTYPE;;21;3456.00
4148.00;488235612#17_0;22.49;13.35;881.00;0.00;-488426772#1_0;5.10;0.00;tripinfo_881;3267.00;881;0;2175.47;0.96;0.00;3121.63;DEFAULT_VEHTYPE;;30;2910.00
4157.00;-488453906#0_0;0.20;3.49;840.00;0.00;488432661_0;5.10;0.00;tripinfo_840;3317.00;840;0;905.12;1.00;0.00;3248.05;DEFAULT_VEHTYPE;;19;3128.00
4183.00;488424638#0_0;82.00;11.22;569.00;0.00;-488453906#4_0;5.10;0.00;tripinfo_569;3614.00;569;0;1445.92;0.86;0.00;3521.87;DEFAULT_VEHTYPE;;14;3425.00
4212.00;-488235612#14_0;98.74;13.56;788.00;0.00;-488232988#4_0;5.10;0.00;tripinfo_788;3424.00;788;0;2589.67;0.98;0.00;3260.30;DEFAULT_VEHTYPE;;32;2932.00
4213.00;1211506458#0_0;8.99;8.05;3187.00;2358.00;488232983#3_0;5.10;0.00;tripinfo_829;1026.00;829;0;1606.52;0.99;0.00;922.63;DEFAULT_VEHTYPE;;16;763.00
4241.00;488235612#15_0;44.95;10.28;948.00;0.00;-717045286#0_0;5.10;0.00;tripinfo_948;3293.00;948;0;2198.43;0.79;0.00;3131.19;DEFAULT_VEHTYPE;;31;2789.00
4242.00;488451889#2_0;31.69;11.25;657.00;0.00;488440840#2_0;5.10;0.00;tripinfo_657;3585.00;657;0;1049.44;1.03;0.00;3528.62;DEFAULT_VEHTYPE;;22;3295.00
4246.00;488429019#2_0;100.05;13.59;462.00;0.00;-488439372_0;5.10;0.00;tripinfo_462;3784.00;462;0;1801.98;1.01;0.00;3667.53;DEFAULT_VEHTYPE;;22;3514.00
4276.00;-1195562864#1_0;0.29;6.12;683.00;0.00;-488451886#3_0;5.10;0.00;tripinfo_683;3593.00;683;0;1224.34;0.97;0.00;3509.28;DEFAULT_VEHTYPE;;19;3382.00
4327.00;1106761240#2_0;40.80;12.39;631.00;0.00;-488432655#3_0;5.10;0.00;tripinfo_631;3696.00;631;0;1900.15;1.05;0.00;3569.60;DEFAULT_VEHTYPE;;19;3440.00
4512.00;-489222065_0;3.88;6.33;525.00;0.00;1122578272_0;5.10;0.00;tripinfo_525;3987.00;525;0;2166.54;1.02;0.00;3883.67;DEFAULT_VEHTYPE;;19;3704.00
4518.00;-488451889#1_0;120.34;11.26;254.00;0.00;-488429009#1_0;5.10;0.00;tripinfo_254;4264.00;254;0;1405.29;0.88;0.00;3880.87;DEFAULT_VEHTYPE;;29;3623.00
4519.00;-488453907#2_0;0.20;3.43;642.00;0.00;-488232986#4_0;5.10;0.00;tripinfo_642;3877.00;642;0;1738.23;1.10;0.00;3709.28;DEFAULT_VEHTYPE;;20;3516.00
4528.00;-489205477_0;125.78;14.52;969.00;0.00;757103003#4_0;0.20;0.00;tripinfo_969;3559.00;969;0;805.38;1.09;0.00;3505.27;DEFAULT_VEHTYPE;;15;3417.00
4551.00;488432659#1_0;40.82;13.75;1025.00;369.00;-374433106#1_0;0.20;0.00;tripinfo_656;3526.00;656;0;1267.45;1.10;0.00;3453.00;DEFAULT_VEHTYPE;;19;3317.00
4598.00;-1195571202#0_0;64.92;16.27;494.00;0.00;489205476#5_0;5.10;0.00;tripinfo_494;4104.00;494;0;2643.67;1.18;0.00;3983.96;DEFAULT_VEHTYPE;;17;3810.00
4606.00;488444641#0_0;43.31;13.80;4138.00;3461.00;-374433106#2_0;5.10;0.00;tripinfo_677;468.00;677;0;621.98;1.02;0.00;437.05;DEFAULT_VEHTYPE;;3;408.00
4610.00;489222059#0_0;76.66;13.39;113.00;0.00;-488232989#2_0;5.10;0.00;tripinfo_113;4497.00;113;0;2873.22;1.01;0.00;3989.92;DEFAULT_VEHTYPE;;23;3809.00
4621.00;488232987#5_0;0.20;11.20;540.00;0.00;-489221518#1_0;5.10;0.00;tripinfo_540;4081.00;540;0;1820.44;1.17;0.00;3922.52;DEFAULT_VEHTYPE;;19;3796.00
4623.00;-1106761240#0_0;94.59;14.68;692.00;0.00;-717045286#2_0;5.10;0.00;tripinfo_692;3931.00;692;0;1452.26;1.09;0.00;3855.57;DEFAULT_VEHTYPE;;32;3540.00
4645.00;488439376#0_0;109.28;11.54;604.00;0.00;488235612#5_0;5.10;0.00;tripinfo_604;4041.00;604;0;1892.45;0.90;0.00;3906.01;DEFAULT_VEHTYPE;;20;3729.00
4694.00;-489218279#1_0;44.08;12.47;444.00;0.00;-488238448#1_0;5.10;0.00;tripinfo_444;4250.00;444;0;2381.86;0.96;0.00;3646.27;DEFAULT_VEHTYPE;;18;3507.00
4694.00;-488232999#1_0;146.95;14.58;541.00;0.00;-488453906#9_0;5.10;0.00;tripinfo_541;4153.00;541;0;2274.44;1.12;0.00;4035.43;DEFAULT_VEHTYPE;;19;3875.00
4719.00;-488229186#1_0;398.58;14.96;493.00;1.00;-489218279#1_0;5.10;0.00;tripinfo_492;4226.00;492;0;3480.22;1.16;0.00;4059.32;DEFAULT_VEHTYPE;;18;3889.00
4776.00;-488432660#7_0;22.41;10.17;479.00;0.00;-374433111#2_0;0.20;0.00;tripinfo_479;4297.00;479;0;1995.95;0.94;0.00;4184.42;DEFAULT_VEHTYPE;;22;4012.00
4836.00;-757103003#0_0;268.10;12.38;983.00;0.00;488439367#0_0;5.10;0.00;tripinfo_983;3853.00;983;0;1328.84;0.90;0.00;3759.42;DEFAULT_VEHTYPE;;22;3594.00
4873.00;-488432653_0;37.85;12.03;652.00;0.00;-488235611_0;5.10;0.00;tripinfo_652;4221.00;652;0;5373.31;0.97;0.00;3990.51;DEFAULT_VEHTYPE;;23;3756.00
4884.00;488453908#3_0;54.99;17.00;483.00;0.00;488439372_0;5.10;0.00;tripinfo_483;4401.00;483;0;1918.59;0.99;0.00;4281.11;DEFAULT_VEHTYPE;;25;4095.00
4891.00;488429008#0_0;84.20;12.16;975.00;0.00;1245516596#0_0;5.10;0.00;tripinfo_975;3916.00;975;0;908.28;0.96;0.00;3861.51;DEFAULT_VEHTYPE;;16;3692.00
5087.00;488432655#0_0;20.31;11.32;506.00;0.00;-1226433842#0_0;5.10;0.00;tripinfo_506;4581.00;506;0;2051.43;1.01;0.00;4472.31;DEFAULT_VEHTYPE;;22;4275.00
5138.00;-757103003#2_0;58.20;14.47;192.00;0.00;-488232982#2_0;2.76;0.00;tripinfo_192;4946.00;192;0;1717.70;1.10;0.00;4872.58;DEFAULT_VEHTYPE;;26;4553.00
5146.00;193847185#3_0;2.99;24.62;383.00;0.00;-488232989#3_0;5.10;0.00;tripinfo_383;4763.00;383;0;2854.81;1.14;0.00;4404.49;DEFAULT_VEHTYPE;;24;4154.00
5149.00;374433100#2_2;96.55;27.25;878.00;0.00;-488432655#2_0;5.10;0.00;tripinfo_878;4271.00;878;0;2366.15;1.00;0.00;4127.63;DEFAULT_VEHTYPE;;18;4021.00
5169.00;-488232986#4_0;75.16;12.86;308.00;0.00;-488432659#1_0;5.10;0.00;tripinfo_308;4861.00;308;0;1655.59;0.99;0.00;4763.19;DEFAULT_VEHTYPE;;20;4653.00
5183.00;489221514#2_0;47.41;12.68;747.00;0.00;488232987#2_0;0.20;0.00;tripinfo_747;4436.00;747;0;2070.57;0.98;0.00;4327.03;DEFAULT_VEHTYPE;;24;4098.00
5230.00;488451880#7_0;0.41;6.30;812.00;0.00;488238449#1_0;5.10;0.00;tripinfo_812;4418.00;812;0;977.49;1.12;0.00;4372.40;DEFAULT_VEHTYPE;;29;4121.00
5245.00;489218279#2_0;149.69;10.06;998.00;0.00;-1211507695_0;5.10;0.00;tripinfo_998;4247.00;998;0;1592.90;0.73;0.00;4089.19;DEFAULT_VEHTYPE;;20;3965.00
5276.00;-488451881#0_0;108.50;14.05;303.00;0.00;488232989#1_0;5.10;0.00;tripinfo_303;4973.00;303;0;1494.80;1.04;0.00;4882.72;DEFAULT_VEHTYPE;;38;4611.00
5319.00;-488432651#2_0;75.09;13.88;552.00;0.00;374433100#1_0;5.10;0.00;tripinfo_552;4767.00;552;0;1806.72;1.02;0.00;4676.52;DEFAULT_VEHTYPE;;20;4488.00
5333.00;1211507695_0;41.26;13.05;526.00;0.00;488232988#3_0;5.10;0.00;tripinfo_526;4807.00;526;0;2258.25;0.99;0.00;4546.76;DEFAULT_VEHTYPE;;23;4324.00
5365.00;-757103003#0_0;268.10;14.74;490.00;0.00;489205474#1_0;5.10;0.00;tripinfo_490;4875.00;490;0;934.05;1.08;0.00;4811.19;DEFAULT_VEHTYPE;;22;4665.00
5427.00;-488453906#6_0;43.11;13.16;768.00;56.00;488432660#2_0;0.20;0.00;tripinfo_712;4659.00;712;0;1238.58;1.01;0.00;4566.38;DEFAULT_VEHTYPE;;23;4437.00
5502.00;-1211506464#1_0;37.57;13.99;521.00;0.00;489205474#1_0;5.10;0.00;tripinfo_521;4981.00;521;0;1588.76;1.11;0.00;4888.63;DEFAULT_VEHTYPE;;24;4697.00
5528.00;488439371#2_0;47.31;12.81;716.00;0.00;1268087981#2_0;5.10;0.00;tripinfo_716;4812.00;716;0;1794.66;0.99;0.00;4691.22;DEFAULT_VEHTYPE;;21;4488.00
5669.00;374433106#0_0;0.20;0.00;854.00;0.00;717045285#0_0;5.10;0.00;tripinfo_854;4815.00;854;0;1012.02;0.99;0.00;4563.62;DEFAULT_VEHTYPE;teleport;38;4248.00
5693.00;374433102#4_0;123.45;7.77;961.00;0.00;488429009#0_0;5.10;0.00;tripinfo_961;4732.00;961;0;1557.97;1.07;0.00;4273.70;DEFAULT_VEHTYPE;;20;4069.00
5724.00;193847184#3_0;0.20;21.07;978.00;0.00;488232986#1_0;5.10;0.00;tripinfo_978;4746.00;978;0;2221.27;1.00;0.00;4495.74;DEFAULT_VEHTYPE;;21;4270.00
5737.00;488235612#15_0;44.95;13.66;937.00;0.00;488451891#0_0;5.10;0.00;tripinfo_937;4800.00;937;0;1312.61;1.00;0.00;4706.82;DEFAULT_VEHTYPE;;23;4512.00
5773.00;-1247577051_0;112.97;15.80;233.00;0.00;488232998#1_0;5.10;0.00;tripinfo_233;5540.00;233;0;2204.83;1.15;0.00;5343.58;DEFAULT_VEHTYPE;;26;5133.00
5774.00;488453907#4_0;42.12;15.69;141.00;0.00;1132773662_0;0.14;0.00;tripinfo_141;5633.00;141;0;2093.49;1.16;0.00;5534.52;DEFAULT_VEHTYPE;;30;5211.00
5837.00;-1132773660#1_0;30.45;5.85;589.00;0.00;-1211506458#1_0;5.10;0.00;tripinfo_589;5248.00;589;0;1621.95;0.93;0.00;5084.15;DEFAULT_VEHTYPE;;25;4949.00
5868.00;-488451889#3_0;0.20;15.37;952.00;0.00;-488232988#1_0;5.10;0.00;tripinfo_952;4916.00;952;0;1220.87;1.14;0.00;4500.65;DEFAULT_VEHTYPE;;29;4155.00
5898.00;-1268087981#0_0;4.88;5.02;527.00;0.00;488453906#6_0;5.10;0.00;tripinfo_527;5371.00;527;0;1698.83;1.01;0.00;5137.09;DEFAULT_VEHTYPE;;24;4977.00
5953.00;-488432651#0_0;72.73;14.01;337.00;0.00;-488426772#1_0;5.10;0.00;tripinfo_337;5616.00;337;0;1845.62;1.02;0.00;5373.28;DEFAULT_VEHTYPE;;31;5115.00
5978.00;374433101#9_0;30.45;22.24;591.00;0.00;193847185#9_0;5.10;0.00;tripinfo_591;5387.00;591;0;2114.31;1.06;0.00;5279.91;DEFAULT_VEHTYPE;;19;5119.00
5979.00;488453904#2_0;20.14;12.22;769.00;0.00;1267075002_0;5.10;0.00;tripinfo_769;5210.00;769;0;1494.26;0.96;0.00;5118.02;DEFAULT_VEHTYPE;;23;4845.00
5991.00;1211507701#1_0;24.90;12.06;911.00;0.00;-489205467_0;5.10;0.00;tripinfo_911;5080.00;911;0;1364.88;0.93;0.00;4973.59;DEFAULT_VEHTYPE;;24;4778.00
6042.00;374433101#4_0;84.76;17.96;351.00;0.00;488429011_0;5.10;0.00;tripinfo_351;5691.00;351;0;2514.73;0.82;0.00;5331.18;DEFAULT_VEHTYPE;;28;5033.00
6043.00;1195562864#1_0;0.29;12.40;523.00;0.00;1211507700_0;5.10;0.00;tripinfo_523;5520.00;523;0;1181.29;0.98;0.00;5430.05;DEFAULT_VEHTYPE;;23;5280.00
6048.00;-489205476#3_0;40.89;15.77;885.00;0.00;488232986#4_0;5.10;0.00;tripinfo_885;5163.00;885;0;1836.69;1.14;0.00;4709.89;DEFAULT_VEHTYPE;;21;4536.00
6051.00;488453906#8_0;30.79;14.58;509.00;0.00;-488232987#5_0;0.20;0.00;tripinfo_509;5542.00;509;0;1824.48;1.12;0.00;5109.73;DEFAULT_VEHTYPE;;24;4960.00
6060.00;-488455851#0_0;37.71;13.25;1727.00;853.00;-488451885#4_0;5.10;0.00;tripinfo_874;4333.00;874;0;1335.39;1.07;0.00;4254.09;DEFAULT_VEHTYPE;;19;4077.00
6076.00;757103003#1_0;0.20;12.46;226.00;7.00;488232985#3_0;0.20;0.00;tripinfo_219;5850.00;219;0;1690.95;0.91;0.00;5762.61;DEFAULT_VEHTYPE;;26;5499.00
6095.00;-488232985#1_0;0.20;3.36;864.00;0.00;489205476#1_0;5.10;0.00;tripinfo_864;5231.00;864;0;1995.34;1.17;0.00;5132.53;DEFAULT_VEHTYPE;;28;4879.00
6124.00;488439367#1_0;0.61;8.03;734.00;0.00;1211507697_0;5.10;0.00;tripinfo_734;5390.00;734;0;1537.44;1.01;0.00;5292.53;DEFAULT_VEHTYPE;;23;5071.00
6127.00;488232998#2_0;39.36;11.33;740.00;0.00;-489221518#1_0;5.10;0.00;tripinfo_740;5387.00;740;0;1975.09;0.99;0.00;5164.27;DEFAULT_VEHTYPE;;24;5029.00
6130.00;489205470#0_0;35.36;13.94;723.00;0.00;-1211506458#0_0;5.10;0.00;tripinfo_723;5407.00;723;0;1523.88;1.07;0.00;5272.52;DEFAULT_VEHTYPE;;23;5122.00
6136.00;489222064_0;92.33;9.64;785.00;0.00;-488235612#1_0;0.20;0.00;tripinfo_785;5351.00;785;0;2378.10;0.75;0.00;5197.14;DEFAULT_VEHTYPE;;23;4927.00
6139.00;489222063_0;83.71;10.05;284.00;0.00;488238449#0_0;5.10;0.00;tripinfo_284;5855.00;284;0;2526.12;0.76;0.00;5687.70;DEFAULT_VEHTYPE;;27;5393.00
6155.00;-1245516596#0_0;20.88;9.49;934.00;0.00;488232989#2_0;5.10;0.00;tripinfo_934;5221.00;934;0;1260.71;1.02;0.00;5137.54;DEFAULT_VEHTYPE;;25;4949.00
6159.00;488432657_0;60.82;11.76;535.00;0.00;488232982#4_0;5.10;0.00;tripinfo_535;5624.00;535;0;2216.94;0.86;0.00;5324.96;DEFAULT_VEHTYPE;;25;5064.00
6253.00;488432650#1_0;39.71;15.71;299.00;0.00;1132773662_0;0.14;0.00;tripinfo_299;5954.00;299;0;1515.00;1.16;0.00;5794.53;DEFAULT_VEHTYPE;;31;5511.00
