<?xml version="1.0" encoding="UTF-8"?>
<osm version="0.6" generator="openstreetmap-cgimap 2.1.0 (2528126 spike-08.openstreetmap.org)" copyright="OpenStreetMap and contributors" attribution="http://www.openstreetmap.org/copyright" license="http://opendatacommons.org/licenses/odbl/1-0/">
 <bounds minlat="26.7978100" minlon="75.8524000" maxlat="26.8081000" maxlon="75.8719700"/>
 <node id="317403542" visible="true" version="3" changeset="75807654" timestamp="2019-10-17T03:02:07Z" user="Sebin Johny" uid="8782072" lat="26.7871401" lon="75.8622670"/>
 <node id="317403545" visible="true" version="6" changeset="93344085" timestamp="2020-10-31T16:29:29Z" user="variable90" uid="9379644" lat="26.8029081" lon="75.8572570"/>
 <node id="317403550" visible="true" version="5" changeset="93344085" timestamp="2020-10-31T16:29:29Z" user="variable90" uid="9379644" lat="26.8103728" lon="75.8537195"/>
 <node id="317403553" visible="true" version="4" changeset="93344085" timestamp="2020-10-31T16:29:29Z" user="variable90" uid="9379644" lat="26.8261806" lon="75.8462173"/>
 <node id="317403554" visible="true" version="4" changeset="93344085" timestamp="2020-10-31T16:29:29Z" user="variable90" uid="9379644" lat="26.8277545" lon="75.8452906"/>
 <node id="1443443363" visible="true" version="2" changeset="26648033" timestamp="2014-11-08T18:13:12Z" user="Oberaffe" uid="56597" lat="26.7693215" lon="75.8429772">
  <tag k="power" v="tower"/>
 </node>
 <node id="1443443420" visible="true" version="2" changeset="26648033" timestamp="2014-11-08T18:13:12Z" user="Oberaffe" uid="56597" lat="26.7705956" lon="75.8448610">
  <tag k="power" v="tower"/>
 </node>
 <node id="1443443511" visible="true" version="3" changeset="26648033" timestamp="2014-11-08T18:13:12Z" user="Oberaffe" uid="56597" lat="26.7723065" lon="75.8472960">
  <tag k="power" v="tower"/>
 </node>
 <node id="1443443588" visible="true" version="3" changeset="26648033" timestamp="2014-11-08T18:13:12Z" user="Oberaffe" uid="56597" lat="26.7738438" lon="75.8495346">
  <tag k="power" v="tower"/>
 </node>
 <node id="2043554014" visible="true" version="1" changeset="14109529" timestamp="2012-12-01T10:32:50Z" user="Oberaffe" uid="56597" lat="26.7631285" lon="75.8680252">
  <tag k="power" v="tower"/>
 </node>
 <node id="2043554015" visible="true" version="1" changeset="14109529" timestamp="2012-12-01T10:32:50Z" user="Oberaffe" uid="56597" lat="26.7634232" lon="75.8679829">
  <tag k="power" v="tower"/>
 </node>
 <node id="2043554018" visible="true" version="1" changeset="14109529" timestamp="2012-12-01T10:32:50Z" user="Oberaffe" uid="56597" lat="26.7651682" lon="75.8676640">
  <tag k="power" v="tower"/>
 </node>
 <node id="2043554020" visible="true" version="1" changeset="14109529" timestamp="2012-12-01T10:32:51Z" user="Oberaffe" uid="56597" lat="26.7669525" lon="75.8673506">
  <tag k="power" v="tower"/>
 </node>
 <node id="2043554022" visible="true" version="1" changeset="14109529" timestamp="2012-12-01T10:32:51Z" user="Oberaffe" uid="56597" lat="26.7688571" lon="75.8669960">
  <tag k="power" v="tower"/>
 </node>
 <node id="2043554025" visible="true" version="1" changeset="14109529" timestamp="2012-12-01T10:32:51Z" user="Oberaffe" uid="56597" lat="26.7697774" lon="75.8668476">
  <tag k="power" v="tower"/>
 </node>
 <node id="2043554026" visible="true" version="1" changeset="14109529" timestamp="2012-12-01T10:32:51Z" user="Oberaffe" uid="56597" lat="26.7712033" lon="75.8666167">
  <tag k="power" v="tower"/>
 </node>
 <node id="2043554029" visible="true" version="1" changeset="14109529" timestamp="2012-12-01T10:32:51Z" user="Oberaffe" uid="56597" lat="26.7726832" lon="75.8663088">
  <tag k="power" v="tower"/>
 </node>
 <node id="2043554030" visible="true" version="1" changeset="14109529" timestamp="2012-12-01T10:32:51Z" user="Oberaffe" uid="56597" lat="26.7738293" lon="75.8661219">
  <tag k="power" v="tower"/>
 </node>
 <node id="2043554032" visible="true" version="2" changeset="26648033" timestamp="2014-11-08T18:13:16Z" user="Oberaffe" uid="56597" lat="26.7751527" lon="75.8514685">
  <tag k="power" v="tower"/>
 </node>
 <node id="2043554034" visible="true" version="1" changeset="14109529" timestamp="2012-12-01T10:32:51Z" user="Oberaffe" uid="56597" lat="26.7754417" lon="75.8657508">
  <tag k="power" v="tower"/>
 </node>
 <node id="2043554035" visible="true" version="2" changeset="26648033" timestamp="2014-11-08T18:13:16Z" user="Oberaffe" uid="56597" lat="26.7761089" lon="75.8528583">
  <tag k="power" v="tower"/>
 </node>
 <node id="2043554036" visible="true" version="1" changeset="14109529" timestamp="2012-12-01T10:32:51Z" user="Oberaffe" uid="56597" lat="26.7768945" lon="75.8653192">
  <tag k="power" v="tower"/>
 </node>
 <node id="2043554038" visible="true" version="2" changeset="26648033" timestamp="2014-11-08T18:13:16Z" user="Oberaffe" uid="56597" lat="26.7778095" lon="75.8553132">
  <tag k="power" v="tower"/>
 </node>
 <node id="2043554039" visible="true" version="1" changeset="14109529" timestamp="2012-12-01T10:32:51Z" user="Oberaffe" uid="56597" lat="26.7788504" lon="75.8651240">
  <tag k="power" v="tower"/>
 </node>
 <node id="2043554041" visible="true" version="2" changeset="26648033" timestamp="2014-11-08T18:13:16Z" user="Oberaffe" uid="56597" lat="26.7794424" lon="75.8576943">
  <tag k="power" v="tower"/>
 </node>
 <node id="2043554043" visible="true" version="2" changeset="26648033" timestamp="2014-11-08T18:13:16Z" user="Oberaffe" uid="56597" lat="26.7810042" lon="75.8599938">
  <tag k="power" v="tower"/>
 </node>
 <node id="2043554076" visible="true" version="1" changeset="14109529" timestamp="2012-12-01T10:33:02Z" user="Oberaffe" uid="56597" lat="26.7815376" lon="75.8642306">
  <tag k="power" v="tower"/>
 </node>
 <node id="2043554078" visible="true" version="2" changeset="26648033" timestamp="2014-11-08T18:13:16Z" user="Oberaffe" uid="56597" lat="26.7830926" lon="75.8630254">
  <tag k="power" v="tower"/>
 </node>
 <node id="2043554079" visible="true" version="1" changeset="14109529" timestamp="2012-12-01T10:33:02Z" user="Oberaffe" uid="56597" lat="26.7834370" lon="75.8637029">
  <tag k="power" v="tower"/>
 </node>
 <node id="2043554080" visible="true" version="3" changeset="73536881" timestamp="2019-08-20T12:18:45Z" user="Sai Suman Kalyanam" uid="9086366" lat="26.7838447" lon="75.8633878"/>
 <node id="2043554081" visible="true" version="2" changeset="73536881" timestamp="2019-08-20T12:18:45Z" user="Sai Suman Kalyanam" uid="9086366" lat="26.7839539" lon="75.8635844"/>
 <node id="2043554082" visible="true" version="3" changeset="73536881" timestamp="2019-08-20T12:18:45Z" user="Sai Suman Kalyanam" uid="9086366" lat="26.7840938" lon="75.8634730"/>
 <node id="2043554083" visible="true" version="1" changeset="14109529" timestamp="2012-12-01T10:33:02Z" user="Oberaffe" uid="56597" lat="26.7844897" lon="75.8639035">
  <tag k="power" v="tower"/>
 </node>
 <node id="2043554085" visible="true" version="2" changeset="68073739" timestamp="2019-03-12T18:45:48Z" user="Heinz_V" uid="91490" lat="26.7851802" lon="75.8640183"/>
 <node id="2043554086" visible="true" version="2" changeset="26648033" timestamp="2014-11-08T18:13:16Z" user="Oberaffe" uid="56597" lat="26.7858643" lon="75.8643717">
  <tag k="power" v="tower"/>
 </node>
 <node id="2043554088" visible="true" version="1" changeset="14109529" timestamp="2012-12-01T10:33:02Z" user="Oberaffe" uid="56597" lat="26.7866893" lon="75.8648739"/>
 <node id="2043554089" visible="true" version="1" changeset="14109529" timestamp="2012-12-01T10:33:02Z" user="Oberaffe" uid="56597" lat="26.7869142" lon="75.8650608">
  <tag k="power" v="tower"/>
 </node>
 <node id="2043554091" visible="true" version="2" changeset="26648033" timestamp="2014-11-08T18:13:16Z" user="Oberaffe" uid="56597" lat="26.7886336" lon="75.8656993">
  <tag k="power" v="tower"/>
 </node>
 <node id="2043554092" visible="true" version="2" changeset="68073739" timestamp="2019-03-12T18:45:48Z" user="Heinz_V" uid="91490" lat="26.7892665" lon="75.8659835"/>
 <node id="2043554093" visible="true" version="1" changeset="14109529" timestamp="2012-12-01T10:33:02Z" user="Oberaffe" uid="56597" lat="26.7894687" lon="75.8662923">
  <tag k="power" v="tower"/>
 </node>
 <node id="2043554095" visible="true" version="2" changeset="26648033" timestamp="2014-11-08T18:13:16Z" user="Oberaffe" uid="56597" lat="26.7911686" lon="75.8669258">
  <tag k="power" v="tower"/>
 </node>
 <node id="2043554098" visible="true" version="1" changeset="14109529" timestamp="2012-12-01T10:33:02Z" user="Oberaffe" uid="56597" lat="26.7919249" lon="75.8674771">
  <tag k="power" v="tower"/>
 </node>
 <node id="2043554099" visible="true" version="2" changeset="68073739" timestamp="2019-03-12T18:45:48Z" user="Heinz_V" uid="91490" lat="26.7922734" lon="75.8674335"/>
 <node id="2043554103" visible="true" version="2" changeset="26648033" timestamp="2014-11-08T18:13:16Z" user="Oberaffe" uid="56597" lat="26.7938979" lon="75.8682475">
  <tag k="power" v="tower"/>
 </node>
 <node id="2043554105" visible="true" version="1" changeset="14109529" timestamp="2012-12-01T10:33:03Z" user="Oberaffe" uid="56597" lat="26.7947337" lon="75.8687658"/>
 <node id="2043554106" visible="true" version="2" changeset="68073739" timestamp="2019-03-12T18:45:49Z" user="Heinz_V" uid="91490" lat="26.7948048" lon="75.8686581"/>
 <node id="2043554108" visible="true" version="1" changeset="14109529" timestamp="2012-12-01T10:33:03Z" user="Oberaffe" uid="56597" lat="26.7957920" lon="75.8693490">
  <tag k="power" v="tower"/>
 </node>
 <node id="2043554109" visible="true" version="2" changeset="26648033" timestamp="2014-11-08T18:13:16Z" user="Oberaffe" uid="56597" lat="26.7963165" lon="75.8694099">
  <tag k="power" v="tower"/>
 </node>
 <node id="2043554113" visible="true" version="2" changeset="68073739" timestamp="2019-03-12T18:45:50Z" user="Heinz_V" uid="91490" lat="26.7974178" lon="75.8699118"/>
 <node id="2043554115" visible="true" version="1" changeset="14109529" timestamp="2012-12-01T10:33:03Z" user="Oberaffe" uid="56597" lat="26.7981328" lon="75.8704843">
  <tag k="power" v="tower"/>
 </node>
 <node id="2043554118" visible="true" version="2" changeset="26648033" timestamp="2014-11-08T18:13:16Z" user="Oberaffe" uid="56597" lat="26.7989381" lon="75.8706811">
  <tag k="power" v="tower"/>
 </node>
 <node id="2043554120" visible="true" version="1" changeset="14109529" timestamp="2012-12-01T10:33:03Z" user="Oberaffe" uid="56597" lat="26.7992386" lon="75.8709539"/>
 <node id="2043554121" visible="true" version="1" changeset="14109529" timestamp="2012-12-01T10:33:03Z" user="Oberaffe" uid="56597" lat="26.7994143" lon="75.8711020">
  <tag k="power" v="tower"/>
 </node>
 <node id="2043554123" visible="true" version="2" changeset="68073739" timestamp="2019-03-12T18:45:51Z" user="Heinz_V" uid="91490" lat="26.7996490" lon="75.8709886"/>
 <node id="2043554128" visible="true" version="3" changeset="93028653" timestamp="2020-10-25T20:37:56Z" user="variable90" uid="9379644" lat="26.8016406" lon="75.8719972">
  <tag k="power" v="tower"/>
 </node>
 <node id="2043554130" visible="true" version="1" changeset="14109529" timestamp="2012-12-01T10:33:03Z" user="Oberaffe" uid="56597" lat="26.8019051" lon="75.8723023">
  <tag k="power" v="tower"/>
 </node>
 <node id="2043554132" visible="true" version="2" changeset="68073739" timestamp="2019-03-12T18:45:51Z" user="Heinz_V" uid="91490" lat="26.8022774" lon="75.8722637"/>
 <node id="2043554134" visible="true" version="3" changeset="68073739" timestamp="2019-03-12T18:45:52Z" user="Heinz_V" uid="91490" lat="26.8034422" lon="75.8729004"/>
 <node id="2043554135" visible="true" version="2" changeset="48123686" timestamp="2017-04-25T12:49:58Z" user="Ranjana Devanand" uid="5252054" lat="26.8040013" lon="75.8732891"/>
 <node id="2043554136" visible="true" version="2" changeset="35192220" timestamp="2015-11-09T13:37:07Z" user="chandusekharreddy" uid="439726" lat="26.8043580" lon="75.8735008">
  <tag k="power" v="tower"/>
 </node>
 <node id="2043554137" visible="true" version="3" changeset="68073739" timestamp="2019-03-12T18:45:53Z" user="Heinz_V" uid="91490" lat="26.8042930" lon="75.8733103"/>
 <node id="2043554138" visible="true" version="2" changeset="48123686" timestamp="2017-04-25T12:49:58Z" user="Ranjana Devanand" uid="5252054" lat="26.8043132" lon="75.8734343"/>
 <node id="2043554139" visible="true" version="2" changeset="26648033" timestamp="2014-11-08T18:13:16Z" user="Oberaffe" uid="56597" lat="26.8043573" lon="75.8733088">
  <tag k="power" v="tower"/>
 </node>
 <node id="2043554141" visible="true" version="3" changeset="68073739" timestamp="2019-03-12T18:45:53Z" user="Heinz_V" uid="91490" lat="26.8045573" lon="75.8733587"/>
 <node id="2043554142" visible="true" version="2" changeset="48118990" timestamp="2017-04-25T10:23:09Z" user="Ranjana Devanand" uid="5252054" lat="26.8045602" lon="75.8734910"/>
 <node id="2043554146" visible="true" version="2" changeset="48118990" timestamp="2017-04-25T10:23:09Z" user="Ranjana Devanand" uid="5252054" lat="26.8055698" lon="75.8735543"/>
 <node id="2043554148" visible="true" version="1" changeset="14109529" timestamp="2012-12-01T10:33:04Z" user="Oberaffe" uid="56597" lat="26.8071843" lon="75.8736980">
  <tag k="power" v="tower"/>
 </node>
 <node id="2043554149" visible="true" version="3" changeset="35192220" timestamp="2015-11-09T13:37:07Z" user="chandusekharreddy" uid="439726" lat="26.8071967" lon="75.8735752">
  <tag k="power" v="tower"/>
 </node>
 <node id="2043554154" visible="true" version="2" changeset="26648033" timestamp="2014-11-08T18:13:16Z" user="Oberaffe" uid="56597" lat="26.8098394" lon="75.8737015">
  <tag k="power" v="tower"/>
 </node>
 <node id="2043554157" visible="true" version="2" changeset="48123686" timestamp="2017-04-25T12:49:58Z" user="Ranjana Devanand" uid="5252054" lat="26.8100369" lon="75.8738738"/>
 <node id="2043554158" visible="true" version="1" changeset="14109529" timestamp="2012-12-01T10:33:04Z" user="Oberaffe" uid="56597" lat="26.8101769" lon="75.8739137">
  <tag k="power" v="tower"/>
 </node>
 <node id="2043554162" visible="true" version="2" changeset="26648033" timestamp="2014-11-08T18:13:16Z" user="Oberaffe" uid="56597" lat="26.8126966" lon="75.8738978">
  <tag k="power" v="tower"/>
 </node>
 <node id="2043554164" visible="true" version="1" changeset="14109529" timestamp="2012-12-01T10:33:04Z" user="Oberaffe" uid="56597" lat="26.8129924" lon="75.8741159">
  <tag k="power" v="tower"/>
 </node>
 <node id="2043554166" visible="true" version="2" changeset="48118990" timestamp="2017-04-25T10:23:09Z" user="Ranjana Devanand" uid="5252054" lat="26.8138667" lon="75.8741268"/>
 <node id="2043554169" visible="true" version="2" changeset="26648033" timestamp="2014-11-08T18:13:16Z" user="Oberaffe" uid="56597" lat="26.8155919" lon="75.8741019">
  <tag k="power" v="tower"/>
 </node>
 <node id="2043554171" visible="true" version="1" changeset="14109529" timestamp="2012-12-01T10:33:05Z" user="Oberaffe" uid="56597" lat="26.8157038" lon="75.8742889">
  <tag k="power" v="tower"/>
 </node>
 <node id="2043554175" visible="true" version="2" changeset="48123686" timestamp="2017-04-25T12:49:57Z" user="Ranjana Devanand" uid="5252054" lat="26.8176957" lon="75.8743937"/>
 <node id="2043554177" visible="true" version="2" changeset="26648033" timestamp="2014-11-08T18:13:16Z" user="Oberaffe" uid="56597" lat="26.8182547" lon="75.8742924">
  <tag k="power" v="tower"/>
 </node>
 <node id="2043554178" visible="true" version="1" changeset="14109529" timestamp="2012-12-01T10:33:05Z" user="Oberaffe" uid="56597" lat="26.8185175" lon="75.8744949">
  <tag k="power" v="tower"/>
 </node>
 <node id="2043554183" visible="true" version="3" changeset="35277454" timestamp="2015-11-13T06:56:29Z" user="chandusekharreddy" uid="439726" lat="26.8212623" lon="75.8745644">
  <tag k="power" v="tower"/>
 </node>
 <node id="2043554184" visible="true" version="2" changeset="35277454" timestamp="2015-11-13T06:56:29Z" user="chandusekharreddy" uid="439726" lat="26.8212874" lon="75.8747138">
  <tag k="power" v="tower"/>
 </node>
 <node id="2043554190" visible="true" version="2" changeset="35277454" timestamp="2015-11-13T06:56:29Z" user="chandusekharreddy" uid="439726" lat="26.8241583" lon="75.8749332">
  <tag k="power" v="tower"/>
 </node>
 <node id="2043554191" visible="true" version="3" changeset="35277454" timestamp="2015-11-13T06:56:29Z" user="chandusekharreddy" uid="439726" lat="26.8242957" lon="75.8747740">
  <tag k="power" v="tower"/>
 </node>
 <node id="2043554199" visible="true" version="2" changeset="35277454" timestamp="2015-11-13T06:56:29Z" user="chandusekharreddy" uid="439726" lat="26.8270435" lon="75.8751398">
  <tag k="power" v="tower"/>
 </node>
 <node id="2043554200" visible="true" version="3" changeset="35277454" timestamp="2015-11-13T06:56:29Z" user="chandusekharreddy" uid="439726" lat="26.8270456" lon="75.8749834">
  <tag k="power" v="tower"/>
 </node>
 <node id="2043554204" visible="true" version="3" changeset="35277454" timestamp="2015-11-13T06:56:29Z" user="chandusekharreddy" uid="439726" lat="26.8295582" lon="75.8751630">
  <tag k="power" v="tower"/>
 </node>
 <node id="2043554205" visible="true" version="2" changeset="35277454" timestamp="2015-11-13T06:56:29Z" user="chandusekharreddy" uid="439726" lat="26.8296104" lon="75.8753078">
  <tag k="power" v="tower"/>
 </node>
 <node id="2043554209" visible="true" version="2" changeset="26648033" timestamp="2014-11-08T18:13:16Z" user="Oberaffe" uid="56597" lat="26.8322621" lon="75.8752861">
  <tag k="power" v="tower"/>
 </node>
 <node id="2043554210" visible="true" version="1" changeset="14109529" timestamp="2012-12-01T10:33:06Z" user="Oberaffe" uid="56597" lat="26.8323464" lon="75.8754684">
  <tag k="power" v="tower"/>
 </node>
 <node id="2043554214" visible="true" version="2" changeset="26648033" timestamp="2014-11-08T18:13:16Z" user="Oberaffe" uid="56597" lat="26.8347355" lon="75.8755261">
  <tag k="power" v="tower"/>
 </node>
 <node id="2043554215" visible="true" version="2" changeset="26648033" timestamp="2014-11-08T18:13:16Z" user="Oberaffe" uid="56597" lat="26.8350410" lon="75.8755004">
  <tag k="power" v="tower"/>
 </node>
 <node id="2043554216" visible="true" version="1" changeset="14109529" timestamp="2012-12-01T10:33:06Z" user="Oberaffe" uid="56597" lat="26.8350667" lon="75.8756632">
  <tag k="power" v="tower"/>
 </node>
 <node id="2043554219" visible="true" version="2" changeset="26648033" timestamp="2014-11-08T18:13:17Z" user="Oberaffe" uid="56597" lat="26.8362598" lon="75.8754022">
  <tag k="power" v="tower"/>
 </node>
 <node id="2043554220" visible="true" version="1" changeset="14109529" timestamp="2012-12-01T10:33:06Z" user="Oberaffe" uid="56597" lat="26.8362895" lon="75.8756748">
  <tag k="power" v="tower"/>
 </node>
 <node id="2043554221" visible="true" version="1" changeset="14109529" timestamp="2012-12-01T10:33:06Z" user="Oberaffe" uid="56597" lat="26.8363121" lon="75.8767361">
  <tag k="power" v="tower"/>
 </node>
 <node id="2043554223" visible="true" version="1" changeset="14109529" timestamp="2012-12-01T10:33:06Z" user="Oberaffe" uid="56597" lat="26.8370345" lon="75.8766870">
  <tag k="power" v="tower"/>
 </node>
 <node id="2043554225" visible="true" version="1" changeset="14109529" timestamp="2012-12-01T10:33:06Z" user="Oberaffe" uid="56597" lat="26.8388209" lon="75.8765976">
  <tag k="power" v="tower"/>
 </node>
 <node id="2043554228" visible="true" version="2" changeset="26648033" timestamp="2014-11-08T18:13:17Z" user="Oberaffe" uid="56597" lat="26.8395784" lon="75.8751929">
  <tag k="power" v="tower"/>
 </node>
 <node id="2043554229" visible="true" version="1" changeset="14109529" timestamp="2012-12-01T10:33:07Z" user="Oberaffe" uid="56597" lat="26.8404772" lon="75.8765665">
  <tag k="power" v="tower"/>
 </node>
 <node id="2043554234" visible="true" version="1" changeset="14109529" timestamp="2012-12-01T10:33:07Z" user="Oberaffe" uid="56597" lat="26.8410860" lon="75.8751301">
  <tag k="power" v="tower"/>
 </node>
 <node id="2663060630" visible="true" version="2" changeset="26648033" timestamp="2014-11-08T18:13:21Z" user="Oberaffe" uid="56597" lat="26.7724175" lon="75.8474576"/>
 <node id="2663060631" visible="true" version="3" changeset="75648762" timestamp="2019-10-14T08:12:07Z" user="Rajyalakshmi" uid="10287759" lat="26.7909322" lon="75.8610688"/>
 <node id="2663060635" visible="true" version="3" changeset="75648762" timestamp="2019-10-14T08:12:07Z" user="Rajyalakshmi" uid="10287759" lat="26.7952748" lon="75.8596805"/>
 <node id="2663060639" visible="true" version="5" changeset="93344085" timestamp="2020-10-31T16:29:29Z" user="variable90" uid="9379644" lat="26.8130002" lon="75.8524632"/>
 <node id="2663060641" visible="true" version="4" changeset="93344085" timestamp="2020-10-31T16:29:29Z" user="variable90" uid="9379644" lat="26.8156614" lon="75.8512078"/>
 <node id="2663060643" visible="true" version="3" changeset="75648762" timestamp="2019-10-14T08:12:07Z" user="Rajyalakshmi" uid="10287759" lat="26.8217132" lon="75.8483710"/>
 <node id="3175169836" visible="true" version="1" changeset="26648033" timestamp="2014-11-08T18:12:33Z" user="Oberaffe" uid="56597" lat="26.8404008" lon="75.8751410">
  <tag k="power" v="tower"/>
 </node>
 <node id="3175169837" visible="true" version="1" changeset="26648033" timestamp="2014-11-08T18:12:33Z" user="Oberaffe" uid="56597" lat="26.8408561" lon="75.8734693">
  <tag k="power" v="tower"/>
 </node>
 <node id="3476232390" visible="true" version="6" changeset="93344085" timestamp="2020-10-31T16:29:29Z" user="variable90" uid="9379644" lat="26.8177035" lon="75.8502113"/>
 <node id="3778163462" visible="true" version="5" changeset="93344085" timestamp="2020-10-31T16:29:29Z" user="variable90" uid="9379644" lat="26.8176058" lon="75.8502520"/>
 <node id="3778236885" visible="true" version="3" changeset="75807654" timestamp="2019-10-17T03:02:07Z" user="Sebin Johny" uid="8782072" lat="26.7839616" lon="75.8631466"/>
 <node id="3778236886" visible="true" version="4" changeset="75807654" timestamp="2019-10-17T03:02:07Z" user="Sebin Johny" uid="8782072" lat="26.7840615" lon="75.8632926"/>
 <node id="3778236887" visible="true" version="3" changeset="75807654" timestamp="2019-10-17T03:02:07Z" user="Sebin Johny" uid="8782072" lat="26.7931424" lon="75.8602066"/>
 <node id="3778236888" visible="true" version="2" changeset="75648762" timestamp="2019-10-14T08:12:07Z" user="Rajyalakshmi" uid="10287759" lat="26.7931445" lon="75.8603676"/>
 <node id="3778236889" visible="true" version="3" changeset="75807654" timestamp="2019-10-17T03:02:07Z" user="Sebin Johny" uid="8782072" lat="26.7942140" lon="75.8598610"/>
 <node id="3778236894" visible="true" version="3" changeset="75648762" timestamp="2019-10-14T08:12:07Z" user="Rajyalakshmi" uid="10287759" lat="26.8014057" lon="75.8577228"/>
 <node id="3778236895" visible="true" version="2" changeset="75648762" timestamp="2019-10-14T08:12:07Z" user="Rajyalakshmi" uid="10287759" lat="26.8030208" lon="75.8612487"/>
 <node id="3778236896" visible="true" version="1" changeset="34510994" timestamp="2015-10-08T13:59:36Z" user="manings" uid="3272286" lat="26.8030073" lon="75.8621264"/>
 <node id="3778236897" visible="true" version="2" changeset="93028653" timestamp="2020-10-25T20:37:56Z" user="variable90" uid="9379644" lat="26.8030783" lon="75.8726670"/>
 <node id="3778236898" visible="true" version="2" changeset="75648762" timestamp="2019-10-14T08:12:07Z" user="Rajyalakshmi" uid="10287759" lat="26.8031011" lon="75.8612398"/>
 <node id="3778236899" visible="true" version="1" changeset="34510994" timestamp="2015-10-08T13:59:36Z" user="manings" uid="3272286" lat="26.8030799" lon="75.8728272"/>
 <node id="3778236900" visible="true" version="1" changeset="34510994" timestamp="2015-10-08T13:59:36Z" user="manings" uid="3272286" lat="26.8031213" lon="75.8707868"/>
 <node id="3778236901" visible="true" version="1" changeset="34510994" timestamp="2015-10-08T13:59:36Z" user="manings" uid="3272286" lat="26.8031310" lon="75.8632405"/>
 <node id="3778236902" visible="true" version="3" changeset="93028653" timestamp="2020-10-25T20:37:56Z" user="variable90" uid="9379644" lat="26.8031708" lon="75.8727664"/>
 <node id="3778236903" visible="true" version="1" changeset="34510994" timestamp="2015-10-08T13:59:36Z" user="manings" uid="3272286" lat="26.8031650" lon="75.8686102"/>
 <node id="3778236904" visible="true" version="1" changeset="34510994" timestamp="2015-10-08T13:59:36Z" user="manings" uid="3272286" lat="26.8031698" lon="75.8651726"/>
 <node id="3778236905" visible="true" version="3" changeset="93028653" timestamp="2020-10-25T20:37:56Z" user="variable90" uid="9379644" lat="26.8031741" lon="75.8728954"/>
 <node id="3778236906" visible="true" version="1" changeset="34510994" timestamp="2015-10-08T13:59:36Z" user="manings" uid="3272286" lat="26.8031844" lon="75.8673656"/>
 <node id="3778236907" visible="true" version="1" changeset="34510994" timestamp="2015-10-08T13:59:36Z" user="manings" uid="3272286" lat="26.8032062" lon="75.8661020"/>
 <node id="3778236908" visible="true" version="1" changeset="34510994" timestamp="2015-10-08T13:59:36Z" user="manings" uid="3272286" lat="26.8032135" lon="75.8707678"/>
 <node id="3778236909" visible="true" version="1" changeset="34510994" timestamp="2015-10-08T13:59:36Z" user="manings" uid="3272286" lat="26.8032450" lon="75.8650856"/>
 <node id="3778236910" visible="true" version="1" changeset="34510994" timestamp="2015-10-08T13:59:36Z" user="manings" uid="3272286" lat="26.8032717" lon="75.8675069"/>
 <node id="3778236911" visible="true" version="1" changeset="34510994" timestamp="2015-10-08T13:59:36Z" user="manings" uid="3272286" lat="26.8033008" lon="75.8659933"/>
 <node id="3778236912" visible="true" version="2" changeset="48113059" timestamp="2017-04-25T07:22:31Z" user="Ranjana Devanand" uid="5252054" lat="26.8036687" lon="75.8770061"/>
 <node id="3778236913" visible="true" version="2" changeset="48113059" timestamp="2017-04-25T07:22:31Z" user="Ranjana Devanand" uid="5252054" lat="26.8037624" lon="75.8769514"/>
 <node id="3778236915" visible="true" version="2" changeset="48113081" timestamp="2017-04-25T07:23:15Z" user="Ranjana Devanand" uid="5252054" lat="26.8038769" lon="75.8784341"/>
 <node id="3778236916" visible="true" version="1" changeset="34510994" timestamp="2015-10-08T13:59:36Z" user="manings" uid="3272286" lat="26.8040139" lon="75.8611888"/>
 <node id="3778236917" visible="true" version="2" changeset="48113059" timestamp="2017-04-25T07:22:31Z" user="Ranjana Devanand" uid="5252054" lat="26.8038265" lon="75.8773822"/>
 <node id="3778236918" visible="true" version="1" changeset="34510994" timestamp="2015-10-08T13:59:36Z" user="manings" uid="3272286" lat="26.8042103" lon="75.8804854"/>
 <node id="3778236919" visible="true" version="1" changeset="34510994" timestamp="2015-10-08T13:59:36Z" user="manings" uid="3272286" lat="26.8044432" lon="75.8813332"/>
 <node id="3778236920" visible="true" version="1" changeset="34510994" timestamp="2015-10-08T13:59:36Z" user="manings" uid="3272286" lat="26.8046033" lon="75.8828985"/>
 <node id="3778236921" visible="true" version="1" changeset="34510994" timestamp="2015-10-08T13:59:36Z" user="manings" uid="3272286" lat="26.8046591" lon="75.8827191"/>
 <node id="3778236922" visible="true" version="1" changeset="34510994" timestamp="2015-10-08T13:59:36Z" user="manings" uid="3272286" lat="26.8050374" lon="75.8849311"/>
 <node id="3778236923" visible="true" version="1" changeset="34510994" timestamp="2015-10-08T13:59:36Z" user="manings" uid="3272286" lat="26.8051757" lon="75.8862029"/>
 <node id="3778236924" visible="true" version="3" changeset="35277277" timestamp="2015-11-13T06:40:28Z" user="chandusekharreddy" uid="439726" lat="26.8054619" lon="75.8882133"/>
 <node id="3778236925" visible="true" version="1" changeset="34510994" timestamp="2015-10-08T13:59:36Z" user="manings" uid="3272286" lat="26.8055104" lon="75.8878714"/>
 <node id="3778236926" visible="true" version="1" changeset="34510994" timestamp="2015-10-08T13:59:36Z" user="manings" uid="3272286" lat="26.8057990" lon="75.8611535"/>
 <node id="3778236928" visible="true" version="1" changeset="34510994" timestamp="2015-10-08T13:59:36Z" user="manings" uid="3272286" lat="26.8066988" lon="75.8611182"/>
 <node id="3778236929" visible="true" version="1" changeset="34510994" timestamp="2015-10-08T13:59:36Z" user="manings" uid="3272286" lat="26.8067110" lon="75.8610231"/>
 <node id="3778236930" visible="true" version="1" changeset="34510994" timestamp="2015-10-08T13:59:36Z" user="manings" uid="3272286" lat="26.8067158" lon="75.8559306"/>
 <node id="3778236931" visible="true" version="3" changeset="93344085" timestamp="2020-10-31T16:29:29Z" user="variable90" uid="9379644" lat="26.8067025" lon="75.8557987"/>
 <node id="3778236932" visible="true" version="1" changeset="34510994" timestamp="2015-10-08T13:59:36Z" user="manings" uid="3272286" lat="26.8067522" lon="75.8604687"/>
 <node id="3778236933" visible="true" version="1" changeset="34510994" timestamp="2015-10-08T13:59:36Z" user="manings" uid="3272286" lat="26.8068007" lon="75.8598220"/>
 <node id="3778236935" visible="true" version="1" changeset="34510994" timestamp="2015-10-08T13:59:36Z" user="manings" uid="3272286" lat="26.8068662" lon="75.8567132"/>
 <node id="3778236936" visible="true" version="1" changeset="34510994" timestamp="2015-10-08T13:59:36Z" user="manings" uid="3272286" lat="26.8068759" lon="75.8572703"/>
 <node id="3778236939" visible="true" version="4" changeset="93344085" timestamp="2020-10-31T16:29:29Z" user="variable90" uid="9379644" lat="26.8087688" lon="75.8547326"/>
 <node id="3778236941" visible="true" version="3" changeset="93344085" timestamp="2020-10-31T16:29:29Z" user="variable90" uid="9379644" lat="26.8130945" lon="75.8526036"/>
 <node id="3778236942" visible="true" version="3" changeset="93344085" timestamp="2020-10-31T16:29:29Z" user="variable90" uid="9379644" lat="26.8172034" lon="75.8506152"/>
 <node id="3778236949" visible="true" version="3" changeset="93344085" timestamp="2020-10-31T16:29:29Z" user="variable90" uid="9379644" lat="26.8215442" lon="75.8485993"/>
 <node id="3778236950" visible="true" version="3" changeset="93344085" timestamp="2020-10-31T16:29:29Z" user="variable90" uid="9379644" lat="26.8241868" lon="75.8473434"/>
 <node id="3778236951" visible="true" version="4" changeset="93344085" timestamp="2020-10-31T16:29:29Z" user="variable90" uid="9379644" lat="26.8257254" lon="75.8465961"/>
 <node id="3778236952" visible="true" version="3" changeset="93344085" timestamp="2020-10-31T16:29:29Z" user="variable90" uid="9379644" lat="26.8270727" lon="75.8457185"/>
 <node id="3778236953" visible="true" version="3" changeset="93344085" timestamp="2020-10-31T16:29:29Z" user="variable90" uid="9379644" lat="26.8276491" lon="75.8455721"/>
 <node id="3778236954" visible="true" version="3" changeset="93344085" timestamp="2020-10-31T16:29:29Z" user="variable90" uid="9379644" lat="26.8296715" lon="75.8439246"/>
 <node id="3778236955" visible="true" version="3" changeset="93344085" timestamp="2020-10-31T16:29:29Z" user="variable90" uid="9379644" lat="26.8298868" lon="75.8435349"/>
 <node id="3785884412" visible="true" version="1" changeset="34628456" timestamp="2015-10-14T08:50:02Z" user="Rajkumarmishra" uid="2869631" lat="26.8015830" lon="75.8493064"/>
 <node id="3785884414" visible="true" version="1" changeset="34628456" timestamp="2015-10-14T08:50:02Z" user="Rajkumarmishra" uid="2869631" lat="26.8017339" lon="75.8494094"/>
 <node id="3785884415" visible="true" version="1" changeset="34628456" timestamp="2015-10-14T08:50:02Z" user="Rajkumarmishra" uid="2869631" lat="26.8017343" lon="75.8509826"/>
 <node id="3785884416" visible="true" version="1" changeset="34628456" timestamp="2015-10-14T08:50:02Z" user="Rajkumarmishra" uid="2869631" lat="26.8017628" lon="75.8513481"/>
 <node id="3785884417" visible="true" version="1" changeset="34628456" timestamp="2015-10-14T08:50:02Z" user="Rajkumarmishra" uid="2869631" lat="26.8017743" lon="75.8499001"/>
 <node id="3785884418" visible="true" version="1" changeset="34628456" timestamp="2015-10-14T08:50:02Z" user="Rajkumarmishra" uid="2869631" lat="26.8018127" lon="75.8502554"/>
 <node id="3785884419" visible="true" version="1" changeset="34628456" timestamp="2015-10-14T08:50:02Z" user="Rajkumarmishra" uid="2869631" lat="26.8018833" lon="75.8510348"/>
 <node id="3785884420" visible="true" version="1" changeset="34628456" timestamp="2015-10-14T08:50:02Z" user="Rajkumarmishra" uid="2869631" lat="26.8018885" lon="75.8520706"/>
 <node id="3785884422" visible="true" version="1" changeset="34628456" timestamp="2015-10-14T08:50:02Z" user="Rajkumarmishra" uid="2869631" lat="26.8019684" lon="75.8525389"/>
 <node id="3785884423" visible="true" version="1" changeset="34628456" timestamp="2015-10-14T08:50:02Z" user="Rajkumarmishra" uid="2869631" lat="26.8020428" lon="75.8521554"/>
 <node id="3785884424" visible="true" version="2" changeset="75648762" timestamp="2019-10-14T08:12:07Z" user="Rajyalakshmi" uid="10287759" lat="26.8021425" lon="75.8534560"/>
 <node id="3785884426" visible="true" version="1" changeset="34628456" timestamp="2015-10-14T08:50:02Z" user="Rajkumarmishra" uid="2869631" lat="26.8022690" lon="75.8534295"/>
 <node id="3785884427" visible="true" version="1" changeset="34628456" timestamp="2015-10-14T08:50:02Z" user="Rajkumarmishra" uid="2869631" lat="26.8023195" lon="75.8537425"/>
 <node id="3785884428" visible="true" version="2" changeset="75648762" timestamp="2019-10-14T08:12:07Z" user="Rajyalakshmi" uid="10287759" lat="26.8024395" lon="75.8549103"/>
 <node id="3785884429" visible="true" version="1" changeset="34628456" timestamp="2015-10-14T08:50:02Z" user="Rajkumarmishra" uid="2869631" lat="26.8025396" lon="75.8549015"/>
 <node id="3785884430" visible="true" version="2" changeset="75648762" timestamp="2019-10-14T08:12:07Z" user="Rajyalakshmi" uid="10287759" lat="26.8026399" lon="75.8560546"/>
 <node id="3785884431" visible="true" version="1" changeset="34628456" timestamp="2015-10-14T08:50:02Z" user="Rajkumarmishra" uid="2869631" lat="26.8027475" lon="75.8560464"/>
 <node id="3826609880" visible="true" version="4" changeset="93344085" timestamp="2020-10-31T16:29:29Z" user="variable90" uid="9379644" lat="26.8030049" lon="75.8572229"/>
 <node id="3826609881" visible="true" version="3" changeset="75648762" timestamp="2019-10-14T08:12:07Z" user="Rajyalakshmi" uid="10287759" lat="26.8030734" lon="75.8595413"/>
 <node id="3826609882" visible="true" version="3" changeset="75648762" timestamp="2019-10-14T08:12:07Z" user="Rajyalakshmi" uid="10287759" lat="26.8030736" lon="75.8583843"/>
 <node id="3826609883" visible="true" version="4" changeset="93184083" timestamp="2020-10-28T14:00:33Z" user="variable90" uid="9379644" lat="26.8030631" lon="75.8575229"/>
 <node id="3826609884" visible="true" version="3" changeset="75648762" timestamp="2019-10-14T08:12:07Z" user="Rajyalakshmi" uid="10287759" lat="26.8029932" lon="75.8591882"/>
 <node id="3826609885" visible="true" version="3" changeset="75648762" timestamp="2019-10-14T08:12:07Z" user="Rajyalakshmi" uid="10287759" lat="26.8029940" lon="75.8582400"/>
 <node id="3826609886" visible="true" version="4" changeset="75648762" timestamp="2019-10-14T08:12:07Z" user="Rajyalakshmi" uid="10287759" lat="26.8029593" lon="75.8575589"/>
 <node id="3826609887" visible="true" version="1" changeset="35192220" timestamp="2015-11-09T13:37:06Z" user="chandusekharreddy" uid="439726" lat="26.8055761" lon="75.8886042"/>
 <node id="3826609888" visible="true" version="1" changeset="35192220" timestamp="2015-11-09T13:37:06Z" user="chandusekharreddy" uid="439726" lat="26.8056109" lon="75.8893120"/>
 <node id="3826609889" visible="true" version="1" changeset="35192220" timestamp="2015-11-09T13:37:06Z" user="chandusekharreddy" uid="439726" lat="26.8056425" lon="75.8900199"/>
 <node id="3826609890" visible="true" version="1" changeset="35192220" timestamp="2015-11-09T13:37:06Z" user="chandusekharreddy" uid="439726" lat="26.8057120" lon="75.8910887"/>
 <node id="3826609891" visible="true" version="1" changeset="35192220" timestamp="2015-11-09T13:37:06Z" user="chandusekharreddy" uid="439726" lat="26.8057615" lon="75.8920637"/>
 <node id="3826609892" visible="true" version="1" changeset="35192220" timestamp="2015-11-09T13:37:06Z" user="chandusekharreddy" uid="439726" lat="26.8057542" lon="75.8933850"/>
 <node id="3826609893" visible="true" version="1" changeset="35192220" timestamp="2015-11-09T13:37:06Z" user="chandusekharreddy" uid="439726" lat="26.8057397" lon="75.8946453"/>
 <node id="3826609894" visible="true" version="1" changeset="35192220" timestamp="2015-11-09T13:37:06Z" user="chandusekharreddy" uid="439726" lat="26.8057288" lon="75.8960072"/>
 <node id="3826609895" visible="true" version="1" changeset="35192220" timestamp="2015-11-09T13:37:06Z" user="chandusekharreddy" uid="439726" lat="26.8056962" lon="75.8973081"/>
 <node id="3826609896" visible="true" version="1" changeset="35192220" timestamp="2015-11-09T13:37:06Z" user="chandusekharreddy" uid="439726" lat="26.8056708" lon="75.8996214"/>
 <node id="3826609897" visible="true" version="1" changeset="35192220" timestamp="2015-11-09T13:37:06Z" user="chandusekharreddy" uid="439726" lat="26.8056744" lon="75.9026705"/>
 <node id="3826609898" visible="true" version="1" changeset="35192220" timestamp="2015-11-09T13:37:06Z" user="chandusekharreddy" uid="439726" lat="26.8056853" lon="75.9031665"/>
 <node id="3826609899" visible="true" version="2" changeset="35277333" timestamp="2015-11-13T06:45:37Z" user="chandusekharreddy" uid="439726" lat="26.8057009" lon="75.9033239"/>
 <node id="3833786317" visible="true" version="2" changeset="48118990" timestamp="2017-04-25T10:23:09Z" user="Ranjana Devanand" uid="5252054" lat="26.8135755" lon="75.8741090"/>
 <node id="3833786322" visible="true" version="2" changeset="48118990" timestamp="2017-04-25T10:23:09Z" user="Ranjana Devanand" uid="5252054" lat="26.8134968" lon="75.8741084"/>
 <node id="3833788535" visible="true" version="4" changeset="93344085" timestamp="2020-10-31T16:29:29Z" user="variable90" uid="9379644" lat="26.8176444" lon="75.8504052"/>
 <node id="3833789776" visible="true" version="3" changeset="93344085" timestamp="2020-10-31T16:29:29Z" user="variable90" uid="9379644" lat="26.8177449" lon="75.8503642"/>
 <node id="3833789790" visible="true" version="1" changeset="35277277" timestamp="2015-11-13T06:40:27Z" user="chandusekharreddy" uid="439726" lat="26.8055406" lon="75.8882078"/>
 <node id="3833789792" visible="true" version="1" changeset="35277277" timestamp="2015-11-13T06:40:27Z" user="chandusekharreddy" uid="439726" lat="26.8055554" lon="75.8883736"/>
 <node id="3833792083" visible="true" version="2" changeset="68073739" timestamp="2019-03-12T18:46:01Z" user="Heinz_V" uid="91490" lat="26.7913493" lon="75.8669879"/>
 <node id="3833792084" visible="true" version="1" changeset="35277333" timestamp="2015-11-13T06:45:36Z" user="chandusekharreddy" uid="439726" lat="26.7912937" lon="75.8671015"/>
 <node id="3833792098" visible="true" version="2" changeset="68073739" timestamp="2019-03-12T18:46:02Z" user="Heinz_V" uid="91490" lat="26.7912402" lon="75.8669353"/>
 <node id="3833792099" visible="true" version="1" changeset="35277333" timestamp="2015-11-13T06:45:36Z" user="chandusekharreddy" uid="439726" lat="26.7911899" lon="75.8670513"/>
 <node id="3941153585" visible="true" version="1" changeset="36523631" timestamp="2016-01-12T09:37:46Z" user="nammala" uid="3479270" lat="26.7949000" lon="75.8802670"/>
 <node id="3941153586" visible="true" version="1" changeset="36523631" timestamp="2016-01-12T09:37:46Z" user="nammala" uid="3479270" lat="26.7949282" lon="75.8803393"/>
 <node id="3941153587" visible="true" version="2" changeset="139591653" timestamp="2023-08-08T03:59:14Z" user="arshadnawaz" uid="19368668" lat="26.7949443" lon="75.8797744"/>
 <node id="3941153588" visible="true" version="1" changeset="36523631" timestamp="2016-01-12T09:37:46Z" user="nammala" uid="3479270" lat="26.7949968" lon="75.8793185"/>
 <node id="3941153589" visible="true" version="1" changeset="36523631" timestamp="2016-01-12T09:37:46Z" user="nammala" uid="3479270" lat="26.7950613" lon="75.8788804"/>
 <node id="3941153590" visible="true" version="1" changeset="36523631" timestamp="2016-01-12T09:37:46Z" user="nammala" uid="3479270" lat="26.7951177" lon="75.8786275"/>
 <node id="3941153591" visible="true" version="1" changeset="36523631" timestamp="2016-01-12T09:37:46Z" user="nammala" uid="3479270" lat="26.7952226" lon="75.8780629"/>
 <node id="3941153592" visible="true" version="1" changeset="36523631" timestamp="2016-01-12T09:37:46Z" user="nammala" uid="3479270" lat="26.7953153" lon="75.8803890"/>
 <node id="3941153593" visible="true" version="1" changeset="36523631" timestamp="2016-01-12T09:37:46Z" user="nammala" uid="3479270" lat="26.7953274" lon="75.8775886"/>
 <node id="3941153594" visible="true" version="1" changeset="36523631" timestamp="2016-01-12T09:37:46Z" user="nammala" uid="3479270" lat="26.7954524" lon="75.8772002"/>
 <node id="3941153595" visible="true" version="1" changeset="36523631" timestamp="2016-01-12T09:37:46Z" user="nammala" uid="3479270" lat="26.7956136" lon="75.8767305"/>
 <node id="3941153596" visible="true" version="1" changeset="36523631" timestamp="2016-01-12T09:37:46Z" user="nammala" uid="3479270" lat="26.7956943" lon="75.8804477"/>
 <node id="3941153597" visible="true" version="1" changeset="36523631" timestamp="2016-01-12T09:37:46Z" user="nammala" uid="3479270" lat="26.7957588" lon="75.8763375"/>
 <node id="3941153598" visible="true" version="1" changeset="36523631" timestamp="2016-01-12T09:37:46Z" user="nammala" uid="3479270" lat="26.7958071" lon="75.8760485"/>
 <node id="3941153599" visible="true" version="1" changeset="36523631" timestamp="2016-01-12T09:37:46Z" user="nammala" uid="3479270" lat="26.7958837" lon="75.8756736"/>
 <node id="3941153600" visible="true" version="1" changeset="36523631" timestamp="2016-01-12T09:37:46Z" user="nammala" uid="3479270" lat="26.7959765" lon="75.8753529"/>
 <node id="3941153601" visible="true" version="1" changeset="36523631" timestamp="2016-01-12T09:37:46Z" user="nammala" uid="3479270" lat="26.7960450" lon="75.8805606"/>
 <node id="3941153602" visible="true" version="1" changeset="36523631" timestamp="2016-01-12T09:37:46Z" user="nammala" uid="3479270" lat="26.7961176" lon="75.8748380"/>
 <node id="3941153603" visible="true" version="1" changeset="36523631" timestamp="2016-01-12T09:37:46Z" user="nammala" uid="3479270" lat="26.7963998" lon="75.8741244"/>
 <node id="3941153604" visible="true" version="1" changeset="36523631" timestamp="2016-01-12T09:37:46Z" user="nammala" uid="3479270" lat="26.7964078" lon="75.8807322"/>
 <node id="3941153605" visible="true" version="1" changeset="36523631" timestamp="2016-01-12T09:37:46Z" user="nammala" uid="3479270" lat="26.7966417" lon="75.8809219"/>
 <node id="3941153606" visible="true" version="1" changeset="36523631" timestamp="2016-01-12T09:37:46Z" user="nammala" uid="3479270" lat="26.7967223" lon="75.8731488"/>
 <node id="3941153607" visible="true" version="1" changeset="36523631" timestamp="2016-01-12T09:37:46Z" user="nammala" uid="3479270" lat="26.7968473" lon="75.8810845"/>
 <node id="3941153608" visible="true" version="1" changeset="36523631" timestamp="2016-01-12T09:37:46Z" user="nammala" uid="3479270" lat="26.7971053" lon="75.8813103"/>
 <node id="3941153609" visible="true" version="1" changeset="36523631" timestamp="2016-01-12T09:37:46Z" user="nammala" uid="3479270" lat="26.7972384" lon="75.8719293"/>
 <node id="3941153610" visible="true" version="1" changeset="36523631" timestamp="2016-01-12T09:37:46Z" user="nammala" uid="3479270" lat="26.7976334" lon="75.8709628"/>
 <node id="3941153611" visible="true" version="1" changeset="36523631" timestamp="2016-01-12T09:37:46Z" user="nammala" uid="3479270" lat="26.7976818" lon="75.8817485"/>
 <node id="3941153613" visible="true" version="1" changeset="36523631" timestamp="2016-01-12T09:37:46Z" user="nammala" uid="3479270" lat="26.7980406" lon="75.8819833"/>
 <node id="3941153614" visible="true" version="1" changeset="36523631" timestamp="2016-01-12T09:37:46Z" user="nammala" uid="3479270" lat="26.7981861" lon="75.8820879"/>
 <node id="3941156362" visible="true" version="4" changeset="68073739" timestamp="2019-03-12T18:46:08Z" user="Heinz_V" uid="91490" lat="26.8038266" lon="75.8780487"/>
 <node id="3941161461" visible="true" version="1" changeset="36523790" timestamp="2016-01-12T09:44:06Z" user="nammala" uid="3479270" lat="26.7949156" lon="75.8800797"/>
 <node id="3963098348" visible="true" version="5" changeset="93344085" timestamp="2020-10-31T16:29:29Z" user="variable90" uid="9379644" lat="26.8296969" lon="75.8436889"/>
 <node id="3963101938" visible="true" version="3" changeset="93344085" timestamp="2020-10-31T16:29:29Z" user="variable90" uid="9379644" lat="26.8253514" lon="75.8466229"/>
 <node id="3963102886" visible="true" version="4" changeset="93344085" timestamp="2020-10-31T16:29:29Z" user="variable90" uid="9379644" lat="26.8300863" lon="75.8435430"/>
 <node id="3963129187" visible="true" version="3" changeset="93344085" timestamp="2020-10-31T16:29:29Z" user="variable90" uid="9379644" lat="26.8281336" lon="75.8451934"/>
 <node id="4135511697" visible="true" version="3" changeset="93344085" timestamp="2020-10-31T16:29:29Z" user="variable90" uid="9379644" lat="26.8251580" lon="75.8468627"/>
 <node id="4308865659" visible="true" version="2" changeset="147210681" timestamp="2024-02-08T10:16:48Z" user="mithungowda" uid="19554676" lat="26.8101262" lon="75.8658152"/>
 <node id="4308865660" visible="true" version="1" changeset="40816844" timestamp="2016-07-18T11:41:53Z" user="Andrew Yoak" uid="4259908" lat="26.8076864" lon="75.8611690"/>
 <node id="4308865661" visible="true" version="1" changeset="40816844" timestamp="2016-07-18T11:41:53Z" user="Andrew Yoak" uid="4259908" lat="26.8113876" lon="75.8601790"/>
 <node id="4520593315" visible="true" version="3" changeset="93344085" timestamp="2020-10-31T16:29:29Z" user="variable90" uid="9379644" lat="26.8256513" lon="75.8464840"/>
 <node id="4727403043" visible="true" version="2" changeset="75648762" timestamp="2019-10-14T08:12:07Z" user="Rajyalakshmi" uid="10287759" lat="26.8231071" lon="75.8477140"/>
 <node id="4727403060" visible="true" version="2" changeset="75648762" timestamp="2019-10-14T08:12:07Z" user="Rajyalakshmi" uid="10287759" lat="26.8220802" lon="75.8481980"/>
 <node id="4727419118" visible="true" version="3" changeset="93344085" timestamp="2020-10-31T16:29:29Z" user="variable90" uid="9379644" lat="26.8242201" lon="75.8471745"/>
 <node id="4742995650" visible="true" version="4" changeset="93344085" timestamp="2020-10-31T16:29:29Z" user="variable90" uid="9379644" lat="26.8030488" lon="75.8574195"/>
 <node id="4742995653" visible="true" version="3" changeset="93344085" timestamp="2020-10-31T16:29:29Z" user="variable90" uid="9379644" lat="26.8060861" lon="75.8560769"/>
 <node id="4742995654" visible="true" version="3" changeset="93344085" timestamp="2020-10-31T16:29:29Z" user="variable90" uid="9379644" lat="26.8069983" lon="75.8556474"/>
 <node id="4742995657" visible="true" version="3" changeset="93344085" timestamp="2020-10-31T16:29:29Z" user="variable90" uid="9379644" lat="26.8113601" lon="75.8532499"/>
 <node id="4742995662" visible="true" version="3" changeset="93184083" timestamp="2020-10-28T14:00:33Z" user="variable90" uid="9379644" lat="26.7998661" lon="75.8580759"/>
 <node id="4742996209" visible="true" version="2" changeset="75648762" timestamp="2019-10-14T08:12:07Z" user="Rajyalakshmi" uid="10287759" lat="26.8030862" lon="75.8577788"/>
 <node id="4742996212" visible="true" version="2" changeset="75648762" timestamp="2019-10-14T08:12:07Z" user="Rajyalakshmi" uid="10287759" lat="26.8009168" lon="75.8578482"/>
 <node id="4742996213" visible="true" version="2" changeset="75648762" timestamp="2019-10-14T08:12:07Z" user="Rajyalakshmi" uid="10287759" lat="26.8011365" lon="75.8577912"/>
 <node id="4742996214" visible="true" version="2" changeset="75648762" timestamp="2019-10-14T08:12:07Z" user="Rajyalakshmi" uid="10287759" lat="26.8001642" lon="75.8580064"/>
 <node id="4742996215" visible="true" version="2" changeset="75648762" timestamp="2019-10-14T08:12:07Z" user="Rajyalakshmi" uid="10287759" lat="26.8004132" lon="75.8579541"/>
 <node id="4742996216" visible="true" version="3" changeset="93184083" timestamp="2020-10-28T14:00:33Z" user="variable90" uid="9379644" lat="26.8006045" lon="75.8581485"/>
 <node id="4742996219" visible="true" version="2" changeset="75648762" timestamp="2019-10-14T08:12:07Z" user="Rajyalakshmi" uid="10287759" lat="26.8018104" lon="75.8577884"/>
 <node id="4742996220" visible="true" version="3" changeset="93344085" timestamp="2020-10-31T16:29:29Z" user="variable90" uid="9379644" lat="26.8029545" lon="75.8574535"/>
 <node id="4805605097" visible="true" version="1" changeset="47967832" timestamp="2017-04-20T10:59:28Z" user="Ranjana Devanand" uid="5252054" lat="26.8017196" lon="75.8492593"/>
 <node id="4805605621" visible="true" version="1" changeset="47967832" timestamp="2017-04-20T10:59:29Z" user="Ranjana Devanand" uid="5252054" lat="26.8016285" lon="75.8498110"/>
 <node id="4805605635" visible="true" version="1" changeset="47967832" timestamp="2017-04-20T10:59:29Z" user="Ranjana Devanand" uid="5252054" lat="26.8017304" lon="75.8509393"/>
 <node id="4805605642" visible="true" version="1" changeset="47967832" timestamp="2017-04-20T10:59:29Z" user="Ranjana Devanand" uid="5252054" lat="26.8018785" lon="75.8509823"/>
 <node id="4805605649" visible="true" version="1" changeset="47967832" timestamp="2017-04-20T10:59:29Z" user="Ranjana Devanand" uid="5252054" lat="26.8019245" lon="75.8514877"/>
 <node id="4805605650" visible="true" version="1" changeset="47967832" timestamp="2017-04-20T10:59:29Z" user="Ranjana Devanand" uid="5252054" lat="26.8021934" lon="75.8513988"/>
 <node id="4805605651" visible="true" version="1" changeset="47967832" timestamp="2017-04-20T10:59:29Z" user="Ranjana Devanand" uid="5252054" lat="26.8024659" lon="75.8513370"/>
 <node id="4805605652" visible="true" version="1" changeset="47967832" timestamp="2017-04-20T10:59:29Z" user="Ranjana Devanand" uid="5252054" lat="26.8028281" lon="75.8512520"/>
 <node id="4805605653" visible="true" version="1" changeset="47967832" timestamp="2017-04-20T10:59:29Z" user="Ranjana Devanand" uid="5252054" lat="26.8032765" lon="75.8511399"/>
 <node id="4805605654" visible="true" version="1" changeset="47967832" timestamp="2017-04-20T10:59:29Z" user="Ranjana Devanand" uid="5252054" lat="26.8036317" lon="75.8510858"/>
 <node id="4805605655" visible="true" version="1" changeset="47967832" timestamp="2017-04-20T10:59:29Z" user="Ranjana Devanand" uid="5252054" lat="26.8039525" lon="75.8510162"/>
 <node id="4805605656" visible="true" version="1" changeset="47967832" timestamp="2017-04-20T10:59:29Z" user="Ranjana Devanand" uid="5252054" lat="26.8042629" lon="75.8509505"/>
 <node id="4805605657" visible="true" version="1" changeset="47967832" timestamp="2017-04-20T10:59:29Z" user="Ranjana Devanand" uid="5252054" lat="26.8047251" lon="75.8508462"/>
 <node id="4805605658" visible="true" version="1" changeset="47967832" timestamp="2017-04-20T10:59:29Z" user="Ranjana Devanand" uid="5252054" lat="26.8050701" lon="75.8507728"/>
 <node id="4805605659" visible="true" version="1" changeset="47967832" timestamp="2017-04-20T10:59:29Z" user="Ranjana Devanand" uid="5252054" lat="26.8056081" lon="75.8506414"/>
 <node id="4805605660" visible="true" version="1" changeset="47967832" timestamp="2017-04-20T10:59:29Z" user="Ranjana Devanand" uid="5252054" lat="26.8059013" lon="75.8505795"/>
 <node id="4805605661" visible="true" version="1" changeset="47967832" timestamp="2017-04-20T10:59:29Z" user="Ranjana Devanand" uid="5252054" lat="26.8062221" lon="75.8505023"/>
 <node id="4805605670" visible="true" version="1" changeset="47967832" timestamp="2017-04-20T10:59:29Z" user="Ranjana Devanand" uid="5252054" lat="26.8045938" lon="75.8508758"/>
 <node id="4805637271" visible="true" version="1" changeset="47968466" timestamp="2017-04-20T11:25:47Z" user="Ranjana Devanand" uid="5252054" lat="26.8017898" lon="75.8515031"/>
 <node id="4805637272" visible="true" version="1" changeset="47968466" timestamp="2017-04-20T11:25:47Z" user="Ranjana Devanand" uid="5252054" lat="26.8011263" lon="75.8516389"/>
 <node id="4805637273" visible="true" version="1" changeset="47968466" timestamp="2017-04-20T11:25:47Z" user="Ranjana Devanand" uid="5252054" lat="26.8002829" lon="75.8518441"/>
 <node id="4805637274" visible="true" version="1" changeset="47968466" timestamp="2017-04-20T11:25:47Z" user="Ranjana Devanand" uid="5252054" lat="26.7995689" lon="75.8519928"/>
 <node id="4805637275" visible="true" version="1" changeset="47968466" timestamp="2017-04-20T11:25:47Z" user="Ranjana Devanand" uid="5252054" lat="26.7993920" lon="75.8520211"/>
 <node id="4805637276" visible="true" version="1" changeset="47968466" timestamp="2017-04-20T11:25:47Z" user="Ranjana Devanand" uid="5252054" lat="26.7991835" lon="75.8520636"/>
 <node id="4805637277" visible="true" version="1" changeset="47968466" timestamp="2017-04-20T11:25:47Z" user="Ranjana Devanand" uid="5252054" lat="26.7988740" lon="75.8520990"/>
 <node id="4805637278" visible="true" version="1" changeset="47968466" timestamp="2017-04-20T11:25:47Z" user="Ranjana Devanand" uid="5252054" lat="26.7985012" lon="75.8520565"/>
 <node id="4805637279" visible="true" version="1" changeset="47968466" timestamp="2017-04-20T11:25:47Z" user="Ranjana Devanand" uid="5252054" lat="26.7979641" lon="75.8520423"/>
 <node id="4805637280" visible="true" version="1" changeset="47968466" timestamp="2017-04-20T11:25:47Z" user="Ranjana Devanand" uid="5252054" lat="26.7978251" lon="75.8520636"/>
 <node id="4805637281" visible="true" version="1" changeset="47968466" timestamp="2017-04-20T11:25:47Z" user="Ranjana Devanand" uid="5252054" lat="26.7977872" lon="75.8524246"/>
 <node id="4805637282" visible="true" version="1" changeset="47968466" timestamp="2017-04-20T11:25:47Z" user="Ranjana Devanand" uid="5252054" lat="26.7977620" lon="75.8530899"/>
 <node id="4805637283" visible="true" version="1" changeset="47968466" timestamp="2017-04-20T11:25:47Z" user="Ranjana Devanand" uid="5252054" lat="26.7977999" lon="75.8535076"/>
 <node id="4805637284" visible="true" version="1" changeset="47968466" timestamp="2017-04-20T11:25:47Z" user="Ranjana Devanand" uid="5252054" lat="26.7980084" lon="75.8541021"/>
 <node id="4805637285" visible="true" version="1" changeset="47968466" timestamp="2017-04-20T11:25:47Z" user="Ranjana Devanand" uid="5252054" lat="26.7982927" lon="75.8547321"/>
 <node id="4805637287" visible="true" version="1" changeset="47968466" timestamp="2017-04-20T11:25:47Z" user="Ranjana Devanand" uid="5252054" lat="26.8027614" lon="75.8561147"/>
 <node id="4805637288" visible="true" version="1" changeset="47968466" timestamp="2017-04-20T11:25:48Z" user="Ranjana Devanand" uid="5252054" lat="26.8027817" lon="75.8562146"/>
 <node id="4805637290" visible="true" version="3" changeset="93344085" timestamp="2020-10-31T16:29:29Z" user="variable90" uid="9379644" lat="26.8069518" lon="75.8554775"/>
 <node id="4805637291" visible="true" version="1" changeset="47968466" timestamp="2017-04-20T11:25:48Z" user="Ranjana Devanand" uid="5252054" lat="26.8068668" lon="75.8551497"/>
 <node id="4805637292" visible="true" version="1" changeset="47968466" timestamp="2017-04-20T11:25:48Z" user="Ranjana Devanand" uid="5252054" lat="26.8067705" lon="75.8548293"/>
 <node id="4805637293" visible="true" version="1" changeset="47968466" timestamp="2017-04-20T11:25:48Z" user="Ranjana Devanand" uid="5252054" lat="26.8066825" lon="75.8544811"/>
 <node id="4805637294" visible="true" version="1" changeset="47968466" timestamp="2017-04-20T11:25:48Z" user="Ranjana Devanand" uid="5252054" lat="26.8066495" lon="75.8543240"/>
 <node id="4805637295" visible="true" version="1" changeset="47968466" timestamp="2017-04-20T11:25:48Z" user="Ranjana Devanand" uid="5252054" lat="26.8066523" lon="75.8542069"/>
 <node id="4805637296" visible="true" version="1" changeset="47968466" timestamp="2017-04-20T11:25:48Z" user="Ranjana Devanand" uid="5252054" lat="26.8065890" lon="75.8540066"/>
 <node id="4805637297" visible="true" version="1" changeset="47968466" timestamp="2017-04-20T11:25:48Z" user="Ranjana Devanand" uid="5252054" lat="26.8065863" lon="75.8538988"/>
 <node id="4805637298" visible="true" version="1" changeset="47968466" timestamp="2017-04-20T11:25:48Z" user="Ranjana Devanand" uid="5252054" lat="26.8066440" lon="75.8537078"/>
 <node id="4805637299" visible="true" version="1" changeset="47968466" timestamp="2017-04-20T11:25:48Z" user="Ranjana Devanand" uid="5252054" lat="26.8066358" lon="75.8534983"/>
 <node id="4805637300" visible="true" version="1" changeset="47968466" timestamp="2017-04-20T11:25:48Z" user="Ranjana Devanand" uid="5252054" lat="26.8066545" lon="75.8543479"/>
 <node id="4805637301" visible="true" version="1" changeset="47968466" timestamp="2017-04-20T11:25:48Z" user="Ranjana Devanand" uid="5252054" lat="26.8063388" lon="75.8544873"/>
 <node id="4805637302" visible="true" version="1" changeset="47968466" timestamp="2017-04-20T11:25:48Z" user="Ranjana Devanand" uid="5252054" lat="26.8058905" lon="75.8546999"/>
 <node id="4805637303" visible="true" version="1" changeset="47968466" timestamp="2017-04-20T11:25:48Z" user="Ranjana Devanand" uid="5252054" lat="26.8054120" lon="75.8549217"/>
 <node id="4805637304" visible="true" version="1" changeset="47968466" timestamp="2017-04-20T11:25:48Z" user="Ranjana Devanand" uid="5252054" lat="26.8048318" lon="75.8551929"/>
 <node id="4805637305" visible="true" version="1" changeset="47968466" timestamp="2017-04-20T11:25:48Z" user="Ranjana Devanand" uid="5252054" lat="26.8045100" lon="75.8553192"/>
 <node id="4805637306" visible="true" version="1" changeset="47968466" timestamp="2017-04-20T11:25:48Z" user="Ranjana Devanand" uid="5252054" lat="26.8041883" lon="75.8554763"/>
 <node id="4805637307" visible="true" version="1" changeset="47968466" timestamp="2017-04-20T11:25:48Z" user="Ranjana Devanand" uid="5252054" lat="26.8035695" lon="75.8557351"/>
 <node id="4805637308" visible="true" version="1" changeset="47968466" timestamp="2017-04-20T11:25:48Z" user="Ranjana Devanand" uid="5252054" lat="26.8031433" lon="75.8559477"/>
 <node id="4805637309" visible="true" version="1" changeset="47968466" timestamp="2017-04-20T11:25:48Z" user="Ranjana Devanand" uid="5252054" lat="26.8028903" lon="75.8560648"/>
 <node id="4805637310" visible="true" version="1" changeset="47968466" timestamp="2017-04-20T11:25:48Z" user="Ranjana Devanand" uid="5252054" lat="26.8062534" lon="75.8546586"/>
 <node id="4805637311" visible="true" version="1" changeset="47968466" timestamp="2017-04-20T11:25:48Z" user="Ranjana Devanand" uid="5252054" lat="26.8054261" lon="75.8550327"/>
 <node id="4805637312" visible="true" version="1" changeset="47968466" timestamp="2017-04-20T11:25:48Z" user="Ranjana Devanand" uid="5252054" lat="26.8044935" lon="75.8554595"/>
 <node id="4805637313" visible="true" version="1" changeset="47968466" timestamp="2017-04-20T11:25:48Z" user="Ranjana Devanand" uid="5252054" lat="26.8038658" lon="75.8557197"/>
 <node id="4805637314" visible="true" version="1" changeset="47968466" timestamp="2017-04-20T11:25:48Z" user="Ranjana Devanand" uid="5252054" lat="26.8033904" lon="75.8559474"/>
 <node id="4805637315" visible="true" version="1" changeset="47968466" timestamp="2017-04-20T11:25:48Z" user="Ranjana Devanand" uid="5252054" lat="26.8029949" lon="75.8561222"/>
 <node id="4805637316" visible="true" version="3" changeset="93184083" timestamp="2020-10-28T14:00:33Z" user="variable90" uid="9379644" lat="26.7997721" lon="75.8583251"/>
 <node id="4805637317" visible="true" version="3" changeset="93184083" timestamp="2020-10-28T14:00:33Z" user="variable90" uid="9379644" lat="26.7997222" lon="75.8581214"/>
 <node id="4805637318" visible="true" version="1" changeset="47968466" timestamp="2017-04-20T11:25:48Z" user="Ranjana Devanand" uid="5252054" lat="26.7996276" lon="75.8577391"/>
 <node id="4805637319" visible="true" version="1" changeset="47968466" timestamp="2017-04-20T11:25:48Z" user="Ranjana Devanand" uid="5252054" lat="26.7994517" lon="75.8573092"/>
 <node id="4805637320" visible="true" version="1" changeset="47968466" timestamp="2017-04-20T11:25:48Z" user="Ranjana Devanand" uid="5252054" lat="26.7992518" lon="75.8567628"/>
 <node id="4805637321" visible="true" version="1" changeset="47968466" timestamp="2017-04-20T11:25:48Z" user="Ranjana Devanand" uid="5252054" lat="26.7990600" lon="75.8561628"/>
 <node id="4805637322" visible="true" version="1" changeset="47968466" timestamp="2017-04-20T11:25:48Z" user="Ranjana Devanand" uid="5252054" lat="26.7988601" lon="75.8556164"/>
 <node id="4805637323" visible="true" version="2" changeset="75648762" timestamp="2019-10-14T08:12:07Z" user="Rajyalakshmi" uid="10287759" lat="26.8026553" lon="75.8561639"/>
 <node id="4805637324" visible="true" version="1" changeset="47968466" timestamp="2017-04-20T11:25:48Z" user="Ranjana Devanand" uid="5252054" lat="26.8024541" lon="75.8562345"/>
 <node id="4805637325" visible="true" version="1" changeset="47968466" timestamp="2017-04-20T11:25:48Z" user="Ranjana Devanand" uid="5252054" lat="26.8022383" lon="75.8563040"/>
 <node id="4805637326" visible="true" version="1" changeset="47968466" timestamp="2017-04-20T11:25:48Z" user="Ranjana Devanand" uid="5252054" lat="26.8020164" lon="75.8563801"/>
 <node id="4805637327" visible="true" version="1" changeset="47968466" timestamp="2017-04-20T11:25:48Z" user="Ranjana Devanand" uid="5252054" lat="26.8017886" lon="75.8564495"/>
 <node id="4805637328" visible="true" version="1" changeset="47968466" timestamp="2017-04-20T11:25:48Z" user="Ranjana Devanand" uid="5252054" lat="26.8015507" lon="75.8565301"/>
 <node id="4805637329" visible="true" version="1" changeset="47968466" timestamp="2017-04-20T11:25:48Z" user="Ranjana Devanand" uid="5252054" lat="26.8012370" lon="75.8566421"/>
 <node id="4805637330" visible="true" version="1" changeset="47968466" timestamp="2017-04-20T11:25:48Z" user="Ranjana Devanand" uid="5252054" lat="26.8009951" lon="75.8567249"/>
 <node id="4805637331" visible="true" version="1" changeset="47968466" timestamp="2017-04-20T11:25:48Z" user="Ranjana Devanand" uid="5252054" lat="26.8006794" lon="75.8568257"/>
 <node id="4805637332" visible="true" version="1" changeset="47968466" timestamp="2017-04-20T11:25:48Z" user="Ranjana Devanand" uid="5252054" lat="26.8004235" lon="75.8569085"/>
 <node id="4805637333" visible="true" version="1" changeset="47968466" timestamp="2017-04-20T11:25:48Z" user="Ranjana Devanand" uid="5252054" lat="26.8002417" lon="75.8569600"/>
 <node id="4805637334" visible="true" version="1" changeset="47968466" timestamp="2017-04-20T11:25:48Z" user="Ranjana Devanand" uid="5252054" lat="26.7999698" lon="75.8570474"/>
 <node id="4805637335" visible="true" version="1" changeset="47968466" timestamp="2017-04-20T11:25:48Z" user="Ranjana Devanand" uid="5252054" lat="26.7997780" lon="75.8571033"/>
 <node id="4805637336" visible="true" version="1" changeset="47968466" timestamp="2017-04-20T11:25:48Z" user="Ranjana Devanand" uid="5252054" lat="26.7995282" lon="75.8571817"/>
 <node id="4805637337" visible="true" version="1" changeset="47968466" timestamp="2017-04-20T11:25:48Z" user="Ranjana Devanand" uid="5252054" lat="26.7994170" lon="75.8572145"/>
 <node id="4805637338" visible="true" version="2" changeset="75648762" timestamp="2019-10-14T08:12:07Z" user="Rajyalakshmi" uid="10287759" lat="26.8026778" lon="75.8562632"/>
 <node id="4805637339" visible="true" version="1" changeset="47968466" timestamp="2017-04-20T11:25:48Z" user="Ranjana Devanand" uid="5252054" lat="26.8022065" lon="75.8564182"/>
 <node id="4805637340" visible="true" version="1" changeset="47968466" timestamp="2017-04-20T11:25:48Z" user="Ranjana Devanand" uid="5252054" lat="26.8019959" lon="75.8564964"/>
 <node id="4805637341" visible="true" version="1" changeset="47968466" timestamp="2017-04-20T11:25:48Z" user="Ranjana Devanand" uid="5252054" lat="26.8017071" lon="75.8565860"/>
 <node id="4805637342" visible="true" version="1" changeset="47968466" timestamp="2017-04-20T11:25:48Z" user="Ranjana Devanand" uid="5252054" lat="26.8014809" lon="75.8566601"/>
 <node id="4805637343" visible="true" version="1" changeset="47968466" timestamp="2017-04-20T11:25:48Z" user="Ranjana Devanand" uid="5252054" lat="26.8010877" lon="75.8567927"/>
 <node id="4805637344" visible="true" version="1" changeset="47968466" timestamp="2017-04-20T11:25:48Z" user="Ranjana Devanand" uid="5252054" lat="26.8007849" lon="75.8568784"/>
 <node id="4805637345" visible="true" version="1" changeset="47968466" timestamp="2017-04-20T11:25:48Z" user="Ranjana Devanand" uid="5252054" lat="26.8004961" lon="75.8569759"/>
 <node id="4805637346" visible="true" version="1" changeset="47968466" timestamp="2017-04-20T11:25:48Z" user="Ranjana Devanand" uid="5252054" lat="26.8001377" lon="75.8571006"/>
 <node id="4805637347" visible="true" version="1" changeset="47968466" timestamp="2017-04-20T11:25:48Z" user="Ranjana Devanand" uid="5252054" lat="26.7998663" lon="75.8571747"/>
 <node id="4805637348" visible="true" version="1" changeset="47968466" timestamp="2017-04-20T11:25:48Z" user="Ranjana Devanand" uid="5252054" lat="26.7996401" lon="75.8572371"/>
 <node id="4805637349" visible="true" version="1" changeset="47968466" timestamp="2017-04-20T11:25:48Z" user="Ranjana Devanand" uid="5252054" lat="26.8020412" lon="75.8514491"/>
 <node id="4805637350" visible="true" version="1" changeset="47968466" timestamp="2017-04-20T11:25:48Z" user="Ranjana Devanand" uid="5252054" lat="26.8021212" lon="75.8519070"/>
 <node id="4805637351" visible="true" version="1" changeset="47968466" timestamp="2017-04-20T11:25:48Z" user="Ranjana Devanand" uid="5252054" lat="26.8022497" lon="75.8526014"/>
 <node id="4805637352" visible="true" version="1" changeset="47968466" timestamp="2017-04-20T11:25:48Z" user="Ranjana Devanand" uid="5252054" lat="26.8024288" lon="75.8535634"/>
 <node id="4805637353" visible="true" version="1" changeset="47968466" timestamp="2017-04-20T11:25:49Z" user="Ranjana Devanand" uid="5252054" lat="26.8025711" lon="75.8544379"/>
 <node id="4805637354" visible="true" version="1" changeset="47968466" timestamp="2017-04-20T11:25:49Z" user="Ranjana Devanand" uid="5252054" lat="26.8027318" lon="75.8553330"/>
 <node id="4805637355" visible="true" version="1" changeset="47968466" timestamp="2017-04-20T11:25:49Z" user="Ranjana Devanand" uid="5252054" lat="26.8029077" lon="75.8561600"/>
 <node id="4805637358" visible="true" version="3" changeset="93344085" timestamp="2020-10-31T16:29:29Z" user="variable90" uid="9379644" lat="26.8031184" lon="75.8571797"/>
 <node id="4805637359" visible="true" version="2" changeset="75648762" timestamp="2019-10-14T08:12:07Z" user="Rajyalakshmi" uid="10287759" lat="26.8016866" lon="75.8515306"/>
 <node id="4805637360" visible="true" version="2" changeset="75648762" timestamp="2019-10-14T08:12:07Z" user="Rajyalakshmi" uid="10287759" lat="26.8017338" lon="75.8518686"/>
 <node id="4805637361" visible="true" version="2" changeset="75648762" timestamp="2019-10-14T08:12:07Z" user="Rajyalakshmi" uid="10287759" lat="26.8018234" lon="75.8523519"/>
 <node id="4805637362" visible="true" version="2" changeset="75648762" timestamp="2019-10-14T08:12:07Z" user="Rajyalakshmi" uid="10287759" lat="26.8019258" lon="75.8528651"/>
 <node id="4805637363" visible="true" version="2" changeset="75648762" timestamp="2019-10-14T08:12:07Z" user="Rajyalakshmi" uid="10287759" lat="26.8020173" lon="75.8534300"/>
 <node id="4805637364" visible="true" version="2" changeset="75648762" timestamp="2019-10-14T08:12:07Z" user="Rajyalakshmi" uid="10287759" lat="26.8020905" lon="75.8538104"/>
 <node id="4805637368" visible="true" version="2" changeset="75648762" timestamp="2019-10-14T08:12:07Z" user="Rajyalakshmi" uid="10287759" lat="26.8025345" lon="75.8562095"/>
 <node id="4805637369" visible="true" version="2" changeset="75648762" timestamp="2019-10-14T08:12:07Z" user="Rajyalakshmi" uid="10287759" lat="26.8025706" lon="75.8563123"/>
 <node id="4805637370" visible="true" version="2" changeset="75648762" timestamp="2019-10-14T08:12:07Z" user="Rajyalakshmi" uid="10287759" lat="26.8026494" lon="75.8567071"/>
 <node id="4805637371" visible="true" version="2" changeset="75648762" timestamp="2019-10-14T08:12:07Z" user="Rajyalakshmi" uid="10287759" lat="26.8027123" lon="75.8570145"/>
 <node id="4805637372" visible="true" version="3" changeset="93344085" timestamp="2020-10-31T16:29:29Z" user="variable90" uid="9379644" lat="26.8027700" lon="75.8573048"/>
 <node id="4805637373" visible="true" version="1" changeset="47968466" timestamp="2017-04-20T11:25:49Z" user="Ranjana Devanand" uid="5252054" lat="26.8020893" lon="75.8524174"/>
 <node id="4805637374" visible="true" version="1" changeset="47968466" timestamp="2017-04-20T11:25:49Z" user="Ranjana Devanand" uid="5252054" lat="26.8022111" lon="75.8523928"/>
 <node id="4805637375" visible="true" version="1" changeset="47968466" timestamp="2017-04-20T11:25:49Z" user="Ranjana Devanand" uid="5252054" lat="26.8024813" lon="75.8523420"/>
 <node id="4805637376" visible="true" version="1" changeset="47968466" timestamp="2017-04-20T11:25:49Z" user="Ranjana Devanand" uid="5252054" lat="26.8027064" lon="75.8522978"/>
 <node id="4805637377" visible="true" version="1" changeset="47968466" timestamp="2017-04-20T11:25:49Z" user="Ranjana Devanand" uid="5252054" lat="26.8030689" lon="75.8522122"/>
 <node id="4805637378" visible="true" version="1" changeset="47968466" timestamp="2017-04-20T11:25:49Z" user="Ranjana Devanand" uid="5252054" lat="26.8034367" lon="75.8521316"/>
 <node id="4805637379" visible="true" version="1" changeset="47968466" timestamp="2017-04-20T11:25:49Z" user="Ranjana Devanand" uid="5252054" lat="26.8038044" lon="75.8520420"/>
 <node id="4805637380" visible="true" version="1" changeset="47968466" timestamp="2017-04-20T11:25:49Z" user="Ranjana Devanand" uid="5252054" lat="26.8041242" lon="75.8519703"/>
 <node id="4805637381" visible="true" version="1" changeset="47968466" timestamp="2017-04-20T11:25:49Z" user="Ranjana Devanand" uid="5252054" lat="26.8045958" lon="75.8518673"/>
 <node id="4805637382" visible="true" version="1" changeset="47968466" timestamp="2017-04-20T11:25:49Z" user="Ranjana Devanand" uid="5252054" lat="26.8049196" lon="75.8517912"/>
 <node id="4805637383" visible="true" version="1" changeset="47968466" timestamp="2017-04-20T11:25:49Z" user="Ranjana Devanand" uid="5252054" lat="26.8052953" lon="75.8517061"/>
 <node id="4805637384" visible="true" version="1" changeset="47968466" timestamp="2017-04-20T11:25:49Z" user="Ranjana Devanand" uid="5252054" lat="26.8055511" lon="75.8516524"/>
 <node id="4805637385" visible="true" version="1" changeset="47968466" timestamp="2017-04-20T11:25:49Z" user="Ranjana Devanand" uid="5252054" lat="26.8057590" lon="75.8516076"/>
 <node id="4805637386" visible="true" version="1" changeset="47968466" timestamp="2017-04-20T11:25:49Z" user="Ranjana Devanand" uid="5252054" lat="26.8059508" lon="75.8515628"/>
 <node id="4805637387" visible="true" version="1" changeset="47968466" timestamp="2017-04-20T11:25:49Z" user="Ranjana Devanand" uid="5252054" lat="26.8061467" lon="75.8515180"/>
 <node id="4805637388" visible="true" version="2" changeset="124460822" timestamp="2022-08-04T04:54:38Z" user="user_10603760" uid="10603760" lat="26.8062455" lon="75.8515035"/>
 <node id="4805637389" visible="true" version="1" changeset="47968466" timestamp="2017-04-20T11:25:49Z" user="Ranjana Devanand" uid="5252054" lat="26.8062946" lon="75.8516927"/>
 <node id="4805637390" visible="true" version="1" changeset="47968466" timestamp="2017-04-20T11:25:49Z" user="Ranjana Devanand" uid="5252054" lat="26.8063066" lon="75.8519345"/>
 <node id="4805637391" visible="true" version="1" changeset="47968466" timestamp="2017-04-20T11:25:49Z" user="Ranjana Devanand" uid="5252054" lat="26.8063225" lon="75.8521763"/>
 <node id="4805637392" visible="true" version="1" changeset="47968466" timestamp="2017-04-20T11:25:49Z" user="Ranjana Devanand" uid="5252054" lat="26.8063345" lon="75.8524271"/>
 <node id="4805637393" visible="true" version="2" changeset="124460822" timestamp="2022-08-04T04:54:38Z" user="user_10603760" uid="10603760" lat="26.8063540" lon="75.8526684"/>
 <node id="4805637394" visible="true" version="2" changeset="124460822" timestamp="2022-08-04T04:54:38Z" user="user_10603760" uid="10603760" lat="26.8063827" lon="75.8530371"/>
 <node id="4805637395" visible="true" version="1" changeset="47968466" timestamp="2017-04-20T11:25:49Z" user="Ranjana Devanand" uid="5252054" lat="26.8063985" lon="75.8532019"/>
 <node id="4805637396" visible="true" version="1" changeset="47968466" timestamp="2017-04-20T11:25:49Z" user="Ranjana Devanand" uid="5252054" lat="26.8064784" lon="75.8531929"/>
 <node id="4805637397" visible="true" version="2" changeset="124460822" timestamp="2022-08-04T04:54:38Z" user="user_10603760" uid="10603760" lat="26.8065419" lon="75.8532173"/>
 <node id="4805637398" visible="true" version="1" changeset="47968466" timestamp="2017-04-20T11:25:49Z" user="Ranjana Devanand" uid="5252054" lat="26.8065903" lon="75.8533138"/>
 <node id="4805637399" visible="true" version="1" changeset="47968466" timestamp="2017-04-20T11:25:49Z" user="Ranjana Devanand" uid="5252054" lat="26.8046303" lon="75.8518592"/>
 <node id="4805637400" visible="true" version="1" changeset="47968466" timestamp="2017-04-20T11:25:49Z" user="Ranjana Devanand" uid="5252054" lat="26.8046798" lon="75.8521495"/>
 <node id="4805637401" visible="true" version="1" changeset="47968466" timestamp="2017-04-20T11:25:49Z" user="Ranjana Devanand" uid="5252054" lat="26.8047397" lon="75.8525122"/>
 <node id="4805637402" visible="true" version="1" changeset="47968466" timestamp="2017-04-20T11:25:49Z" user="Ranjana Devanand" uid="5252054" lat="26.8048197" lon="75.8528750"/>
 <node id="4805637403" visible="true" version="1" changeset="47968466" timestamp="2017-04-20T11:25:49Z" user="Ranjana Devanand" uid="5252054" lat="26.8048556" lon="75.8531660"/>
 <node id="4805637404" visible="true" version="1" changeset="47968466" timestamp="2017-04-20T11:25:49Z" user="Ranjana Devanand" uid="5252054" lat="26.8048916" lon="75.8534661"/>
 <node id="4805637405" visible="true" version="1" changeset="47968466" timestamp="2017-04-20T11:25:49Z" user="Ranjana Devanand" uid="5252054" lat="26.8049715" lon="75.8538691"/>
 <node id="4805637406" visible="true" version="1" changeset="47968466" timestamp="2017-04-20T11:25:49Z" user="Ranjana Devanand" uid="5252054" lat="26.8063121" lon="75.8520191"/>
 <node id="4805637412" visible="true" version="1" changeset="47968466" timestamp="2017-04-20T11:25:49Z" user="Ranjana Devanand" uid="5252054" lat="26.8047190" lon="75.8523870"/>
 <node id="4805637413" visible="true" version="1" changeset="47968466" timestamp="2017-04-20T11:25:49Z" user="Ranjana Devanand" uid="5252054" lat="26.8061387" lon="75.8524809"/>
 <node id="4805637414" visible="true" version="1" changeset="47968466" timestamp="2017-04-20T11:25:49Z" user="Ranjana Devanand" uid="5252054" lat="26.8058189" lon="75.8525436"/>
 <node id="4805637415" visible="true" version="1" changeset="47968466" timestamp="2017-04-20T11:25:49Z" user="Ranjana Devanand" uid="5252054" lat="26.8055711" lon="75.8526107"/>
 <node id="4805637416" visible="true" version="1" changeset="47968466" timestamp="2017-04-20T11:25:49Z" user="Ranjana Devanand" uid="5252054" lat="26.8052873" lon="75.8526869"/>
 <node id="4805637417" visible="true" version="1" changeset="47968466" timestamp="2017-04-20T11:25:49Z" user="Ranjana Devanand" uid="5252054" lat="26.8050555" lon="75.8527361"/>
 <node id="4805637418" visible="true" version="1" changeset="47968466" timestamp="2017-04-20T11:25:49Z" user="Ranjana Devanand" uid="5252054" lat="26.8048020" lon="75.8527948"/>
 <node id="4805637419" visible="true" version="2" changeset="124460822" timestamp="2022-08-04T04:54:38Z" user="user_10603760" uid="10603760" lat="26.8063654" lon="75.8528493"/>
 <node id="4805637420" visible="true" version="1" changeset="47968466" timestamp="2017-04-20T11:25:49Z" user="Ranjana Devanand" uid="5252054" lat="26.8061906" lon="75.8528929"/>
 <node id="4805637421" visible="true" version="1" changeset="47968466" timestamp="2017-04-20T11:25:49Z" user="Ranjana Devanand" uid="5252054" lat="26.8059748" lon="75.8529466"/>
 <node id="4805637422" visible="true" version="1" changeset="47968466" timestamp="2017-04-20T11:25:49Z" user="Ranjana Devanand" uid="5252054" lat="26.8057590" lon="75.8529959"/>
 <node id="4805637423" visible="true" version="1" changeset="47968466" timestamp="2017-04-20T11:25:49Z" user="Ranjana Devanand" uid="5252054" lat="26.8055111" lon="75.8530586"/>
 <node id="4805637424" visible="true" version="2" changeset="73656316" timestamp="2019-08-23T09:28:26Z" user="Arpitha AM" uid="8782077" lat="26.8053319" lon="75.8530962"/>
 <node id="4805637425" visible="true" version="1" changeset="47968466" timestamp="2017-04-20T11:25:50Z" user="Ranjana Devanand" uid="5252054" lat="26.8049995" lon="75.8531750"/>
 <node id="4805637426" visible="true" version="1" changeset="47968466" timestamp="2017-04-20T11:25:50Z" user="Ranjana Devanand" uid="5252054" lat="26.8048605" lon="75.8532068"/>
 <node id="4805637435" visible="true" version="1" changeset="47968466" timestamp="2017-04-20T11:25:50Z" user="Ranjana Devanand" uid="5252054" lat="26.8044617" lon="75.8509056"/>
 <node id="4805637440" visible="true" version="1" changeset="47968466" timestamp="2017-04-20T11:25:50Z" user="Ranjana Devanand" uid="5252054" lat="26.8050940" lon="75.8517517"/>
 <node id="4805637441" visible="true" version="1" changeset="47968466" timestamp="2017-04-20T11:25:50Z" user="Ranjana Devanand" uid="5252054" lat="26.8061707" lon="75.8533228"/>
 <node id="4805637442" visible="true" version="1" changeset="47968466" timestamp="2017-04-20T11:25:50Z" user="Ranjana Devanand" uid="5252054" lat="26.8058309" lon="75.8534795"/>
 <node id="4805637443" visible="true" version="2" changeset="73656316" timestamp="2019-08-23T09:28:26Z" user="Arpitha AM" uid="8782077" lat="26.8054233" lon="75.8536775"/>
 <node id="4805637444" visible="true" version="1" changeset="47968466" timestamp="2017-04-20T11:25:50Z" user="Ranjana Devanand" uid="5252054" lat="26.8052114" lon="75.8537751"/>
 <node id="4805637445" visible="true" version="1" changeset="47968466" timestamp="2017-04-20T11:25:50Z" user="Ranjana Devanand" uid="5252054" lat="26.8047117" lon="75.8539900"/>
 <node id="4805637446" visible="true" version="1" changeset="47968466" timestamp="2017-04-20T11:25:50Z" user="Ranjana Devanand" uid="5252054" lat="26.8063985" lon="75.8537930"/>
 <node id="4805637447" visible="true" version="1" changeset="47968466" timestamp="2017-04-20T11:25:50Z" user="Ranjana Devanand" uid="5252054" lat="26.8061227" lon="75.8539229"/>
 <node id="4805637448" visible="true" version="1" changeset="47968466" timestamp="2017-04-20T11:25:50Z" user="Ranjana Devanand" uid="5252054" lat="26.8057110" lon="75.8541020"/>
 <node id="4805637449" visible="true" version="1" changeset="47968466" timestamp="2017-04-20T11:25:50Z" user="Ranjana Devanand" uid="5252054" lat="26.8054192" lon="75.8542274"/>
 <node id="4805637450" visible="true" version="1" changeset="47968466" timestamp="2017-04-20T11:25:50Z" user="Ranjana Devanand" uid="5252054" lat="26.8051394" lon="75.8543752"/>
 <node id="4805637451" visible="true" version="1" changeset="47968466" timestamp="2017-04-20T11:25:50Z" user="Ranjana Devanand" uid="5252054" lat="26.8048556" lon="75.8545095"/>
 <node id="4805637452" visible="true" version="1" changeset="47968466" timestamp="2017-04-20T11:25:50Z" user="Ranjana Devanand" uid="5252054" lat="26.8044839" lon="75.8546573"/>
 <node id="4805637453" visible="true" version="1" changeset="47968466" timestamp="2017-04-20T11:25:50Z" user="Ranjana Devanand" uid="5252054" lat="26.8042761" lon="75.8547424"/>
 <node id="4805637454" visible="true" version="1" changeset="47968466" timestamp="2017-04-20T11:25:50Z" user="Ranjana Devanand" uid="5252054" lat="26.8040562" lon="75.8548543"/>
 <node id="4805637455" visible="true" version="1" changeset="47968466" timestamp="2017-04-20T11:25:50Z" user="Ranjana Devanand" uid="5252054" lat="26.8038284" lon="75.8549394"/>
 <node id="4805637456" visible="true" version="1" changeset="47968466" timestamp="2017-04-20T11:25:50Z" user="Ranjana Devanand" uid="5252054" lat="26.8035686" lon="75.8550827"/>
 <node id="4805637457" visible="true" version="1" changeset="47968466" timestamp="2017-04-20T11:25:50Z" user="Ranjana Devanand" uid="5252054" lat="26.8032248" lon="75.8552260"/>
 <node id="4805637458" visible="true" version="1" changeset="47968466" timestamp="2017-04-20T11:25:50Z" user="Ranjana Devanand" uid="5252054" lat="26.8043840" lon="75.8541468"/>
 <node id="4805637459" visible="true" version="1" changeset="47968466" timestamp="2017-04-20T11:25:50Z" user="Ranjana Devanand" uid="5252054" lat="26.8040682" lon="75.8542990"/>
 <node id="4805637460" visible="true" version="1" changeset="47968466" timestamp="2017-04-20T11:25:50Z" user="Ranjana Devanand" uid="5252054" lat="26.8037364" lon="75.8544200"/>
 <node id="4805637461" visible="true" version="1" changeset="47968466" timestamp="2017-04-20T11:25:50Z" user="Ranjana Devanand" uid="5252054" lat="26.8034407" lon="75.8545633"/>
 <node id="4805637462" visible="true" version="1" changeset="47968466" timestamp="2017-04-20T11:25:50Z" user="Ranjana Devanand" uid="5252054" lat="26.8031329" lon="75.8546976"/>
 <node id="4805637463" visible="true" version="1" changeset="47968466" timestamp="2017-04-20T11:25:50Z" user="Ranjana Devanand" uid="5252054" lat="26.8031963" lon="75.8552950"/>
 <node id="4805637464" visible="true" version="1" changeset="47968466" timestamp="2017-04-20T11:25:50Z" user="Ranjana Devanand" uid="5252054" lat="26.8030189" lon="75.8553535"/>
 <node id="4805637465" visible="true" version="1" changeset="47968466" timestamp="2017-04-20T11:25:50Z" user="Ranjana Devanand" uid="5252054" lat="26.8028519" lon="75.8554042"/>
 <node id="4805637466" visible="true" version="1" changeset="47968466" timestamp="2017-04-20T11:25:50Z" user="Ranjana Devanand" uid="5252054" lat="26.8027536" lon="75.8554337"/>
 <node id="4805637467" visible="true" version="1" changeset="47968466" timestamp="2017-04-20T11:25:50Z" user="Ranjana Devanand" uid="5252054" lat="26.8026424" lon="75.8554675"/>
 <node id="4805637468" visible="true" version="1" changeset="47968466" timestamp="2017-04-20T11:25:50Z" user="Ranjana Devanand" uid="5252054" lat="26.8025142" lon="75.8513257"/>
 <node id="4805637469" visible="true" version="1" changeset="47968466" timestamp="2017-04-20T11:25:50Z" user="Ranjana Devanand" uid="5252054" lat="26.8025978" lon="75.8516733"/>
 <node id="4805637470" visible="true" version="1" changeset="47968466" timestamp="2017-04-20T11:25:50Z" user="Ranjana Devanand" uid="5252054" lat="26.8026500" lon="75.8520163"/>
 <node id="4805637471" visible="true" version="1" changeset="47968466" timestamp="2017-04-20T11:25:50Z" user="Ranjana Devanand" uid="5252054" lat="26.8027683" lon="75.8526869"/>
 <node id="4805637472" visible="true" version="1" changeset="47968466" timestamp="2017-04-20T11:25:50Z" user="Ranjana Devanand" uid="5252054" lat="26.8028345" lon="75.8530728"/>
 <node id="4805637473" visible="true" version="1" changeset="47968466" timestamp="2017-04-20T11:25:50Z" user="Ranjana Devanand" uid="5252054" lat="26.8029110" lon="75.8534432"/>
 <node id="4805637474" visible="true" version="1" changeset="47968466" timestamp="2017-04-20T11:25:50Z" user="Ranjana Devanand" uid="5252054" lat="26.8029841" lon="75.8539344"/>
 <node id="4805637475" visible="true" version="1" changeset="47968466" timestamp="2017-04-20T11:25:50Z" user="Ranjana Devanand" uid="5252054" lat="26.8030572" lon="75.8542931"/>
 <node id="4805637476" visible="true" version="1" changeset="47968466" timestamp="2017-04-20T11:25:50Z" user="Ranjana Devanand" uid="5252054" lat="26.8031024" lon="75.8545465"/>
 <node id="4805637477" visible="true" version="1" changeset="47968466" timestamp="2017-04-20T11:25:50Z" user="Ranjana Devanand" uid="5252054" lat="26.8031650" lon="75.8549247"/>
 <node id="4805637478" visible="true" version="1" changeset="47968466" timestamp="2017-04-20T11:25:50Z" user="Ranjana Devanand" uid="5252054" lat="26.8031476" lon="75.8521949"/>
 <node id="4805637479" visible="true" version="1" changeset="47968466" timestamp="2017-04-20T11:25:50Z" user="Ranjana Devanand" uid="5252054" lat="26.8031859" lon="75.8524305"/>
 <node id="4805637480" visible="true" version="1" changeset="47968466" timestamp="2017-04-20T11:25:50Z" user="Ranjana Devanand" uid="5252054" lat="26.8032594" lon="75.8528266"/>
 <node id="4805637481" visible="true" version="1" changeset="47968466" timestamp="2017-04-20T11:25:50Z" user="Ranjana Devanand" uid="5252054" lat="26.8033145" lon="75.8531250"/>
 <node id="4805637482" visible="true" version="1" changeset="47968466" timestamp="2017-04-20T11:25:50Z" user="Ranjana Devanand" uid="5252054" lat="26.8033742" lon="75.8535365"/>
 <node id="4805637483" visible="true" version="1" changeset="47968466" timestamp="2017-04-20T11:25:50Z" user="Ranjana Devanand" uid="5252054" lat="26.8034385" lon="75.8539275"/>
 <node id="4805637484" visible="true" version="1" changeset="47968466" timestamp="2017-04-20T11:25:50Z" user="Ranjana Devanand" uid="5252054" lat="26.8034981" lon="75.8542619"/>
 <node id="4805637485" visible="true" version="1" changeset="47968466" timestamp="2017-04-20T11:25:50Z" user="Ranjana Devanand" uid="5252054" lat="26.8035416" lon="75.8545143"/>
 <node id="4805637490" visible="true" version="1" changeset="47968466" timestamp="2017-04-20T11:25:50Z" user="Ranjana Devanand" uid="5252054" lat="26.8026102" lon="75.8517544"/>
 <node id="4805637491" visible="true" version="1" changeset="47968466" timestamp="2017-04-20T11:25:50Z" user="Ranjana Devanand" uid="5252054" lat="26.8047471" lon="75.8525456"/>
 <node id="4805637492" visible="true" version="1" changeset="47968466" timestamp="2017-04-20T11:25:50Z" user="Ranjana Devanand" uid="5252054" lat="26.8045589" lon="75.8525995"/>
 <node id="4805637493" visible="true" version="1" changeset="47968466" timestamp="2017-04-20T11:25:50Z" user="Ranjana Devanand" uid="5252054" lat="26.8043670" lon="75.8526577"/>
 <node id="4805637494" visible="true" version="1" changeset="47968466" timestamp="2017-04-20T11:25:51Z" user="Ranjana Devanand" uid="5252054" lat="26.8041432" lon="75.8527159"/>
 <node id="4805637495" visible="true" version="1" changeset="47968466" timestamp="2017-04-20T11:25:51Z" user="Ranjana Devanand" uid="5252054" lat="26.8039433" lon="75.8527652"/>
 <node id="4805637496" visible="true" version="1" changeset="47968466" timestamp="2017-04-20T11:25:51Z" user="Ranjana Devanand" uid="5252054" lat="26.8036915" lon="75.8528189"/>
 <node id="4805637497" visible="true" version="1" changeset="47968466" timestamp="2017-04-20T11:25:51Z" user="Ranjana Devanand" uid="5252054" lat="26.8034597" lon="75.8528637"/>
 <node id="4805637498" visible="true" version="1" changeset="47968466" timestamp="2017-04-20T11:25:51Z" user="Ranjana Devanand" uid="5252054" lat="26.8032750" lon="75.8529115"/>
 <node id="4805637499" visible="true" version="1" changeset="47968466" timestamp="2017-04-20T11:25:51Z" user="Ranjana Devanand" uid="5252054" lat="26.8019807" lon="75.8563910"/>
 <node id="4805637500" visible="true" version="1" changeset="47968466" timestamp="2017-04-20T11:25:51Z" user="Ranjana Devanand" uid="5252054" lat="26.8019288" lon="75.8562269"/>
 <node id="4805637501" visible="true" version="1" changeset="47968466" timestamp="2017-04-20T11:25:51Z" user="Ranjana Devanand" uid="5252054" lat="26.8018928" lon="75.8560299"/>
 <node id="4805637502" visible="true" version="1" changeset="47968466" timestamp="2017-04-20T11:25:51Z" user="Ranjana Devanand" uid="5252054" lat="26.8018408" lon="75.8557612"/>
 <node id="4805637503" visible="true" version="1" changeset="47968466" timestamp="2017-04-20T11:25:51Z" user="Ranjana Devanand" uid="5252054" lat="26.8017889" lon="75.8554522"/>
 <node id="4805637504" visible="true" version="1" changeset="47968466" timestamp="2017-04-20T11:25:51Z" user="Ranjana Devanand" uid="5252054" lat="26.8017169" lon="75.8551163"/>
 <node id="4805637505" visible="true" version="1" changeset="47968466" timestamp="2017-04-20T11:25:51Z" user="Ranjana Devanand" uid="5252054" lat="26.8016530" lon="75.8547043"/>
 <node id="4805637506" visible="true" version="1" changeset="47968466" timestamp="2017-04-20T11:25:51Z" user="Ranjana Devanand" uid="5252054" lat="26.8015970" lon="75.8544043"/>
 <node id="4805637507" visible="true" version="1" changeset="47968466" timestamp="2017-04-20T11:25:51Z" user="Ranjana Devanand" uid="5252054" lat="26.8015490" lon="75.8541266"/>
 <node id="4805637508" visible="true" version="1" changeset="47968466" timestamp="2017-04-20T11:25:51Z" user="Ranjana Devanand" uid="5252054" lat="26.8015091" lon="75.8538624"/>
 <node id="4805637509" visible="true" version="1" changeset="47968466" timestamp="2017-04-20T11:25:51Z" user="Ranjana Devanand" uid="5252054" lat="26.8015530" lon="75.8537728"/>
 <node id="4805637510" visible="true" version="1" changeset="47968466" timestamp="2017-04-20T11:25:51Z" user="Ranjana Devanand" uid="5252054" lat="26.8016610" lon="75.8537325"/>
 <node id="4805637511" visible="true" version="1" changeset="47968466" timestamp="2017-04-20T11:25:51Z" user="Ranjana Devanand" uid="5252054" lat="26.8018448" lon="75.8536922"/>
 <node id="4805637512" visible="true" version="2" changeset="75648762" timestamp="2019-10-14T08:12:07Z" user="Rajyalakshmi" uid="10287759" lat="26.8020626" lon="75.8536130"/>
 <node id="4805637513" visible="true" version="2" changeset="75648762" timestamp="2019-10-14T08:12:07Z" user="Rajyalakshmi" uid="10287759" lat="26.8021740" lon="75.8535729"/>
 <node id="4805637514" visible="true" version="1" changeset="47968466" timestamp="2017-04-20T11:25:51Z" user="Ranjana Devanand" uid="5252054" lat="26.8022918" lon="75.8535706"/>
 <node id="4805655839" visible="true" version="1" changeset="47968791" timestamp="2017-04-20T11:38:44Z" user="Ranjana Devanand" uid="5252054" lat="26.7987470" lon="75.8552994"/>
 <node id="4805655840" visible="true" version="1" changeset="47968791" timestamp="2017-04-20T11:38:44Z" user="Ranjana Devanand" uid="5252054" lat="26.7986315" lon="75.8549852"/>
 <node id="4805655841" visible="true" version="1" changeset="47968791" timestamp="2017-04-20T11:38:44Z" user="Ranjana Devanand" uid="5252054" lat="26.7985270" lon="75.8548250"/>
 <node id="4805655842" visible="true" version="1" changeset="47968791" timestamp="2017-04-20T11:38:44Z" user="Ranjana Devanand" uid="5252054" lat="26.7983840" lon="75.8547572"/>
 <node id="4805655843" visible="true" version="1" changeset="47968791" timestamp="2017-04-20T11:38:44Z" user="Ranjana Devanand" uid="5252054" lat="26.7981420" lon="75.8548681"/>
 <node id="4805655844" visible="true" version="1" changeset="47968791" timestamp="2017-04-20T11:38:44Z" user="Ranjana Devanand" uid="5252054" lat="26.7975259" lon="75.8551762"/>
 <node id="4805655845" visible="true" version="1" changeset="47968791" timestamp="2017-04-20T11:38:44Z" user="Ranjana Devanand" uid="5252054" lat="26.7969594" lon="75.8554597"/>
 <node id="4805655846" visible="true" version="1" changeset="47968791" timestamp="2017-04-20T11:38:44Z" user="Ranjana Devanand" uid="5252054" lat="26.7963433" lon="75.8557616"/>
 <node id="4805655847" visible="true" version="1" changeset="47968791" timestamp="2017-04-20T11:38:44Z" user="Ranjana Devanand" uid="5252054" lat="26.7958703" lon="75.8560266"/>
 <node id="4805655848" visible="true" version="1" changeset="47968791" timestamp="2017-04-20T11:38:44Z" user="Ranjana Devanand" uid="5252054" lat="26.7950948" lon="75.8564394"/>
 <node id="4805655849" visible="true" version="1" changeset="47968791" timestamp="2017-04-20T11:38:44Z" user="Ranjana Devanand" uid="5252054" lat="26.7942202" lon="75.8568831"/>
 <node id="4805655850" visible="true" version="1" changeset="47968791" timestamp="2017-04-20T11:38:44Z" user="Ranjana Devanand" uid="5252054" lat="26.7934721" lon="75.8572713"/>
 <node id="4805655851" visible="true" version="1" changeset="47968791" timestamp="2017-04-20T11:38:44Z" user="Ranjana Devanand" uid="5252054" lat="26.7926140" lon="75.8577027"/>
 <node id="4805655852" visible="true" version="1" changeset="47968791" timestamp="2017-04-20T11:38:44Z" user="Ranjana Devanand" uid="5252054" lat="26.7920310" lon="75.8579615"/>
 <node id="4805655853" visible="true" version="1" changeset="47968791" timestamp="2017-04-20T11:38:44Z" user="Ranjana Devanand" uid="5252054" lat="26.7916569" lon="75.8581771"/>
 <node id="4805655854" visible="true" version="1" changeset="47968791" timestamp="2017-04-20T11:38:44Z" user="Ranjana Devanand" uid="5252054" lat="26.7915964" lon="75.8579861"/>
 <node id="4805655855" visible="true" version="1" changeset="47968791" timestamp="2017-04-20T11:38:44Z" user="Ranjana Devanand" uid="5252054" lat="26.7914809" lon="75.8576410"/>
 <node id="4805655856" visible="true" version="1" changeset="47968791" timestamp="2017-04-20T11:38:44Z" user="Ranjana Devanand" uid="5252054" lat="26.7913489" lon="75.8573576"/>
 <node id="4805655857" visible="true" version="1" changeset="47968791" timestamp="2017-04-20T11:38:44Z" user="Ranjana Devanand" uid="5252054" lat="26.7912499" lon="75.8571542"/>
 <node id="4805655858" visible="true" version="2" changeset="149206895" timestamp="2024-03-27T07:06:32Z" user="mdtauhid" uid="19369851" lat="26.7909633" lon="75.8564340"/>
 <node id="4805655861" visible="true" version="1" changeset="47968791" timestamp="2017-04-20T11:38:44Z" user="Ranjana Devanand" uid="5252054" lat="26.7909748" lon="75.8563593"/>
 <node id="4805655862" visible="true" version="1" changeset="47968791" timestamp="2017-04-20T11:38:44Z" user="Ranjana Devanand" uid="5252054" lat="26.7910904" lon="75.8562731"/>
 <node id="4805655863" visible="true" version="1" changeset="47968791" timestamp="2017-04-20T11:38:44Z" user="Ranjana Devanand" uid="5252054" lat="26.7913049" lon="75.8561560"/>
 <node id="4805655864" visible="true" version="1" changeset="47968791" timestamp="2017-04-20T11:38:44Z" user="Ranjana Devanand" uid="5252054" lat="26.7915249" lon="75.8560512"/>
 <node id="4805655865" visible="true" version="1" changeset="47968791" timestamp="2017-04-20T11:38:44Z" user="Ranjana Devanand" uid="5252054" lat="26.7917614" lon="75.8559341"/>
 <node id="4805655866" visible="true" version="1" changeset="47968791" timestamp="2017-04-20T11:38:44Z" user="Ranjana Devanand" uid="5252054" lat="26.7920585" lon="75.8557739"/>
 <node id="4805655867" visible="true" version="1" changeset="47968791" timestamp="2017-04-20T11:38:44Z" user="Ranjana Devanand" uid="5252054" lat="26.7922730" lon="75.8556630"/>
 <node id="4805655868" visible="true" version="1" changeset="47968791" timestamp="2017-04-20T11:38:44Z" user="Ranjana Devanand" uid="5252054" lat="26.7927350" lon="75.8554288"/>
 <node id="4805655869" visible="true" version="2" changeset="139345360" timestamp="2023-08-02T12:23:22Z" user="chandrashekaru" uid="19582889" lat="26.7933650" lon="75.8551132"/>
 <node id="4805655870" visible="true" version="1" changeset="47968791" timestamp="2017-04-20T11:38:45Z" user="Ranjana Devanand" uid="5252054" lat="26.7937526" lon="75.8548989"/>
 <node id="4805655871" visible="true" version="1" changeset="47968791" timestamp="2017-04-20T11:38:45Z" user="Ranjana Devanand" uid="5252054" lat="26.7943962" lon="75.8545846"/>
 <node id="4805655872" visible="true" version="2" changeset="139345116" timestamp="2023-08-02T12:18:41Z" user="chandrashekaru" uid="19582889" lat="26.7943551" lon="75.8543913"/>
 <node id="4805655873" visible="true" version="1" changeset="47968791" timestamp="2017-04-20T11:38:45Z" user="Ranjana Devanand" uid="5252054" lat="26.7996888" lon="75.8580023"/>
 <node id="4805655874" visible="true" version="1" changeset="47968791" timestamp="2017-04-20T11:38:45Z" user="Ranjana Devanand" uid="5252054" lat="26.7994895" lon="75.8580727"/>
 <node id="4805655875" visible="true" version="1" changeset="47968791" timestamp="2017-04-20T11:38:45Z" user="Ranjana Devanand" uid="5252054" lat="26.7991394" lon="75.8581918"/>
 <node id="4805655876" visible="true" version="1" changeset="47968791" timestamp="2017-04-20T11:38:45Z" user="Ranjana Devanand" uid="5252054" lat="26.7987288" lon="75.8583086"/>
 <node id="4805655877" visible="true" version="1" changeset="47968791" timestamp="2017-04-20T11:38:45Z" user="Ranjana Devanand" uid="5252054" lat="26.7984245" lon="75.8583949"/>
 <node id="4805655878" visible="true" version="1" changeset="47968791" timestamp="2017-04-20T11:38:45Z" user="Ranjana Devanand" uid="5252054" lat="26.7979702" lon="75.8585491"/>
 <node id="4805655879" visible="true" version="1" changeset="47968791" timestamp="2017-04-20T11:38:45Z" user="Ranjana Devanand" uid="5252054" lat="26.7975346" lon="75.8586892"/>
 <node id="4805655880" visible="true" version="1" changeset="47968791" timestamp="2017-04-20T11:38:45Z" user="Ranjana Devanand" uid="5252054" lat="26.7970719" lon="75.8588479"/>
 <node id="4805655881" visible="true" version="1" changeset="47968791" timestamp="2017-04-20T11:38:45Z" user="Ranjana Devanand" uid="5252054" lat="26.7966571" lon="75.8589694"/>
 <node id="4805655882" visible="true" version="1" changeset="47968791" timestamp="2017-04-20T11:38:45Z" user="Ranjana Devanand" uid="5252054" lat="26.7963924" lon="75.8590464"/>
 <node id="4805655883" visible="true" version="1" changeset="47968791" timestamp="2017-04-20T11:38:45Z" user="Ranjana Devanand" uid="5252054" lat="26.7960256" lon="75.8591585"/>
 <node id="4805655884" visible="true" version="1" changeset="47968791" timestamp="2017-04-20T11:38:45Z" user="Ranjana Devanand" uid="5252054" lat="26.7956629" lon="75.8592846"/>
 <node id="4805655885" visible="true" version="1" changeset="47968791" timestamp="2017-04-20T11:38:45Z" user="Ranjana Devanand" uid="5252054" lat="26.7950918" lon="75.8594690"/>
 <node id="4805655886" visible="true" version="1" changeset="47968791" timestamp="2017-04-20T11:38:45Z" user="Ranjana Devanand" uid="5252054" lat="26.7945165" lon="75.8596675"/>
 <node id="4805655887" visible="true" version="2" changeset="122415850" timestamp="2022-06-15T12:12:58Z" user="YataGeo" uid="15458620" lat="26.7940062" lon="75.8598245"/>
 <node id="4805655888" visible="true" version="1" changeset="47968791" timestamp="2017-04-20T11:38:45Z" user="Ranjana Devanand" uid="5252054" lat="26.7934056" lon="75.8600084"/>
 <node id="4805655889" visible="true" version="2" changeset="122415850" timestamp="2022-06-15T12:12:58Z" user="YataGeo" uid="15458620" lat="26.7928105" lon="75.8602201"/>
 <node id="4805655890" visible="true" version="1" changeset="47968791" timestamp="2017-04-20T11:38:45Z" user="Ranjana Devanand" uid="5252054" lat="26.7925550" lon="75.8603103"/>
 <node id="4805655891" visible="true" version="2" changeset="73563793" timestamp="2019-08-21T05:37:19Z" user="Anas Lari" uid="9086392" lat="26.7918744" lon="75.8605144"/>
 <node id="4805655892" visible="true" version="1" changeset="47968791" timestamp="2017-04-20T11:38:45Z" user="Ranjana Devanand" uid="5252054" lat="26.7913792" lon="75.8606497"/>
 <node id="4805655893" visible="true" version="1" changeset="47968791" timestamp="2017-04-20T11:38:45Z" user="Ranjana Devanand" uid="5252054" lat="26.7909400" lon="75.8607920"/>
 <node id="4805655894" visible="true" version="1" changeset="47968791" timestamp="2017-04-20T11:38:45Z" user="Ranjana Devanand" uid="5252054" lat="26.7899529" lon="75.8611030"/>
 <node id="4805655895" visible="true" version="1" changeset="47968791" timestamp="2017-04-20T11:38:45Z" user="Ranjana Devanand" uid="5252054" lat="26.7892688" lon="75.8613226"/>
 <node id="4805655896" visible="true" version="1" changeset="47968791" timestamp="2017-04-20T11:38:45Z" user="Ranjana Devanand" uid="5252054" lat="26.7887444" lon="75.8615096"/>
 <node id="4805655897" visible="true" version="1" changeset="47968791" timestamp="2017-04-20T11:38:45Z" user="Ranjana Devanand" uid="5252054" lat="26.7883543" lon="75.8616255"/>
 <node id="4805655898" visible="true" version="1" changeset="47968791" timestamp="2017-04-20T11:38:45Z" user="Ranjana Devanand" uid="5252054" lat="26.7879751" lon="75.8617413"/>
 <node id="4805655899" visible="true" version="1" changeset="47968791" timestamp="2017-04-20T11:38:45Z" user="Ranjana Devanand" uid="5252054" lat="26.7873381" lon="75.8619344"/>
 <node id="4805655900" visible="true" version="1" changeset="47968791" timestamp="2017-04-20T11:38:45Z" user="Ranjana Devanand" uid="5252054" lat="26.7868645" lon="75.8621052"/>
 <node id="4805655901" visible="true" version="1" changeset="47968791" timestamp="2017-04-20T11:38:45Z" user="Ranjana Devanand" uid="5252054" lat="26.7864728" lon="75.8622220"/>
 <node id="4805655902" visible="true" version="1" changeset="47968791" timestamp="2017-04-20T11:38:45Z" user="Ranjana Devanand" uid="5252054" lat="26.7857840" lon="75.8624202"/>
 <node id="4805655903" visible="true" version="1" changeset="47968791" timestamp="2017-04-20T11:38:45Z" user="Ranjana Devanand" uid="5252054" lat="26.7850068" lon="75.8626927"/>
 <node id="4805655904" visible="true" version="1" changeset="47968791" timestamp="2017-04-20T11:38:45Z" user="Ranjana Devanand" uid="5252054" lat="26.7838852" lon="75.8630443"/>
 <node id="4805655905" visible="true" version="2" changeset="73536881" timestamp="2019-08-20T12:18:45Z" user="Sai Suman Kalyanam" uid="9086366" lat="26.7836459" lon="75.8631364"/>
 <node id="4805655907" visible="true" version="5" changeset="75807654" timestamp="2019-10-17T03:02:07Z" user="Sebin Johny" uid="8782072" lat="26.7836114" lon="75.8632803"/>
 <node id="4805655908" visible="true" version="3" changeset="93184083" timestamp="2020-10-28T14:00:33Z" user="variable90" uid="9379644" lat="26.7999134" lon="75.8582930"/>
 <node id="4805655909" visible="true" version="1" changeset="47968791" timestamp="2017-04-20T11:38:45Z" user="Ranjana Devanand" uid="5252054" lat="26.7999622" lon="75.8585562"/>
 <node id="4805655910" visible="true" version="1" changeset="47968791" timestamp="2017-04-20T11:38:45Z" user="Ranjana Devanand" uid="5252054" lat="26.8000227" lon="75.8588808"/>
 <node id="4805655911" visible="true" version="1" changeset="47968791" timestamp="2017-04-20T11:38:45Z" user="Ranjana Devanand" uid="5252054" lat="26.8001811" lon="75.8595322"/>
 <node id="4805655912" visible="true" version="1" changeset="47968791" timestamp="2017-04-20T11:38:45Z" user="Ranjana Devanand" uid="5252054" lat="26.8002873" lon="75.8599782"/>
 <node id="4805655913" visible="true" version="1" changeset="47968791" timestamp="2017-04-20T11:38:45Z" user="Ranjana Devanand" uid="5252054" lat="26.8003478" lon="75.8603121"/>
 <node id="4805655914" visible="true" version="4" changeset="93184083" timestamp="2020-10-28T14:00:33Z" user="variable90" uid="9379644" lat="26.7999325" lon="75.8584062"/>
 <node id="4805655915" visible="true" version="1" changeset="47968791" timestamp="2017-04-20T11:38:45Z" user="Ranjana Devanand" uid="5252054" lat="26.7997705" lon="75.8584535"/>
 <node id="4805655916" visible="true" version="1" changeset="47968791" timestamp="2017-04-20T11:38:45Z" user="Ranjana Devanand" uid="5252054" lat="26.7995099" lon="75.8585469"/>
 <node id="4805655917" visible="true" version="1" changeset="47968791" timestamp="2017-04-20T11:38:45Z" user="Ranjana Devanand" uid="5252054" lat="26.7992723" lon="75.8586099"/>
 <node id="4805655918" visible="true" version="1" changeset="47968791" timestamp="2017-04-20T11:38:45Z" user="Ranjana Devanand" uid="5252054" lat="26.7989951" lon="75.8587056"/>
 <node id="4805655919" visible="true" version="1" changeset="47968791" timestamp="2017-04-20T11:38:45Z" user="Ranjana Devanand" uid="5252054" lat="26.7986888" lon="75.8587920"/>
 <node id="4805655920" visible="true" version="1" changeset="47968791" timestamp="2017-04-20T11:38:45Z" user="Ranjana Devanand" uid="5252054" lat="26.7984866" lon="75.8588621"/>
 <node id="4805656021" visible="true" version="1" changeset="47968791" timestamp="2017-04-20T11:38:45Z" user="Ranjana Devanand" uid="5252054" lat="26.7982052" lon="75.8589532"/>
 <node id="4805656022" visible="true" version="1" changeset="47968791" timestamp="2017-04-20T11:38:45Z" user="Ranjana Devanand" uid="5252054" lat="26.7978551" lon="75.8590652"/>
 <node id="4805656023" visible="true" version="1" changeset="47968791" timestamp="2017-04-20T11:38:45Z" user="Ranjana Devanand" uid="5252054" lat="26.7975591" lon="75.8591586"/>
 <node id="4805656024" visible="true" version="1" changeset="47968791" timestamp="2017-04-20T11:38:45Z" user="Ranjana Devanand" uid="5252054" lat="26.7972507" lon="75.8592614"/>
 <node id="4805656025" visible="true" version="1" changeset="47968791" timestamp="2017-04-20T11:38:45Z" user="Ranjana Devanand" uid="5252054" lat="26.7970589" lon="75.8593198"/>
 <node id="4805656026" visible="true" version="1" changeset="47968791" timestamp="2017-04-20T11:38:45Z" user="Ranjana Devanand" uid="5252054" lat="26.7968567" lon="75.8593828"/>
 <node id="4805656027" visible="true" version="1" changeset="47968791" timestamp="2017-04-20T11:38:45Z" user="Ranjana Devanand" uid="5252054" lat="26.7967192" lon="75.8594272"/>
 <node id="4805656028" visible="true" version="1" changeset="47968791" timestamp="2017-04-20T11:38:45Z" user="Ranjana Devanand" uid="5252054" lat="26.7964649" lon="75.8595159"/>
 <node id="4805656029" visible="true" version="1" changeset="47968791" timestamp="2017-04-20T11:38:45Z" user="Ranjana Devanand" uid="5252054" lat="26.7962794" lon="75.8595743"/>
 <node id="4805656030" visible="true" version="1" changeset="47968791" timestamp="2017-04-20T11:38:45Z" user="Ranjana Devanand" uid="5252054" lat="26.7960293" lon="75.8596513"/>
 <node id="4805656031" visible="true" version="1" changeset="47968791" timestamp="2017-04-20T11:38:45Z" user="Ranjana Devanand" uid="5252054" lat="26.7958896" lon="75.8596863"/>
 <node id="4805656032" visible="true" version="1" changeset="47968791" timestamp="2017-04-20T11:38:45Z" user="Ranjana Devanand" uid="5252054" lat="26.7956958" lon="75.8597564"/>
 <node id="4805656033" visible="true" version="1" changeset="47968791" timestamp="2017-04-20T11:38:45Z" user="Ranjana Devanand" uid="5252054" lat="26.7954749" lon="75.8598335"/>
 <node id="4805656034" visible="true" version="1" changeset="47968791" timestamp="2017-04-20T11:38:45Z" user="Ranjana Devanand" uid="5252054" lat="26.7953081" lon="75.8598848"/>
 <node id="4805656035" visible="true" version="1" changeset="47968791" timestamp="2017-04-20T11:38:45Z" user="Ranjana Devanand" uid="5252054" lat="26.7950664" lon="75.8599525"/>
 <node id="4805656036" visible="true" version="1" changeset="47968791" timestamp="2017-04-20T11:38:45Z" user="Ranjana Devanand" uid="5252054" lat="26.7949267" lon="75.8599899"/>
 <node id="4805656037" visible="true" version="1" changeset="47968791" timestamp="2017-04-20T11:38:45Z" user="Ranjana Devanand" uid="5252054" lat="26.7947016" lon="75.8600623"/>
 <node id="4805656038" visible="true" version="1" changeset="47968791" timestamp="2017-04-20T11:38:45Z" user="Ranjana Devanand" uid="5252054" lat="26.7945036" lon="75.8601370"/>
 <node id="4805656039" visible="true" version="1" changeset="47968791" timestamp="2017-04-20T11:38:45Z" user="Ranjana Devanand" uid="5252054" lat="26.7942451" lon="75.8602234"/>
 <node id="4805656040" visible="true" version="1" changeset="47968791" timestamp="2017-04-20T11:38:46Z" user="Ranjana Devanand" uid="5252054" lat="26.7939950" lon="75.8603005"/>
 <node id="4805656041" visible="true" version="1" changeset="47968791" timestamp="2017-04-20T11:38:46Z" user="Ranjana Devanand" uid="5252054" lat="26.7937970" lon="75.8603565"/>
 <node id="4805656042" visible="true" version="1" changeset="47968791" timestamp="2017-04-20T11:38:46Z" user="Ranjana Devanand" uid="5252054" lat="26.7935990" lon="75.8604289"/>
 <node id="4805656043" visible="true" version="1" changeset="47968791" timestamp="2017-04-20T11:38:46Z" user="Ranjana Devanand" uid="5252054" lat="26.7934906" lon="75.8604662"/>
 <node id="4805656044" visible="true" version="1" changeset="47968791" timestamp="2017-04-20T11:38:46Z" user="Ranjana Devanand" uid="5252054" lat="26.7933906" lon="75.8604943"/>
 <node id="4805656045" visible="true" version="1" changeset="47968791" timestamp="2017-04-20T11:38:46Z" user="Ranjana Devanand" uid="5252054" lat="26.7931488" lon="75.8605666"/>
 <node id="4805656046" visible="true" version="1" changeset="47968791" timestamp="2017-04-20T11:38:46Z" user="Ranjana Devanand" uid="5252054" lat="26.7929466" lon="75.8606297"/>
 <node id="4805656047" visible="true" version="1" changeset="47968791" timestamp="2017-04-20T11:38:46Z" user="Ranjana Devanand" uid="5252054" lat="26.7927069" lon="75.8607137"/>
 <node id="4805656048" visible="true" version="1" changeset="47968791" timestamp="2017-04-20T11:38:46Z" user="Ranjana Devanand" uid="5252054" lat="26.7922505" lon="75.8608609"/>
 <node id="4805656049" visible="true" version="1" changeset="47968791" timestamp="2017-04-20T11:38:46Z" user="Ranjana Devanand" uid="5252054" lat="26.7919878" lon="75.8609496"/>
 <node id="4805656050" visible="true" version="1" changeset="47968791" timestamp="2017-04-20T11:38:46Z" user="Ranjana Devanand" uid="5252054" lat="26.7916481" lon="75.8610453"/>
 <node id="4805656051" visible="true" version="1" changeset="47968791" timestamp="2017-04-20T11:38:46Z" user="Ranjana Devanand" uid="5252054" lat="26.7914647" lon="75.8611130"/>
 <node id="4805656052" visible="true" version="1" changeset="47968791" timestamp="2017-04-20T11:38:46Z" user="Ranjana Devanand" uid="5252054" lat="26.7910561" lon="75.8612391"/>
 <node id="4805656053" visible="true" version="1" changeset="47968791" timestamp="2017-04-20T11:38:46Z" user="Ranjana Devanand" uid="5252054" lat="26.7908102" lon="75.8613255"/>
 <node id="4805656054" visible="true" version="1" changeset="47968791" timestamp="2017-04-20T11:38:46Z" user="Ranjana Devanand" uid="5252054" lat="26.7903891" lon="75.8614516"/>
 <node id="4805656055" visible="true" version="1" changeset="47968791" timestamp="2017-04-20T11:38:46Z" user="Ranjana Devanand" uid="5252054" lat="26.7901057" lon="75.8615473"/>
 <node id="4805656056" visible="true" version="1" changeset="47968791" timestamp="2017-04-20T11:38:46Z" user="Ranjana Devanand" uid="5252054" lat="26.7897826" lon="75.8616571"/>
 <node id="4805656057" visible="true" version="1" changeset="47968791" timestamp="2017-04-20T11:38:46Z" user="Ranjana Devanand" uid="5252054" lat="26.7894366" lon="75.8617528"/>
 <node id="4805656058" visible="true" version="1" changeset="47968791" timestamp="2017-04-20T11:38:46Z" user="Ranjana Devanand" uid="5252054" lat="26.7887550" lon="75.8619723"/>
 <node id="4805656059" visible="true" version="1" changeset="47968791" timestamp="2017-04-20T11:38:46Z" user="Ranjana Devanand" uid="5252054" lat="26.7885424" lon="75.8620400"/>
 <node id="4805656060" visible="true" version="1" changeset="47968791" timestamp="2017-04-20T11:38:46Z" user="Ranjana Devanand" uid="5252054" lat="26.7881734" lon="75.8621474"/>
 <node id="4805656061" visible="true" version="1" changeset="47968791" timestamp="2017-04-20T11:38:46Z" user="Ranjana Devanand" uid="5252054" lat="26.7877211" lon="75.8622922"/>
 <node id="4805656062" visible="true" version="1" changeset="47968791" timestamp="2017-04-20T11:38:46Z" user="Ranjana Devanand" uid="5252054" lat="26.7871979" lon="75.8624697"/>
 <node id="4805656063" visible="true" version="1" changeset="47968791" timestamp="2017-04-20T11:38:46Z" user="Ranjana Devanand" uid="5252054" lat="26.7867685" lon="75.8626121"/>
 <node id="4805656064" visible="true" version="1" changeset="47968791" timestamp="2017-04-20T11:38:46Z" user="Ranjana Devanand" uid="5252054" lat="26.7865580" lon="75.8626892"/>
 <node id="4805656065" visible="true" version="1" changeset="47968791" timestamp="2017-04-20T11:38:46Z" user="Ranjana Devanand" uid="5252054" lat="26.7862120" lon="75.8627849"/>
 <node id="4805656066" visible="true" version="1" changeset="47968791" timestamp="2017-04-20T11:38:46Z" user="Ranjana Devanand" uid="5252054" lat="26.7855971" lon="75.8629857"/>
 <node id="4805656067" visible="true" version="1" changeset="47968791" timestamp="2017-04-20T11:38:46Z" user="Ranjana Devanand" uid="5252054" lat="26.7851489" lon="75.8631305"/>
 <node id="4805656068" visible="true" version="1" changeset="47968791" timestamp="2017-04-20T11:38:46Z" user="Ranjana Devanand" uid="5252054" lat="26.7846758" lon="75.8632799"/>
 <node id="4805656069" visible="true" version="2" changeset="73536881" timestamp="2019-08-20T12:18:45Z" user="Sai Suman Kalyanam" uid="9086366" lat="26.7843386" lon="75.8633749"/>
 <node id="4805656070" visible="true" version="2" changeset="73536881" timestamp="2019-08-20T12:18:45Z" user="Sai Suman Kalyanam" uid="9086366" lat="26.7842649" lon="75.8633864"/>
 <node id="4805678593" visible="true" version="1" changeset="47969337" timestamp="2017-04-20T11:57:17Z" user="Ranjana Devanand" uid="5252054" lat="26.8018586" lon="75.8558534"/>
 <node id="4805678594" visible="true" version="1" changeset="47969337" timestamp="2017-04-20T11:57:17Z" user="Ranjana Devanand" uid="5252054" lat="26.8016530" lon="75.8559222"/>
 <node id="4805678595" visible="true" version="1" changeset="47969337" timestamp="2017-04-20T11:57:17Z" user="Ranjana Devanand" uid="5252054" lat="26.8013881" lon="75.8559914"/>
 <node id="4805678596" visible="true" version="1" changeset="47969337" timestamp="2017-04-20T11:57:17Z" user="Ranjana Devanand" uid="5252054" lat="26.8011849" lon="75.8560523"/>
 <node id="4805678597" visible="true" version="1" changeset="47969337" timestamp="2017-04-20T11:57:17Z" user="Ranjana Devanand" uid="5252054" lat="26.8009817" lon="75.8561174"/>
 <node id="4805678598" visible="true" version="2" changeset="147284751" timestamp="2024-02-10T09:02:05Z" user="olarumankhan" uid="19619725" lat="26.8008357" lon="75.8561622"/>
 <node id="4805678599" visible="true" version="2" changeset="147284751" timestamp="2024-02-10T09:02:05Z" user="olarumankhan" uid="19619725" lat="26.8007491" lon="75.8561861"/>
 <node id="4805678600" visible="true" version="2" changeset="147284751" timestamp="2024-02-10T09:02:05Z" user="olarumankhan" uid="19619725" lat="26.8007736" lon="75.8564193"/>
 <node id="4805678601" visible="true" version="2" changeset="147284751" timestamp="2024-02-10T09:02:05Z" user="olarumankhan" uid="19619725" lat="26.8008038" lon="75.8565971"/>
 <node id="4805678602" visible="true" version="2" changeset="147284751" timestamp="2024-02-10T09:02:05Z" user="olarumankhan" uid="19619725" lat="26.8008384" lon="75.8567691"/>
 <node id="4805678603" visible="true" version="1" changeset="47969337" timestamp="2017-04-20T11:57:17Z" user="Ranjana Devanand" uid="5252054" lat="26.8016204" lon="75.8558084"/>
 <node id="4805678604" visible="true" version="1" changeset="47969337" timestamp="2017-04-20T11:57:17Z" user="Ranjana Devanand" uid="5252054" lat="26.8014244" lon="75.8558328"/>
 <node id="4805678605" visible="true" version="1" changeset="47969337" timestamp="2017-04-20T11:57:17Z" user="Ranjana Devanand" uid="5252054" lat="26.8012103" lon="75.8558694"/>
 <node id="4805678606" visible="true" version="1" changeset="47969337" timestamp="2017-04-20T11:57:17Z" user="Ranjana Devanand" uid="5252054" lat="26.8010253" lon="75.8558816"/>
 <node id="4805678607" visible="true" version="1" changeset="47969337" timestamp="2017-04-20T11:57:17Z" user="Ranjana Devanand" uid="5252054" lat="26.8008402" lon="75.8559060"/>
 <node id="4805678608" visible="true" version="2" changeset="147284751" timestamp="2024-02-10T09:02:05Z" user="olarumankhan" uid="19619725" lat="26.8006988" lon="75.8559311"/>
 <node id="4805678616" visible="true" version="1" changeset="47969337" timestamp="2017-04-20T11:57:17Z" user="Ranjana Devanand" uid="5252054" lat="26.7972092" lon="75.8588008"/>
 <node id="4805678617" visible="true" version="1" changeset="47969337" timestamp="2017-04-20T11:57:17Z" user="Ranjana Devanand" uid="5252054" lat="26.7988458" lon="75.8562232"/>
 <node id="4805678618" visible="true" version="1" changeset="47969337" timestamp="2017-04-20T11:57:17Z" user="Ranjana Devanand" uid="5252054" lat="26.7985249" lon="75.8563252"/>
 <node id="4805678619" visible="true" version="1" changeset="47969337" timestamp="2017-04-20T11:57:17Z" user="Ranjana Devanand" uid="5252054" lat="26.7981898" lon="75.8564164"/>
 <node id="4805678620" visible="true" version="1" changeset="47969337" timestamp="2017-04-20T11:57:17Z" user="Ranjana Devanand" uid="5252054" lat="26.7978115" lon="75.8565397"/>
 <node id="4805678921" visible="true" version="1" changeset="47969337" timestamp="2017-04-20T11:57:17Z" user="Ranjana Devanand" uid="5252054" lat="26.7974715" lon="75.8566524"/>
 <node id="4805678922" visible="true" version="1" changeset="47969337" timestamp="2017-04-20T11:57:17Z" user="Ranjana Devanand" uid="5252054" lat="26.7970406" lon="75.8567865"/>
 <node id="4805678923" visible="true" version="1" changeset="47969337" timestamp="2017-04-20T11:57:17Z" user="Ranjana Devanand" uid="5252054" lat="26.7967138" lon="75.8568846"/>
 <node id="4805678945" visible="true" version="1" changeset="47969337" timestamp="2017-04-20T11:57:18Z" user="Ranjana Devanand" uid="5252054" lat="26.7977883" lon="75.8533797"/>
 <node id="4805678950" visible="true" version="1" changeset="47969337" timestamp="2017-04-20T11:57:18Z" user="Ranjana Devanand" uid="5252054" lat="26.7979347" lon="75.8538919"/>
 <node id="4805678951" visible="true" version="1" changeset="47969337" timestamp="2017-04-20T11:57:18Z" user="Ranjana Devanand" uid="5252054" lat="26.7978255" lon="75.8539401"/>
 <node id="4805678952" visible="true" version="1" changeset="47969337" timestamp="2017-04-20T11:57:18Z" user="Ranjana Devanand" uid="5252054" lat="26.7976550" lon="75.8540356"/>
 <node id="4805678953" visible="true" version="1" changeset="47969337" timestamp="2017-04-20T11:57:18Z" user="Ranjana Devanand" uid="5252054" lat="26.7975065" lon="75.8541034"/>
 <node id="4805678954" visible="true" version="1" changeset="47969337" timestamp="2017-04-20T11:57:18Z" user="Ranjana Devanand" uid="5252054" lat="26.7973663" lon="75.8541712"/>
 <node id="4805678955" visible="true" version="1" changeset="47969337" timestamp="2017-04-20T11:57:18Z" user="Ranjana Devanand" uid="5252054" lat="26.7972178" lon="75.8542575"/>
 <node id="4805678956" visible="true" version="1" changeset="47969337" timestamp="2017-04-20T11:57:18Z" user="Ranjana Devanand" uid="5252054" lat="26.7971160" lon="75.8543037"/>
 <node id="4805678957" visible="true" version="1" changeset="47969337" timestamp="2017-04-20T11:57:18Z" user="Ranjana Devanand" uid="5252054" lat="26.7969510" lon="75.8543776"/>
 <node id="4805678963" visible="true" version="1" changeset="47969337" timestamp="2017-04-20T11:57:18Z" user="Ranjana Devanand" uid="5252054" lat="26.7973200" lon="75.8552792"/>
 <node id="4805678964" visible="true" version="1" changeset="47969337" timestamp="2017-04-20T11:57:18Z" user="Ranjana Devanand" uid="5252054" lat="26.7972833" lon="75.8542194"/>
 <node id="4805678969" visible="true" version="1" changeset="47969337" timestamp="2017-04-20T11:57:18Z" user="Ranjana Devanand" uid="5252054" lat="26.7976527" lon="75.8551128"/>
 <node id="4805678970" visible="true" version="1" changeset="47969337" timestamp="2017-04-20T11:57:18Z" user="Ranjana Devanand" uid="5252054" lat="26.7975506" lon="75.8540833"/>
 <node id="4805678971" visible="true" version="1" changeset="47969337" timestamp="2017-04-20T11:57:18Z" user="Ranjana Devanand" uid="5252054" lat="26.7976248" lon="75.8543068"/>
 <node id="4805678972" visible="true" version="1" changeset="47969337" timestamp="2017-04-20T11:57:18Z" user="Ranjana Devanand" uid="5252054" lat="26.7976908" lon="75.8544423"/>
 <node id="4805678973" visible="true" version="1" changeset="47969337" timestamp="2017-04-20T11:57:18Z" user="Ranjana Devanand" uid="5252054" lat="26.7978008" lon="75.8546642"/>
 <node id="4805678974" visible="true" version="1" changeset="47969337" timestamp="2017-04-20T11:57:18Z" user="Ranjana Devanand" uid="5252054" lat="26.7979225" lon="75.8549779"/>
 <node id="4805678981" visible="true" version="1" changeset="47969337" timestamp="2017-04-20T11:57:18Z" user="Ranjana Devanand" uid="5252054" lat="26.7951626" lon="75.8564033"/>
 <node id="4805678984" visible="true" version="1" changeset="47969337" timestamp="2017-04-20T11:57:18Z" user="Ranjana Devanand" uid="5252054" lat="26.7957491" lon="75.8560809"/>
 <node id="4805678986" visible="true" version="1" changeset="47969337" timestamp="2017-04-20T11:57:18Z" user="Ranjana Devanand" uid="5252054" lat="26.7946185" lon="75.8542231"/>
 <node id="4805678987" visible="true" version="1" changeset="47969337" timestamp="2017-04-20T11:57:18Z" user="Ranjana Devanand" uid="5252054" lat="26.7949873" lon="75.8540407"/>
 <node id="4805678988" visible="true" version="2" changeset="149206732" timestamp="2024-03-27T07:01:06Z" user="mdtauhid" uid="19369851" lat="26.7952310" lon="75.8539052"/>
 <node id="4805678989" visible="true" version="2" changeset="149206732" timestamp="2024-03-27T07:01:06Z" user="mdtauhid" uid="19369851" lat="26.7951292" lon="75.8536886"/>
 <node id="4805678990" visible="true" version="2" changeset="139344964" timestamp="2023-08-02T12:15:07Z" user="chandrashekaru" uid="19582889" lat="26.7949610" lon="75.8533135"/>
 <node id="4805678991" visible="true" version="1" changeset="47969337" timestamp="2017-04-20T11:57:18Z" user="Ranjana Devanand" uid="5252054" lat="26.7948388" lon="75.8530108"/>
 <node id="4805678992" visible="true" version="1" changeset="47969337" timestamp="2017-04-20T11:57:18Z" user="Ranjana Devanand" uid="5252054" lat="26.7947287" lon="75.8527211"/>
 <node id="4805678993" visible="true" version="1" changeset="47969337" timestamp="2017-04-20T11:57:18Z" user="Ranjana Devanand" uid="5252054" lat="26.7944701" lon="75.8528498"/>
 <node id="4805678994" visible="true" version="1" changeset="47969337" timestamp="2017-04-20T11:57:18Z" user="Ranjana Devanand" uid="5252054" lat="26.7941062" lon="75.8530698"/>
 <node id="4805678995" visible="true" version="2" changeset="139344964" timestamp="2023-08-02T12:15:07Z" user="chandrashekaru" uid="19582889" lat="26.7937972" lon="75.8532009"/>
 <node id="4805679004" visible="true" version="1" changeset="47969337" timestamp="2017-04-20T11:57:18Z" user="Ranjana Devanand" uid="5252054" lat="26.7940264" lon="75.8547652"/>
 <node id="4805679017" visible="true" version="1" changeset="47969337" timestamp="2017-04-20T11:57:19Z" user="Ranjana Devanand" uid="5252054" lat="26.7940545" lon="75.8569691"/>
 <node id="4805679021" visible="true" version="1" changeset="47969337" timestamp="2017-04-20T11:57:19Z" user="Ranjana Devanand" uid="5252054" lat="26.7930315" lon="75.8574928"/>
 <node id="4805679028" visible="true" version="1" changeset="47969337" timestamp="2017-04-20T11:57:19Z" user="Ranjana Devanand" uid="5252054" lat="26.7927175" lon="75.8576507"/>
 <node id="4805679035" visible="true" version="1" changeset="47969337" timestamp="2017-04-20T11:57:19Z" user="Ranjana Devanand" uid="5252054" lat="26.7924935" lon="75.8555512"/>
 <node id="4805679047" visible="true" version="1" changeset="47969337" timestamp="2017-04-20T11:57:19Z" user="Ranjana Devanand" uid="5252054" lat="26.7922321" lon="75.8556842"/>
 <node id="4805679051" visible="true" version="1" changeset="47969337" timestamp="2017-04-20T11:57:19Z" user="Ranjana Devanand" uid="5252054" lat="26.7919923" lon="75.8558096"/>
 <node id="4805679066" visible="true" version="1" changeset="47969337" timestamp="2017-04-20T11:57:19Z" user="Ranjana Devanand" uid="5252054" lat="26.7914990" lon="75.8560636"/>
 <node id="4805679071" visible="true" version="1" changeset="47969337" timestamp="2017-04-20T11:57:19Z" user="Ranjana Devanand" uid="5252054" lat="26.7912467" lon="75.8561878"/>
 <node id="4805679078" visible="true" version="1" changeset="47969337" timestamp="2017-04-20T11:57:19Z" user="Ranjana Devanand" uid="5252054" lat="26.7913291" lon="75.8573169"/>
 <node id="4805685557" visible="true" version="1" changeset="47969431" timestamp="2017-04-20T12:00:54Z" user="Ranjana Devanand" uid="5252054" lat="26.7921624" lon="75.8557202"/>
 <node id="4805685564" visible="true" version="1" changeset="47969431" timestamp="2017-04-20T12:00:54Z" user="Ranjana Devanand" uid="5252054" lat="26.7925887" lon="75.8555029"/>
 <node id="4805685572" visible="true" version="1" changeset="47969431" timestamp="2017-04-20T12:00:54Z" user="Ranjana Devanand" uid="5252054" lat="26.7934860" lon="75.8550383"/>
 <node id="4807078853" visible="true" version="1" changeset="47993750" timestamp="2017-04-21T07:32:32Z" user="Ranjana Devanand" uid="5252054" lat="26.7800444" lon="75.8585807"/>
 <node id="4807167338" visible="true" version="1" changeset="47995343" timestamp="2017-04-21T08:30:03Z" user="Ranjana Devanand" uid="5252054" lat="26.7882224" lon="75.8616658"/>
 <node id="4807167360" visible="true" version="1" changeset="47995343" timestamp="2017-04-21T08:30:03Z" user="Ranjana Devanand" uid="5252054" lat="26.7851754" lon="75.8626336"/>
 <node id="4807167385" visible="true" version="2" changeset="68073739" timestamp="2019-03-12T18:46:14Z" user="Heinz_V" uid="91490" lat="26.7860065" lon="75.8644157"/>
 <node id="4807167444" visible="true" version="1" changeset="47995343" timestamp="2017-04-21T08:30:04Z" user="Ranjana Devanand" uid="5252054" lat="26.7937593" lon="75.8634256"/>
 <node id="4807209102" visible="true" version="2" changeset="68073739" timestamp="2019-03-12T18:46:15Z" user="Heinz_V" uid="91490" lat="26.7870990" lon="75.8649411"/>
 <node id="4807209103" visible="true" version="2" changeset="141849330" timestamp="2023-09-28T06:52:19Z" user="nileshbarawkar" uid="16275544" lat="26.7870444" lon="75.8650445"/>
 <node id="4807209115" visible="true" version="3" changeset="122739640" timestamp="2022-06-23T06:16:24Z" user="Manithak" uid="10516176" lat="26.7888108" lon="75.8657747"/>
 <node id="4807209116" visible="true" version="2" changeset="141849330" timestamp="2023-09-28T06:52:19Z" user="nileshbarawkar" uid="16275544" lat="26.7887767" lon="75.8658874"/>
 <node id="4807269543" visible="true" version="1" changeset="47997156" timestamp="2017-04-21T09:33:29Z" user="Ranjana Devanand" uid="5252054" lat="26.7897598" lon="75.8663594"/>
 <node id="4807269544" visible="true" version="2" changeset="75648762" timestamp="2019-10-14T08:12:07Z" user="Rajyalakshmi" uid="10287759" lat="26.8029975" lon="75.8595120"/>
 <node id="4807269545" visible="true" version="1" changeset="47997156" timestamp="2017-04-21T09:33:29Z" user="Ranjana Devanand" uid="5252054" lat="26.8027963" lon="75.8595093"/>
 <node id="4807269546" visible="true" version="1" changeset="47997156" timestamp="2017-04-21T09:33:29Z" user="Ranjana Devanand" uid="5252054" lat="26.8026215" lon="75.8595093"/>
 <node id="4807269547" visible="true" version="1" changeset="47997156" timestamp="2017-04-21T09:33:29Z" user="Ranjana Devanand" uid="5252054" lat="26.8023749" lon="75.8595093"/>
 <node id="4807269548" visible="true" version="1" changeset="47997156" timestamp="2017-04-21T09:33:29Z" user="Ranjana Devanand" uid="5252054" lat="26.8021690" lon="75.8595415"/>
 <node id="4807269549" visible="true" version="1" changeset="47997156" timestamp="2017-04-21T09:33:29Z" user="Ranjana Devanand" uid="5252054" lat="26.8019416" lon="75.8595737"/>
 <node id="4807269550" visible="true" version="1" changeset="47997156" timestamp="2017-04-21T09:33:29Z" user="Ranjana Devanand" uid="5252054" lat="26.8017405" lon="75.8596139"/>
 <node id="4807269551" visible="true" version="1" changeset="47997156" timestamp="2017-04-21T09:33:29Z" user="Ranjana Devanand" uid="5252054" lat="26.8015490" lon="75.8596515"/>
 <node id="4807269552" visible="true" version="1" changeset="47997156" timestamp="2017-04-21T09:33:29Z" user="Ranjana Devanand" uid="5252054" lat="26.8012832" lon="75.8597132"/>
 <node id="4807269553" visible="true" version="1" changeset="47997156" timestamp="2017-04-21T09:33:29Z" user="Ranjana Devanand" uid="5252054" lat="26.8010773" lon="75.8597561"/>
 <node id="4807269554" visible="true" version="1" changeset="47997156" timestamp="2017-04-21T09:33:29Z" user="Ranjana Devanand" uid="5252054" lat="26.8008499" lon="75.8597990"/>
 <node id="4807269555" visible="true" version="1" changeset="47997156" timestamp="2017-04-21T09:33:29Z" user="Ranjana Devanand" uid="5252054" lat="26.8006512" lon="75.8598526"/>
 <node id="4807269556" visible="true" version="1" changeset="47997156" timestamp="2017-04-21T09:33:29Z" user="Ranjana Devanand" uid="5252054" lat="26.8004381" lon="75.8598795"/>
 <node id="4807269557" visible="true" version="1" changeset="47997156" timestamp="2017-04-21T09:33:29Z" user="Ranjana Devanand" uid="5252054" lat="26.8002744" lon="75.8599241"/>
 <node id="4807269558" visible="true" version="1" changeset="47997156" timestamp="2017-04-21T09:33:29Z" user="Ranjana Devanand" uid="5252054" lat="26.8002506" lon="75.8598242"/>
 <node id="4807269559" visible="true" version="1" changeset="47997156" timestamp="2017-04-21T09:33:29Z" user="Ranjana Devanand" uid="5252054" lat="26.8005123" lon="75.8597722"/>
 <node id="4807269560" visible="true" version="1" changeset="47997156" timestamp="2017-04-21T09:33:29Z" user="Ranjana Devanand" uid="5252054" lat="26.8008810" lon="75.8597132"/>
 <node id="4807269561" visible="true" version="1" changeset="47997156" timestamp="2017-04-21T09:33:29Z" user="Ranjana Devanand" uid="5252054" lat="26.8013790" lon="75.8596139"/>
 <node id="4807269562" visible="true" version="1" changeset="47997156" timestamp="2017-04-21T09:33:29Z" user="Ranjana Devanand" uid="5252054" lat="26.8017524" lon="75.8595415"/>
 <node id="4807269563" visible="true" version="1" changeset="47997156" timestamp="2017-04-21T09:33:29Z" user="Ranjana Devanand" uid="5252054" lat="26.8021068" lon="75.8594825"/>
 <node id="4807269564" visible="true" version="1" changeset="47997156" timestamp="2017-04-21T09:33:29Z" user="Ranjana Devanand" uid="5252054" lat="26.8023988" lon="75.8594637"/>
 <node id="4807269565" visible="true" version="1" changeset="47997156" timestamp="2017-04-21T09:33:29Z" user="Ranjana Devanand" uid="5252054" lat="26.8026861" lon="75.8594503"/>
 <node id="4807269566" visible="true" version="2" changeset="75648762" timestamp="2019-10-14T08:12:07Z" user="Rajyalakshmi" uid="10287759" lat="26.8029966" lon="75.8594393"/>
 <node id="4807286501" visible="true" version="1" changeset="47997446" timestamp="2017-04-21T09:44:44Z" user="Ranjana Devanand" uid="5252054" lat="26.7998261" lon="75.8519393"/>
 <node id="4807286502" visible="true" version="1" changeset="47997446" timestamp="2017-04-21T09:44:44Z" user="Ranjana Devanand" uid="5252054" lat="26.7998722" lon="75.8522018"/>
 <node id="4807286503" visible="true" version="1" changeset="47997446" timestamp="2017-04-21T09:44:44Z" user="Ranjana Devanand" uid="5252054" lat="26.7999222" lon="75.8525241"/>
 <node id="4807286504" visible="true" version="1" changeset="47997446" timestamp="2017-04-21T09:44:44Z" user="Ranjana Devanand" uid="5252054" lat="26.7999806" lon="75.8528743"/>
 <node id="4807286505" visible="true" version="1" changeset="47997446" timestamp="2017-04-21T09:44:44Z" user="Ranjana Devanand" uid="5252054" lat="26.8000978" lon="75.8528483"/>
 <node id="4807286506" visible="true" version="1" changeset="47997446" timestamp="2017-04-21T09:44:44Z" user="Ranjana Devanand" uid="5252054" lat="26.8002538" lon="75.8528198"/>
 <node id="4807286507" visible="true" version="1" changeset="47997446" timestamp="2017-04-21T09:44:44Z" user="Ranjana Devanand" uid="5252054" lat="26.8003953" lon="75.8527832"/>
 <node id="4807286508" visible="true" version="1" changeset="47997446" timestamp="2017-04-21T09:44:44Z" user="Ranjana Devanand" uid="5252054" lat="26.8005259" lon="75.8527507"/>
 <node id="4807286509" visible="true" version="1" changeset="47997446" timestamp="2017-04-21T09:44:44Z" user="Ranjana Devanand" uid="5252054" lat="26.8006530" lon="75.8527222"/>
 <node id="4807286510" visible="true" version="2" changeset="73606708" timestamp="2019-08-22T06:47:00Z" user="ltalawa" uid="8725956" lat="26.8012615" lon="75.8525529"/>
 <node id="4807286511" visible="true" version="1" changeset="47997446" timestamp="2017-04-21T09:44:44Z" user="Ranjana Devanand" uid="5252054" lat="26.7999062" lon="75.8524212"/>
 <node id="4807286512" visible="true" version="1" changeset="47997446" timestamp="2017-04-21T09:44:44Z" user="Ranjana Devanand" uid="5252054" lat="26.8001558" lon="75.8523685"/>
 <node id="4807286513" visible="true" version="1" changeset="47997446" timestamp="2017-04-21T09:44:44Z" user="Ranjana Devanand" uid="5252054" lat="26.8004135" lon="75.8523035"/>
 <node id="4807286514" visible="true" version="1" changeset="47997446" timestamp="2017-04-21T09:44:44Z" user="Ranjana Devanand" uid="5252054" lat="26.8006239" lon="75.8522466"/>
 <node id="4807286515" visible="true" version="1" changeset="47997446" timestamp="2017-04-21T09:44:44Z" user="Ranjana Devanand" uid="5252054" lat="26.8008743" lon="75.8521978"/>
 <node id="4807286516" visible="true" version="1" changeset="47997446" timestamp="2017-04-21T09:44:44Z" user="Ranjana Devanand" uid="5252054" lat="26.8010811" lon="75.8521490"/>
 <node id="4807286517" visible="true" version="1" changeset="47997446" timestamp="2017-04-21T09:44:44Z" user="Ranjana Devanand" uid="5252054" lat="26.8011610" lon="75.8521165"/>
 <node id="4807286518" visible="true" version="1" changeset="47997446" timestamp="2017-04-21T09:44:44Z" user="Ranjana Devanand" uid="5252054" lat="26.8011646" lon="75.8520352"/>
 <node id="4807286519" visible="true" version="1" changeset="47997446" timestamp="2017-04-21T09:44:44Z" user="Ranjana Devanand" uid="5252054" lat="26.8010944" lon="75.8516467"/>
 <node id="4807304973" visible="true" version="2" changeset="75648762" timestamp="2019-10-14T08:12:07Z" user="Rajyalakshmi" uid="10287759" lat="26.8030135" lon="75.8607070"/>
 <node id="4807304974" visible="true" version="1" changeset="47997797" timestamp="2017-04-21T09:58:43Z" user="Ranjana Devanand" uid="5252054" lat="26.8027919" lon="75.8607260"/>
 <node id="4807304975" visible="true" version="1" changeset="47997797" timestamp="2017-04-21T09:58:43Z" user="Ranjana Devanand" uid="5252054" lat="26.8026344" lon="75.8607260"/>
 <node id="4807304976" visible="true" version="1" changeset="47997797" timestamp="2017-04-21T09:58:43Z" user="Ranjana Devanand" uid="5252054" lat="26.8024488" lon="75.8607305"/>
 <node id="4807304977" visible="true" version="1" changeset="47997797" timestamp="2017-04-21T09:58:43Z" user="Ranjana Devanand" uid="5252054" lat="26.8022349" lon="75.8607351"/>
 <node id="4807304978" visible="true" version="1" changeset="47997797" timestamp="2017-04-21T09:58:43Z" user="Ranjana Devanand" uid="5252054" lat="26.8020976" lon="75.8607351"/>
 <node id="4807304979" visible="true" version="1" changeset="47997797" timestamp="2017-04-21T09:58:43Z" user="Ranjana Devanand" uid="5252054" lat="26.8018918" lon="75.8607441"/>
 <node id="4807304980" visible="true" version="1" changeset="47997797" timestamp="2017-04-21T09:58:43Z" user="Ranjana Devanand" uid="5252054" lat="26.8017101" lon="75.8607486"/>
 <node id="4807304981" visible="true" version="1" changeset="47997797" timestamp="2017-04-21T09:58:43Z" user="Ranjana Devanand" uid="5252054" lat="26.8015769" lon="75.8607532"/>
 <node id="4807304982" visible="true" version="1" changeset="47997797" timestamp="2017-04-21T09:58:43Z" user="Ranjana Devanand" uid="5252054" lat="26.8014074" lon="75.8607622"/>
 <node id="4807304983" visible="true" version="1" changeset="47997797" timestamp="2017-04-21T09:58:43Z" user="Ranjana Devanand" uid="5252054" lat="26.8012944" lon="75.8607667"/>
 <node id="4807304984" visible="true" version="1" changeset="47997797" timestamp="2017-04-21T09:58:43Z" user="Ranjana Devanand" uid="5252054" lat="26.8011370" lon="75.8607803"/>
 <node id="4807304985" visible="true" version="1" changeset="47997797" timestamp="2017-04-21T09:58:43Z" user="Ranjana Devanand" uid="5252054" lat="26.8021622" lon="75.8597086"/>
 <node id="4807304986" visible="true" version="1" changeset="47997797" timestamp="2017-04-21T09:58:43Z" user="Ranjana Devanand" uid="5252054" lat="26.8021622" lon="75.8599030"/>
 <node id="4807304987" visible="true" version="1" changeset="47997797" timestamp="2017-04-21T09:58:43Z" user="Ranjana Devanand" uid="5252054" lat="26.8021582" lon="75.8601427"/>
 <node id="4807304988" visible="true" version="1" changeset="47997797" timestamp="2017-04-21T09:58:43Z" user="Ranjana Devanand" uid="5252054" lat="26.8021582" lon="75.8603597"/>
 <node id="4807304989" visible="true" version="1" changeset="47997797" timestamp="2017-04-21T09:58:43Z" user="Ranjana Devanand" uid="5252054" lat="26.8021582" lon="75.8607351"/>
 <node id="4807304990" visible="true" version="1" changeset="47997797" timestamp="2017-04-21T09:58:43Z" user="Ranjana Devanand" uid="5252054" lat="26.8012984" lon="75.8599256"/>
 <node id="4807304991" visible="true" version="1" changeset="47997797" timestamp="2017-04-21T09:58:43Z" user="Ranjana Devanand" uid="5252054" lat="26.8013549" lon="75.8603326"/>
 <node id="4807304992" visible="true" version="1" changeset="47997797" timestamp="2017-04-21T09:58:43Z" user="Ranjana Devanand" uid="5252054" lat="26.8013792" lon="75.8605587"/>
 <node id="4807304993" visible="true" version="1" changeset="47997797" timestamp="2017-04-21T09:58:43Z" user="Ranjana Devanand" uid="5252054" lat="26.8021582" lon="75.8602060"/>
 <node id="4807304994" visible="true" version="1" changeset="47997797" timestamp="2017-04-21T09:58:43Z" user="Ranjana Devanand" uid="5252054" lat="26.8020250" lon="75.8602331"/>
 <node id="4807304995" visible="true" version="1" changeset="47997797" timestamp="2017-04-21T09:58:43Z" user="Ranjana Devanand" uid="5252054" lat="26.8018716" lon="75.8602738"/>
 <node id="4807304996" visible="true" version="1" changeset="47997797" timestamp="2017-04-21T09:58:43Z" user="Ranjana Devanand" uid="5252054" lat="26.8017061" lon="75.8603145"/>
 <node id="4807304997" visible="true" version="1" changeset="47997797" timestamp="2017-04-21T09:58:43Z" user="Ranjana Devanand" uid="5252054" lat="26.8015406" lon="75.8603552"/>
 <node id="4807304998" visible="true" version="1" changeset="47997797" timestamp="2017-04-21T09:58:43Z" user="Ranjana Devanand" uid="5252054" lat="26.8013622" lon="75.8604005"/>
 <node id="4807304999" visible="true" version="1" changeset="47997797" timestamp="2017-04-21T09:58:43Z" user="Ranjana Devanand" uid="5252054" lat="26.8028200" lon="75.8612488"/>
 <node id="4807305000" visible="true" version="1" changeset="47997797" timestamp="2017-04-21T09:58:43Z" user="Ranjana Devanand" uid="5252054" lat="26.8024630" lon="75.8612592"/>
 <node id="4807305001" visible="true" version="1" changeset="47997797" timestamp="2017-04-21T09:58:43Z" user="Ranjana Devanand" uid="5252054" lat="26.8022914" lon="75.8612514"/>
 <node id="4807305002" visible="true" version="1" changeset="47997797" timestamp="2017-04-21T09:58:43Z" user="Ranjana Devanand" uid="5252054" lat="26.8020063" lon="75.8612618"/>
 <node id="4807305003" visible="true" version="1" changeset="47997797" timestamp="2017-04-21T09:58:43Z" user="Ranjana Devanand" uid="5252054" lat="26.8018000" lon="75.8612618"/>
 <node id="4807305004" visible="true" version="1" changeset="47997797" timestamp="2017-04-21T09:58:43Z" user="Ranjana Devanand" uid="5252054" lat="26.8016261" lon="75.8612696"/>
 <node id="4807305005" visible="true" version="1" changeset="47997797" timestamp="2017-04-21T09:58:43Z" user="Ranjana Devanand" uid="5252054" lat="26.8014569" lon="75.8612748"/>
 <node id="4807305006" visible="true" version="1" changeset="47997797" timestamp="2017-04-21T09:58:43Z" user="Ranjana Devanand" uid="5252054" lat="26.8013753" lon="75.8612779"/>
 <node id="4807305007" visible="true" version="1" changeset="47997797" timestamp="2017-04-21T09:58:43Z" user="Ranjana Devanand" uid="5252054" lat="26.8030009" lon="75.8618404"/>
 <node id="4807305008" visible="true" version="1" changeset="47997797" timestamp="2017-04-21T09:58:43Z" user="Ranjana Devanand" uid="5252054" lat="26.8029093" lon="75.8618493"/>
 <node id="4807305009" visible="true" version="1" changeset="47997797" timestamp="2017-04-21T09:58:43Z" user="Ranjana Devanand" uid="5252054" lat="26.8028064" lon="75.8618561"/>
 <node id="4807305010" visible="true" version="1" changeset="47997797" timestamp="2017-04-21T09:58:43Z" user="Ranjana Devanand" uid="5252054" lat="26.8026308" lon="75.8618719"/>
 <node id="4807305011" visible="true" version="1" changeset="47997797" timestamp="2017-04-21T09:58:43Z" user="Ranjana Devanand" uid="5252054" lat="26.8024472" lon="75.8618878"/>
 <node id="4807305012" visible="true" version="1" changeset="47997797" timestamp="2017-04-21T09:58:43Z" user="Ranjana Devanand" uid="5252054" lat="26.8022050" lon="75.8618945"/>
 <node id="4807305013" visible="true" version="1" changeset="47997797" timestamp="2017-04-21T09:58:43Z" user="Ranjana Devanand" uid="5252054" lat="26.8020395" lon="75.8618878"/>
 <node id="4807305014" visible="true" version="1" changeset="47997797" timestamp="2017-04-21T09:58:43Z" user="Ranjana Devanand" uid="5252054" lat="26.8018438" lon="75.8619036"/>
 <node id="4807305015" visible="true" version="1" changeset="47997797" timestamp="2017-04-21T09:58:43Z" user="Ranjana Devanand" uid="5252054" lat="26.8016722" lon="75.8619058"/>
 <node id="4807305016" visible="true" version="1" changeset="47997797" timestamp="2017-04-21T09:58:43Z" user="Ranjana Devanand" uid="5252054" lat="26.8015249" lon="75.8619081"/>
 <node id="4807305017" visible="true" version="1" changeset="47997797" timestamp="2017-04-21T09:58:43Z" user="Ranjana Devanand" uid="5252054" lat="26.8014199" lon="75.8619104"/>
 <node id="4807305018" visible="true" version="1" changeset="47997797" timestamp="2017-04-21T09:58:43Z" user="Ranjana Devanand" uid="5252054" lat="26.8030140" lon="75.8622516"/>
 <node id="4807305019" visible="true" version="1" changeset="47997797" timestamp="2017-04-21T09:58:43Z" user="Ranjana Devanand" uid="5252054" lat="26.8028639" lon="75.8622518"/>
 <node id="4807305020" visible="true" version="1" changeset="47997797" timestamp="2017-04-21T09:58:43Z" user="Ranjana Devanand" uid="5252054" lat="26.8027348" lon="75.8622608"/>
 <node id="4807305921" visible="true" version="1" changeset="47997797" timestamp="2017-04-21T09:58:43Z" user="Ranjana Devanand" uid="5252054" lat="26.8025713" lon="75.8622699"/>
 <node id="4807305922" visible="true" version="1" changeset="47997797" timestamp="2017-04-21T09:58:43Z" user="Ranjana Devanand" uid="5252054" lat="26.8024583" lon="75.8622699"/>
 <node id="4807305923" visible="true" version="1" changeset="47997797" timestamp="2017-04-21T09:58:43Z" user="Ranjana Devanand" uid="5252054" lat="26.8023473" lon="75.8622631"/>
 <node id="4807305924" visible="true" version="1" changeset="47997797" timestamp="2017-04-21T09:58:43Z" user="Ranjana Devanand" uid="5252054" lat="26.8021878" lon="75.8622631"/>
 <node id="4807305925" visible="true" version="1" changeset="47997797" timestamp="2017-04-21T09:58:43Z" user="Ranjana Devanand" uid="5252054" lat="26.8020587" lon="75.8622721"/>
 <node id="4807305926" visible="true" version="1" changeset="47997797" timestamp="2017-04-21T09:58:43Z" user="Ranjana Devanand" uid="5252054" lat="26.8018786" lon="75.8622759"/>
 <node id="4807305927" visible="true" version="1" changeset="47997797" timestamp="2017-04-21T09:58:43Z" user="Ranjana Devanand" uid="5252054" lat="26.8017519" lon="75.8622902"/>
 <node id="4807305928" visible="true" version="1" changeset="47997797" timestamp="2017-04-21T09:58:43Z" user="Ranjana Devanand" uid="5252054" lat="26.8015905" lon="75.8622902"/>
 <node id="4807305929" visible="true" version="1" changeset="47997797" timestamp="2017-04-21T09:58:43Z" user="Ranjana Devanand" uid="5252054" lat="26.8014775" lon="75.8622993"/>
 <node id="4807305930" visible="true" version="1" changeset="47997797" timestamp="2017-04-21T09:58:43Z" user="Ranjana Devanand" uid="5252054" lat="26.8030353" lon="75.8626515"/>
 <node id="4807305931" visible="true" version="1" changeset="47997797" timestamp="2017-04-21T09:58:43Z" user="Ranjana Devanand" uid="5252054" lat="26.8028518" lon="75.8626565"/>
 <node id="4807305932" visible="true" version="1" changeset="47997797" timestamp="2017-04-21T09:58:43Z" user="Ranjana Devanand" uid="5252054" lat="26.8026339" lon="75.8626656"/>
 <node id="4807305933" visible="true" version="1" changeset="47997797" timestamp="2017-04-21T09:58:43Z" user="Ranjana Devanand" uid="5252054" lat="26.8024341" lon="75.8626656"/>
 <node id="4807305934" visible="true" version="1" changeset="47997797" timestamp="2017-04-21T09:58:43Z" user="Ranjana Devanand" uid="5252054" lat="26.8022222" lon="75.8626656"/>
 <node id="4807305935" visible="true" version="1" changeset="47997797" timestamp="2017-04-21T09:58:43Z" user="Ranjana Devanand" uid="5252054" lat="26.8019719" lon="75.8626769"/>
 <node id="4807305936" visible="true" version="1" changeset="47997797" timestamp="2017-04-21T09:58:43Z" user="Ranjana Devanand" uid="5252054" lat="26.8017096" lon="75.8626972"/>
 <node id="4807305937" visible="true" version="1" changeset="47997797" timestamp="2017-04-21T09:58:44Z" user="Ranjana Devanand" uid="5252054" lat="26.8015299" lon="75.8627017"/>
 <node id="4807305938" visible="true" version="1" changeset="47997797" timestamp="2017-04-21T09:58:44Z" user="Ranjana Devanand" uid="5252054" lat="26.8012918" lon="75.8627153"/>
 <node id="4807305939" visible="true" version="1" changeset="47997797" timestamp="2017-04-21T09:58:44Z" user="Ranjana Devanand" uid="5252054" lat="26.8020013" lon="75.8613701"/>
 <node id="4807305940" visible="true" version="1" changeset="47997797" timestamp="2017-04-21T09:58:44Z" user="Ranjana Devanand" uid="5252054" lat="26.8020040" lon="75.8615491"/>
 <node id="4807305941" visible="true" version="1" changeset="47997797" timestamp="2017-04-21T09:58:44Z" user="Ranjana Devanand" uid="5252054" lat="26.8019987" lon="75.8617162"/>
 <node id="4807305942" visible="true" version="1" changeset="47997797" timestamp="2017-04-21T09:58:44Z" user="Ranjana Devanand" uid="5252054" lat="26.8019821" lon="75.8618924"/>
 <node id="4807305943" visible="true" version="1" changeset="47997797" timestamp="2017-04-21T09:58:44Z" user="Ranjana Devanand" uid="5252054" lat="26.8022117" lon="75.8620115"/>
 <node id="4807305944" visible="true" version="1" changeset="47997797" timestamp="2017-04-21T09:58:44Z" user="Ranjana Devanand" uid="5252054" lat="26.8022090" lon="75.8621249"/>
 <node id="4807305945" visible="true" version="1" changeset="47997797" timestamp="2017-04-21T09:58:44Z" user="Ranjana Devanand" uid="5252054" lat="26.8022117" lon="75.8622631"/>
 <node id="4807305946" visible="true" version="1" changeset="47997797" timestamp="2017-04-21T09:58:44Z" user="Ranjana Devanand" uid="5252054" lat="26.8018735" lon="75.8619012"/>
 <node id="4807305947" visible="true" version="1" changeset="47997797" timestamp="2017-04-21T09:58:44Z" user="Ranjana Devanand" uid="5252054" lat="26.8018762" lon="75.8620413"/>
 <node id="4807305948" visible="true" version="1" changeset="47997797" timestamp="2017-04-21T09:58:44Z" user="Ranjana Devanand" uid="5252054" lat="26.8018762" lon="75.8621488"/>
 <node id="4807305949" visible="true" version="1" changeset="47997797" timestamp="2017-04-21T09:58:44Z" user="Ranjana Devanand" uid="5252054" lat="26.8003956" lon="75.8607376"/>
 <node id="4807305950" visible="true" version="1" changeset="47997797" timestamp="2017-04-21T09:58:44Z" user="Ranjana Devanand" uid="5252054" lat="26.8003876" lon="75.8611374"/>
 <node id="4807305951" visible="true" version="1" changeset="47997797" timestamp="2017-04-21T09:58:44Z" user="Ranjana Devanand" uid="5252054" lat="26.8003849" lon="75.8615401"/>
 <node id="4807305952" visible="true" version="1" changeset="47997797" timestamp="2017-04-21T09:58:44Z" user="Ranjana Devanand" uid="5252054" lat="26.8002997" lon="75.8622323"/>
 <node id="4807305953" visible="true" version="1" changeset="47997797" timestamp="2017-04-21T09:58:44Z" user="Ranjana Devanand" uid="5252054" lat="26.8002198" lon="75.8627484"/>
 <node id="4807305954" visible="true" version="1" changeset="47997797" timestamp="2017-04-21T09:58:44Z" user="Ranjana Devanand" uid="5252054" lat="26.8001399" lon="75.8632198"/>
 <node id="4807305955" visible="true" version="1" changeset="47997797" timestamp="2017-04-21T09:58:44Z" user="Ranjana Devanand" uid="5252054" lat="26.8000254" lon="75.8637031"/>
 <node id="4807305956" visible="true" version="2" changeset="139556437" timestamp="2023-08-07T10:11:51Z" user="chandrashekaru" uid="19582889" lat="26.7998973" lon="75.8641647"/>
 <node id="4807305957" visible="true" version="1" changeset="47997797" timestamp="2017-04-21T09:58:44Z" user="Ranjana Devanand" uid="5252054" lat="26.7996792" lon="75.8648816"/>
 <node id="4807305958" visible="true" version="1" changeset="47997797" timestamp="2017-04-21T09:58:44Z" user="Ranjana Devanand" uid="5252054" lat="26.7995221" lon="75.8653828"/>
 <node id="4807305959" visible="true" version="1" changeset="47997797" timestamp="2017-04-21T09:58:44Z" user="Ranjana Devanand" uid="5252054" lat="26.7994422" lon="75.8655976"/>
 <node id="4807305960" visible="true" version="1" changeset="47997797" timestamp="2017-04-21T09:58:44Z" user="Ranjana Devanand" uid="5252054" lat="26.7993597" lon="75.8658542"/>
 <node id="4807305961" visible="true" version="1" changeset="47997797" timestamp="2017-04-21T09:58:44Z" user="Ranjana Devanand" uid="5252054" lat="26.7992691" lon="75.8661496"/>
 <node id="4807305963" visible="true" version="1" changeset="47997797" timestamp="2017-04-21T09:58:44Z" user="Ranjana Devanand" uid="5252054" lat="26.7990987" lon="75.8666866"/>
 <node id="4807305964" visible="true" version="1" changeset="47997797" timestamp="2017-04-21T09:58:44Z" user="Ranjana Devanand" uid="5252054" lat="26.7990321" lon="75.8669103"/>
 <node id="4807305965" visible="true" version="1" changeset="47997797" timestamp="2017-04-21T09:58:44Z" user="Ranjana Devanand" uid="5252054" lat="26.7989442" lon="75.8671550"/>
 <node id="4807305966" visible="true" version="1" changeset="47997797" timestamp="2017-04-21T09:58:44Z" user="Ranjana Devanand" uid="5252054" lat="26.7988670" lon="75.8673758"/>
 <node id="4807305967" visible="true" version="1" changeset="47997797" timestamp="2017-04-21T09:58:44Z" user="Ranjana Devanand" uid="5252054" lat="26.7987445" lon="75.8676472"/>
 <node id="4807305968" visible="true" version="1" changeset="47997797" timestamp="2017-04-21T09:58:44Z" user="Ranjana Devanand" uid="5252054" lat="26.7986193" lon="75.8678680"/>
 <node id="4807305969" visible="true" version="1" changeset="47997797" timestamp="2017-04-21T09:58:44Z" user="Ranjana Devanand" uid="5252054" lat="26.7985128" lon="75.8679874"/>
 <node id="4807305970" visible="true" version="1" changeset="47997797" timestamp="2017-04-21T09:58:44Z" user="Ranjana Devanand" uid="5252054" lat="26.7984249" lon="75.8680798"/>
 <node id="4807305971" visible="true" version="1" changeset="47997797" timestamp="2017-04-21T09:58:44Z" user="Ranjana Devanand" uid="5252054" lat="26.7983451" lon="75.8682171"/>
 <node id="4807305972" visible="true" version="1" changeset="47997797" timestamp="2017-04-21T09:58:44Z" user="Ranjana Devanand" uid="5252054" lat="26.7983078" lon="75.8681365"/>
 <node id="4807305973" visible="true" version="1" changeset="47997797" timestamp="2017-04-21T09:58:44Z" user="Ranjana Devanand" uid="5252054" lat="26.7982758" lon="75.8679903"/>
 <node id="4807305974" visible="true" version="1" changeset="47997797" timestamp="2017-04-21T09:58:44Z" user="Ranjana Devanand" uid="5252054" lat="26.7982998" lon="75.8678471"/>
 <node id="4807305975" visible="true" version="1" changeset="47997797" timestamp="2017-04-21T09:58:44Z" user="Ranjana Devanand" uid="5252054" lat="26.7983637" lon="75.8676055"/>
 <node id="4807305976" visible="true" version="1" changeset="47997797" timestamp="2017-04-21T09:58:44Z" user="Ranjana Devanand" uid="5252054" lat="26.7984196" lon="75.8674116"/>
 <node id="4807305977" visible="true" version="1" changeset="47997797" timestamp="2017-04-21T09:58:44Z" user="Ranjana Devanand" uid="5252054" lat="26.7985102" lon="75.8671520"/>
 <node id="4807305978" visible="true" version="1" changeset="47997797" timestamp="2017-04-21T09:58:44Z" user="Ranjana Devanand" uid="5252054" lat="26.7986193" lon="75.8668268"/>
 <node id="4807305979" visible="true" version="2" changeset="139555245" timestamp="2023-08-07T09:46:24Z" user="nileshdhandak" uid="16638013" lat="26.7987173" lon="75.8665233"/>
 <node id="4807305985" visible="true" version="3" changeset="141847559" timestamp="2023-09-28T06:02:11Z" user="nileshbarawkar" uid="16275544" lat="26.7979125" lon="75.8701511"/>
 <node id="4807305986" visible="true" version="1" changeset="47997797" timestamp="2017-04-21T09:58:44Z" user="Ranjana Devanand" uid="5252054" lat="26.7977666" lon="75.8706812"/>
 <node id="4807305987" visible="true" version="2" changeset="73579467" timestamp="2019-08-21T12:49:42Z" user="Sai Suman Kalyanam" uid="9086366" lat="26.7978484" lon="75.8704849"/>
 <node id="4807305988" visible="true" version="2" changeset="73579467" timestamp="2019-08-21T12:49:42Z" user="Sai Suman Kalyanam" uid="9086366" lat="26.7978791" lon="75.8703003"/>
 <node id="4807315792" visible="true" version="1" changeset="47998007" timestamp="2017-04-21T10:06:46Z" user="Ranjana Devanand" uid="5252054" lat="26.8030353" lon="75.8651939"/>
 <node id="4807315793" visible="true" version="1" changeset="47998007" timestamp="2017-04-21T10:06:46Z" user="Ranjana Devanand" uid="5252054" lat="26.8029061" lon="75.8652032"/>
 <node id="4807315794" visible="true" version="1" changeset="47998007" timestamp="2017-04-21T10:06:46Z" user="Ranjana Devanand" uid="5252054" lat="26.8027060" lon="75.8652173"/>
 <node id="4807315795" visible="true" version="2" changeset="149262191" timestamp="2024-03-28T10:39:48Z" user="jdananda" uid="19368656" lat="26.8025422" lon="75.8652269"/>
 <node id="4807315797" visible="true" version="2" changeset="149262191" timestamp="2024-03-28T10:39:48Z" user="jdananda" uid="19368656" lat="26.8025027" lon="75.8648851"/>
 <node id="4807315798" visible="true" version="2" changeset="149262191" timestamp="2024-03-28T10:39:48Z" user="jdananda" uid="19368656" lat="26.8024970" lon="75.8647751"/>
 <node id="4807315799" visible="true" version="1" changeset="47998007" timestamp="2017-04-21T10:06:46Z" user="Ranjana Devanand" uid="5252054" lat="26.8021975" lon="75.8647876"/>
 <node id="4807315800" visible="true" version="1" changeset="47998007" timestamp="2017-04-21T10:06:46Z" user="Ranjana Devanand" uid="5252054" lat="26.8020016" lon="75.8648016"/>
 <node id="4807315801" visible="true" version="1" changeset="47998007" timestamp="2017-04-21T10:06:46Z" user="Ranjana Devanand" uid="5252054" lat="26.8018098" lon="75.8648203"/>
 <node id="4807315802" visible="true" version="1" changeset="47998007" timestamp="2017-04-21T10:06:46Z" user="Ranjana Devanand" uid="5252054" lat="26.8016389" lon="75.8648250"/>
 <node id="4807315803" visible="true" version="1" changeset="47998007" timestamp="2017-04-21T10:06:46Z" user="Ranjana Devanand" uid="5252054" lat="26.8015222" lon="75.8648390"/>
 <node id="4807315804" visible="true" version="1" changeset="47998007" timestamp="2017-04-21T10:06:46Z" user="Ranjana Devanand" uid="5252054" lat="26.8013680" lon="75.8648530"/>
 <node id="4807315805" visible="true" version="2" changeset="149262191" timestamp="2024-03-28T10:39:48Z" user="jdananda" uid="19368656" lat="26.8012583" lon="75.8648619"/>
 <node id="4807315810" visible="true" version="2" changeset="149262191" timestamp="2024-03-28T10:39:48Z" user="jdananda" uid="19368656" lat="26.8013444" lon="75.8658061"/>
 <node id="4807315812" visible="true" version="1" changeset="47998007" timestamp="2017-04-21T10:06:46Z" user="Ranjana Devanand" uid="5252054" lat="26.8015639" lon="75.8657917"/>
 <node id="4807315813" visible="true" version="1" changeset="47998007" timestamp="2017-04-21T10:06:46Z" user="Ranjana Devanand" uid="5252054" lat="26.8018015" lon="75.8657776"/>
 <node id="4807315814" visible="true" version="1" changeset="47998007" timestamp="2017-04-21T10:06:46Z" user="Ranjana Devanand" uid="5252054" lat="26.8019599" lon="75.8657636"/>
 <node id="4807315815" visible="true" version="1" changeset="47998007" timestamp="2017-04-21T10:06:46Z" user="Ranjana Devanand" uid="5252054" lat="26.8021225" lon="75.8657543"/>
 <node id="4807315816" visible="true" version="2" changeset="149262191" timestamp="2024-03-28T10:39:48Z" user="jdananda" uid="19368656" lat="26.8025533" lon="75.8656786"/>
 <node id="4807316926" visible="true" version="2" changeset="149262191" timestamp="2024-03-28T10:39:48Z" user="jdananda" uid="19368656" lat="26.8013054" lon="75.8653100"/>
 <node id="4807316940" visible="true" version="1" changeset="47998007" timestamp="2017-04-21T10:06:46Z" user="Ranjana Devanand" uid="5252054" lat="26.8007207" lon="75.8652710"/>
 <node id="4807316941" visible="true" version="1" changeset="47998007" timestamp="2017-04-21T10:06:46Z" user="Ranjana Devanand" uid="5252054" lat="26.8006836" lon="75.8652737"/>
 <node id="4807316942" visible="true" version="1" changeset="47998007" timestamp="2017-04-21T10:06:46Z" user="Ranjana Devanand" uid="5252054" lat="26.8005794" lon="75.8652657"/>
 <node id="4807316943" visible="true" version="1" changeset="47998007" timestamp="2017-04-21T10:06:46Z" user="Ranjana Devanand" uid="5252054" lat="26.8005160" lon="75.8653086"/>
 <node id="4807316944" visible="true" version="1" changeset="47998007" timestamp="2017-04-21T10:06:46Z" user="Ranjana Devanand" uid="5252054" lat="26.8004574" lon="75.8653636"/>
 <node id="4807316945" visible="true" version="1" changeset="47998007" timestamp="2017-04-21T10:06:46Z" user="Ranjana Devanand" uid="5252054" lat="26.8004047" lon="75.8653810"/>
 <node id="4807316946" visible="true" version="1" changeset="47998007" timestamp="2017-04-21T10:06:46Z" user="Ranjana Devanand" uid="5252054" lat="26.8003508" lon="75.8653877"/>
 <node id="4807316947" visible="true" version="1" changeset="47998007" timestamp="2017-04-21T10:06:46Z" user="Ranjana Devanand" uid="5252054" lat="26.8002934" lon="75.8653770"/>
 <node id="4807316948" visible="true" version="1" changeset="47998007" timestamp="2017-04-21T10:06:47Z" user="Ranjana Devanand" uid="5252054" lat="26.8002323" lon="75.8653743"/>
 <node id="4807316949" visible="true" version="1" changeset="47998007" timestamp="2017-04-21T10:06:47Z" user="Ranjana Devanand" uid="5252054" lat="26.8001701" lon="75.8653783"/>
 <node id="4807316950" visible="true" version="1" changeset="47998007" timestamp="2017-04-21T10:06:47Z" user="Ranjana Devanand" uid="5252054" lat="26.8000611" lon="75.8653810"/>
 <node id="4807316951" visible="true" version="1" changeset="47998007" timestamp="2017-04-21T10:06:47Z" user="Ranjana Devanand" uid="5252054" lat="26.7999893" lon="75.8653864"/>
 <node id="4807316952" visible="true" version="1" changeset="47998007" timestamp="2017-04-21T10:06:47Z" user="Ranjana Devanand" uid="5252054" lat="26.7998947" lon="75.8653367"/>
 <node id="4807316953" visible="true" version="1" changeset="47998007" timestamp="2017-04-21T10:06:47Z" user="Ranjana Devanand" uid="5252054" lat="26.7998277" lon="75.8653059"/>
 <node id="4807316954" visible="true" version="1" changeset="47998007" timestamp="2017-04-21T10:06:47Z" user="Ranjana Devanand" uid="5252054" lat="26.7996924" lon="75.8652724"/>
 <node id="4807316955" visible="true" version="1" changeset="47998007" timestamp="2017-04-21T10:06:47Z" user="Ranjana Devanand" uid="5252054" lat="26.7995705" lon="75.8652285"/>
 <node id="4807316956" visible="true" version="1" changeset="47998007" timestamp="2017-04-21T10:06:47Z" user="Ranjana Devanand" uid="5252054" lat="26.8007489" lon="75.8653151"/>
 <node id="4807316957" visible="true" version="1" changeset="47998007" timestamp="2017-04-21T10:06:47Z" user="Ranjana Devanand" uid="5252054" lat="26.8007593" lon="75.8653583"/>
 <node id="4807316958" visible="true" version="1" changeset="47998007" timestamp="2017-04-21T10:06:47Z" user="Ranjana Devanand" uid="5252054" lat="26.8007614" lon="75.8654167"/>
 <node id="4807316959" visible="true" version="1" changeset="47998007" timestamp="2017-04-21T10:06:47Z" user="Ranjana Devanand" uid="5252054" lat="26.8007562" lon="75.8654867"/>
 <node id="4807316960" visible="true" version="1" changeset="47998007" timestamp="2017-04-21T10:06:47Z" user="Ranjana Devanand" uid="5252054" lat="26.8007343" lon="75.8655696"/>
 <node id="4807316961" visible="true" version="1" changeset="47998007" timestamp="2017-04-21T10:06:47Z" user="Ranjana Devanand" uid="5252054" lat="26.8007145" lon="75.8656070"/>
 <node id="4807333483" visible="true" version="1" changeset="47998431" timestamp="2017-04-21T10:23:36Z" user="Ranjana Devanand" uid="5252054" lat="26.8032037" lon="75.8662468"/>
 <node id="4807333494" visible="true" version="1" changeset="47998431" timestamp="2017-04-21T10:23:36Z" user="Ranjana Devanand" uid="5252054" lat="26.8013303" lon="75.8661816"/>
 <node id="4807333495" visible="true" version="2" changeset="141847559" timestamp="2023-09-28T06:02:11Z" user="nileshbarawkar" uid="16275544" lat="26.8027427" lon="75.8662308"/>
 <node id="4807333501" visible="true" version="1" changeset="47998431" timestamp="2017-04-21T10:23:36Z" user="Ranjana Devanand" uid="5252054" lat="26.8027058" lon="75.8673731"/>
 <node id="4807333507" visible="true" version="2" changeset="141847559" timestamp="2023-09-28T06:02:11Z" user="nileshbarawkar" uid="16275544" lat="26.8019218" lon="75.8673476"/>
 <node id="4807333513" visible="true" version="1" changeset="47998431" timestamp="2017-04-21T10:23:37Z" user="Ranjana Devanand" uid="5252054" lat="26.8013305" lon="75.8673284"/>
 <node id="4807333515" visible="true" version="2" changeset="141847559" timestamp="2023-09-28T06:02:11Z" user="nileshbarawkar" uid="16275544" lat="26.8019511" lon="75.8662032"/>
 <node id="4807333922" visible="true" version="2" changeset="141847685" timestamp="2023-09-28T06:07:08Z" user="nileshbarawkar" uid="16275544" lat="26.8027242" lon="75.8668038"/>
 <node id="4807333930" visible="true" version="2" changeset="141847559" timestamp="2023-09-28T06:02:11Z" user="nileshbarawkar" uid="16275544" lat="26.8019357" lon="75.8668025"/>
 <node id="4807333939" visible="true" version="1" changeset="47998431" timestamp="2017-04-21T10:23:37Z" user="Ranjana Devanand" uid="5252054" lat="26.8005213" lon="75.8667998"/>
 <node id="4807333944" visible="true" version="1" changeset="47998431" timestamp="2017-04-21T10:23:37Z" user="Ranjana Devanand" uid="5252054" lat="26.8003471" lon="75.8672755"/>
 <node id="4807333945" visible="true" version="2" changeset="141847559" timestamp="2023-09-28T06:02:11Z" user="nileshbarawkar" uid="16275544" lat="26.8013379" lon="75.8668013"/>
 <node id="4807333952" visible="true" version="1" changeset="47998431" timestamp="2017-04-21T10:23:37Z" user="Ranjana Devanand" uid="5252054" lat="26.8012578" lon="75.8678376"/>
 <node id="4807333954" visible="true" version="3" changeset="141847559" timestamp="2023-09-28T06:02:11Z" user="nileshbarawkar" uid="16275544" lat="26.8011720" lon="75.8682551"/>
 <node id="4807333956" visible="true" version="2" changeset="141847559" timestamp="2023-09-28T06:02:11Z" user="nileshbarawkar" uid="16275544" lat="26.8010885" lon="75.8686614"/>
 <node id="4807333959" visible="true" version="1" changeset="47998431" timestamp="2017-04-21T10:23:37Z" user="Ranjana Devanand" uid="5252054" lat="26.8009535" lon="75.8693180"/>
 <node id="4807333969" visible="true" version="1" changeset="47998431" timestamp="2017-04-21T10:23:37Z" user="Ranjana Devanand" uid="5252054" lat="26.8002616" lon="75.8675153"/>
 <node id="4807333970" visible="true" version="2" changeset="141847559" timestamp="2023-09-28T06:02:11Z" user="nileshbarawkar" uid="16275544" lat="26.8007129" lon="75.8676613"/>
 <node id="4807333973" visible="true" version="2" changeset="141847559" timestamp="2023-09-28T06:02:11Z" user="nileshbarawkar" uid="16275544" lat="26.8005902" lon="75.8679920"/>
 <node id="4807333983" visible="true" version="2" changeset="141847559" timestamp="2023-09-28T06:02:11Z" user="nileshbarawkar" uid="16275544" lat="26.8002321" lon="75.8693454"/>
 <node id="4807333984" visible="true" version="2" changeset="141847559" timestamp="2023-09-28T06:02:11Z" user="nileshbarawkar" uid="16275544" lat="26.8011912" lon="75.8681616"/>
 <node id="4807333991" visible="true" version="2" changeset="141847559" timestamp="2023-09-28T06:02:11Z" user="nileshbarawkar" uid="16275544" lat="26.8011116" lon="75.8685491"/>
 <node id="4807333998" visible="true" version="2" changeset="141847559" timestamp="2023-09-28T06:02:11Z" user="nileshbarawkar" uid="16275544" lat="26.8004453" lon="75.8683740"/>
 <node id="4807333999" visible="true" version="2" changeset="141847559" timestamp="2023-09-28T06:02:11Z" user="nileshbarawkar" uid="16275544" lat="26.8010165" lon="75.8690114"/>
 <node id="4807334006" visible="true" version="2" changeset="141847559" timestamp="2023-09-28T06:02:11Z" user="nileshbarawkar" uid="16275544" lat="26.8003523" lon="75.8688069"/>
 <node id="4807334007" visible="true" version="1" changeset="47998431" timestamp="2017-04-21T10:23:38Z" user="Ranjana Devanand" uid="5252054" lat="26.8005141" lon="75.8694156"/>
 <node id="4807334012" visible="true" version="1" changeset="47998431" timestamp="2017-04-21T10:23:38Z" user="Ranjana Devanand" uid="5252054" lat="26.7997464" lon="75.8692245"/>
 <node id="4807334013" visible="true" version="1" changeset="47998431" timestamp="2017-04-21T10:23:38Z" user="Ranjana Devanand" uid="5252054" lat="26.7995063" lon="75.8661525"/>
 <node id="4807334014" visible="true" version="1" changeset="47998431" timestamp="2017-04-21T10:23:38Z" user="Ranjana Devanand" uid="5252054" lat="26.7997875" lon="75.8661631"/>
 <node id="4807334015" visible="true" version="1" changeset="47998431" timestamp="2017-04-21T10:23:38Z" user="Ranjana Devanand" uid="5252054" lat="26.8000560" lon="75.8661702"/>
 <node id="4807334016" visible="true" version="1" changeset="47998431" timestamp="2017-04-21T10:23:38Z" user="Ranjana Devanand" uid="5252054" lat="26.8003656" lon="75.8661914"/>
 <node id="4807334017" visible="true" version="1" changeset="47998431" timestamp="2017-04-21T10:23:38Z" user="Ranjana Devanand" uid="5252054" lat="26.8005741" lon="75.8662056"/>
 <node id="4807334018" visible="true" version="1" changeset="47998431" timestamp="2017-04-21T10:23:38Z" user="Ranjana Devanand" uid="5252054" lat="26.8005614" lon="75.8664710"/>
 <node id="4807334019" visible="true" version="1" changeset="47998431" timestamp="2017-04-21T10:23:38Z" user="Ranjana Devanand" uid="5252054" lat="26.8005456" lon="75.8666940"/>
 <node id="4807334020" visible="true" version="1" changeset="47998431" timestamp="2017-04-21T10:23:38Z" user="Ranjana Devanand" uid="5252054" lat="26.8004572" lon="75.8669806"/>
 <node id="4807334021" visible="true" version="1" changeset="47998431" timestamp="2017-04-21T10:23:38Z" user="Ranjana Devanand" uid="5252054" lat="26.8002929" lon="75.8674160"/>
 <node id="4807334022" visible="true" version="1" changeset="47998431" timestamp="2017-04-21T10:23:38Z" user="Ranjana Devanand" uid="5252054" lat="26.8001602" lon="75.8677416"/>
 <node id="4807334023" visible="true" version="1" changeset="47998431" timestamp="2017-04-21T10:23:38Z" user="Ranjana Devanand" uid="5252054" lat="26.8000402" lon="75.8680318"/>
 <node id="4807334024" visible="true" version="1" changeset="47998431" timestamp="2017-04-21T10:23:38Z" user="Ranjana Devanand" uid="5252054" lat="26.7999328" lon="75.8683220"/>
 <node id="4807334025" visible="true" version="1" changeset="47998431" timestamp="2017-04-21T10:23:38Z" user="Ranjana Devanand" uid="5252054" lat="26.7997780" lon="75.8690617"/>
 <node id="4807334026" visible="true" version="2" changeset="73579467" timestamp="2019-08-21T12:49:42Z" user="Sai Suman Kalyanam" uid="9086366" lat="26.7994061" lon="75.8708106"/>
 <node id="4807334027" visible="true" version="1" changeset="47998431" timestamp="2017-04-21T10:23:38Z" user="Ranjana Devanand" uid="5252054" lat="26.8005311" lon="75.8667572"/>
 <node id="4807334036" visible="true" version="1" changeset="47998431" timestamp="2017-04-21T10:23:38Z" user="Ranjana Devanand" uid="5252054" lat="26.7993717" lon="75.8666836"/>
 <node id="4807334041" visible="true" version="1" changeset="47998431" timestamp="2017-04-21T10:23:38Z" user="Ranjana Devanand" uid="5252054" lat="26.7993681" lon="75.8675007"/>
 <node id="4807334045" visible="true" version="1" changeset="47998431" timestamp="2017-04-21T10:23:39Z" user="Ranjana Devanand" uid="5252054" lat="26.8002448" lon="75.8675528"/>
 <node id="4807334046" visible="true" version="2" changeset="141847685" timestamp="2023-09-28T06:07:08Z" user="nileshbarawkar" uid="16275544" lat="26.7993698" lon="75.8671060"/>
 <node id="4807334054" visible="true" version="1" changeset="47998431" timestamp="2017-04-21T10:23:39Z" user="Ranjana Devanand" uid="5252054" lat="26.8004063" lon="75.8671170"/>
 <node id="4807334059" visible="true" version="1" changeset="47998431" timestamp="2017-04-21T10:23:39Z" user="Ranjana Devanand" uid="5252054" lat="26.7989100" lon="75.8672529"/>
 <node id="4807334060" visible="true" version="1" changeset="47998431" timestamp="2017-04-21T10:23:39Z" user="Ranjana Devanand" uid="5252054" lat="26.7990499" lon="75.8673422"/>
 <node id="4807334061" visible="true" version="1" changeset="47998431" timestamp="2017-04-21T10:23:39Z" user="Ranjana Devanand" uid="5252054" lat="26.7991902" lon="75.8674438"/>
 <node id="4807334062" visible="true" version="1" changeset="47998431" timestamp="2017-04-21T10:23:39Z" user="Ranjana Devanand" uid="5252054" lat="26.7992645" lon="75.8675055"/>
 <node id="4807334064" visible="true" version="1" changeset="47998431" timestamp="2017-04-21T10:23:39Z" user="Ranjana Devanand" uid="5252054" lat="26.7990939" lon="75.8678598"/>
 <node id="4807334068" visible="true" version="1" changeset="47998431" timestamp="2017-04-21T10:23:39Z" user="Ranjana Devanand" uid="5252054" lat="26.8000907" lon="75.8679097"/>
 <node id="4807334069" visible="true" version="1" changeset="47998431" timestamp="2017-04-21T10:23:39Z" user="Ranjana Devanand" uid="5252054" lat="26.7999555" lon="75.8682607"/>
 <node id="4807334074" visible="true" version="2" changeset="141847559" timestamp="2023-09-28T06:02:11Z" user="nileshbarawkar" uid="16275544" lat="26.7993692" lon="75.8681025"/>
 <node id="4807334075" visible="true" version="1" changeset="47998431" timestamp="2017-04-21T10:23:39Z" user="Ranjana Devanand" uid="5252054" lat="26.7998571" lon="75.8686835"/>
 <node id="4807334087" visible="true" version="2" changeset="141847559" timestamp="2023-09-28T06:02:11Z" user="nileshbarawkar" uid="16275544" lat="26.7983207" lon="75.8683261"/>
 <node id="4807334088" visible="true" version="2" changeset="141847559" timestamp="2023-09-28T06:02:11Z" user="nileshbarawkar" uid="16275544" lat="26.7987958" lon="75.8684369"/>
 <node id="4807334091" visible="true" version="1" changeset="47998431" timestamp="2017-04-21T10:23:39Z" user="Ranjana Devanand" uid="5252054" lat="26.7989014" lon="75.8679522"/>
 <node id="4807334096" visible="true" version="2" changeset="141847559" timestamp="2023-09-28T06:02:11Z" user="nileshbarawkar" uid="16275544" lat="26.7982220" lon="75.8687676"/>
 <node id="4807334097" visible="true" version="2" changeset="141847559" timestamp="2023-09-28T06:02:11Z" user="nileshbarawkar" uid="16275544" lat="26.7992963" lon="75.8690895"/>
 <node id="4807334098" visible="true" version="1" changeset="47998431" timestamp="2017-04-21T10:23:39Z" user="Ranjana Devanand" uid="5252054" lat="26.7992589" lon="75.8692280"/>
 <node id="4807334099" visible="true" version="1" changeset="47998431" timestamp="2017-04-21T10:23:39Z" user="Ranjana Devanand" uid="5252054" lat="26.7992278" lon="75.8693862"/>
 <node id="4807334100" visible="true" version="1" changeset="47998431" timestamp="2017-04-21T10:23:39Z" user="Ranjana Devanand" uid="5252054" lat="26.7991847" lon="75.8695418"/>
 <node id="4807334101" visible="true" version="1" changeset="47998431" timestamp="2017-04-21T10:23:39Z" user="Ranjana Devanand" uid="5252054" lat="26.7991416" lon="75.8695552"/>
 <node id="4807334102" visible="true" version="1" changeset="47998431" timestamp="2017-04-21T10:23:39Z" user="Ranjana Devanand" uid="5252054" lat="26.7990746" lon="75.8695418"/>
 <node id="4807334103" visible="true" version="1" changeset="47998431" timestamp="2017-04-21T10:23:39Z" user="Ranjana Devanand" uid="5252054" lat="26.7990123" lon="75.8695284"/>
 <node id="4807334104" visible="true" version="1" changeset="47998431" timestamp="2017-04-21T10:23:39Z" user="Ranjana Devanand" uid="5252054" lat="26.7989357" lon="75.8695069"/>
 <node id="4807334105" visible="true" version="1" changeset="47998431" timestamp="2017-04-21T10:23:39Z" user="Ranjana Devanand" uid="5252054" lat="26.7988766" lon="75.8694977"/>
 <node id="4807384918" visible="true" version="1" changeset="47999518" timestamp="2017-04-21T11:10:59Z" user="Ranjana Devanand" uid="5252054" lat="26.8091475" lon="75.8562597"/>
 <node id="4807384985" visible="true" version="2" changeset="75648762" timestamp="2019-10-14T08:12:07Z" user="Rajyalakshmi" uid="10287759" lat="26.8030735" lon="75.8590127"/>
 <node id="4807384986" visible="true" version="1" changeset="47999475" timestamp="2017-04-21T11:09:22Z" user="Ranjana Devanand" uid="5252054" lat="26.8033119" lon="75.8590032"/>
 <node id="4807384987" visible="true" version="1" changeset="47999475" timestamp="2017-04-21T11:09:22Z" user="Ranjana Devanand" uid="5252054" lat="26.8036246" lon="75.8590032"/>
 <node id="4807384988" visible="true" version="1" changeset="47999475" timestamp="2017-04-21T11:09:22Z" user="Ranjana Devanand" uid="5252054" lat="26.8038967" lon="75.8590123"/>
 <node id="4807384989" visible="true" version="1" changeset="47999475" timestamp="2017-04-21T11:09:22Z" user="Ranjana Devanand" uid="5252054" lat="26.8040835" lon="75.8589350"/>
 <node id="4807384990" visible="true" version="1" changeset="47999475" timestamp="2017-04-21T11:09:22Z" user="Ranjana Devanand" uid="5252054" lat="26.8045951" lon="75.8587075"/>
 <node id="4807384991" visible="true" version="1" changeset="47999475" timestamp="2017-04-21T11:09:22Z" user="Ranjana Devanand" uid="5252054" lat="26.8048713" lon="75.8585892"/>
 <node id="4807384992" visible="true" version="1" changeset="47999475" timestamp="2017-04-21T11:09:22Z" user="Ranjana Devanand" uid="5252054" lat="26.8038316" lon="75.8590101"/>
 <node id="4807384993" visible="true" version="1" changeset="47999475" timestamp="2017-04-21T11:09:22Z" user="Ranjana Devanand" uid="5252054" lat="26.8038317" lon="75.8593598"/>
 <node id="4807384994" visible="true" version="1" changeset="47999475" timestamp="2017-04-21T11:09:23Z" user="Ranjana Devanand" uid="5252054" lat="26.8038276" lon="75.8596465"/>
 <node id="4807384995" visible="true" version="2" changeset="50624104" timestamp="2017-07-27T16:10:19Z" user="ratrun" uid="474183" lat="26.8038191" lon="75.8599551"/>
 <node id="4807384996" visible="true" version="1" changeset="47999475" timestamp="2017-04-21T11:09:23Z" user="Ranjana Devanand" uid="5252054" lat="26.8038276" lon="75.8601788"/>
 <node id="4807384997" visible="true" version="1" changeset="47999475" timestamp="2017-04-21T11:09:23Z" user="Ranjana Devanand" uid="5252054" lat="26.8038276" lon="75.8603380"/>
 <node id="4807384998" visible="true" version="1" changeset="47999475" timestamp="2017-04-21T11:09:23Z" user="Ranjana Devanand" uid="5252054" lat="26.8038276" lon="75.8606792"/>
 <node id="4807384999" visible="true" version="1" changeset="47999475" timestamp="2017-04-21T11:09:23Z" user="Ranjana Devanand" uid="5252054" lat="26.8035718" lon="75.8606838"/>
 <node id="4807385000" visible="true" version="1" changeset="47999475" timestamp="2017-04-21T11:09:23Z" user="Ranjana Devanand" uid="5252054" lat="26.8033566" lon="75.8606974"/>
 <node id="4807385001" visible="true" version="1" changeset="47999475" timestamp="2017-04-21T11:09:23Z" user="Ranjana Devanand" uid="5252054" lat="26.8032104" lon="75.8606974"/>
 <node id="4807385002" visible="true" version="2" changeset="75648762" timestamp="2019-10-14T08:12:07Z" user="Rajyalakshmi" uid="10287759" lat="26.8030923" lon="75.8607026"/>
 <node id="4807385003" visible="true" version="1" changeset="47999475" timestamp="2017-04-21T11:09:23Z" user="Ranjana Devanand" uid="5252054" lat="26.8035722" lon="75.8612169"/>
 <node id="4807385004" visible="true" version="1" changeset="47999475" timestamp="2017-04-21T11:09:23Z" user="Ranjana Devanand" uid="5252054" lat="26.8036460" lon="75.8612807"/>
 <node id="4807385005" visible="true" version="1" changeset="47999475" timestamp="2017-04-21T11:09:23Z" user="Ranjana Devanand" uid="5252054" lat="26.8037344" lon="75.8613599"/>
 <node id="4807385006" visible="true" version="1" changeset="47999475" timestamp="2017-04-21T11:09:23Z" user="Ranjana Devanand" uid="5252054" lat="26.8039606" lon="75.8613559"/>
 <node id="4807385007" visible="true" version="1" changeset="47999475" timestamp="2017-04-21T11:09:23Z" user="Ranjana Devanand" uid="5252054" lat="26.8042187" lon="75.8613401"/>
 <node id="4807385008" visible="true" version="1" changeset="47999475" timestamp="2017-04-21T11:09:23Z" user="Ranjana Devanand" uid="5252054" lat="26.8045722" lon="75.8613282"/>
 <node id="4807385009" visible="true" version="1" changeset="47999475" timestamp="2017-04-21T11:09:23Z" user="Ranjana Devanand" uid="5252054" lat="26.8048232" lon="75.8613282"/>
 <node id="4807385010" visible="true" version="1" changeset="47999475" timestamp="2017-04-21T11:09:23Z" user="Ranjana Devanand" uid="5252054" lat="26.8052863" lon="75.8613321"/>
 <node id="4807385011" visible="true" version="1" changeset="47999475" timestamp="2017-04-21T11:09:23Z" user="Ranjana Devanand" uid="5252054" lat="26.8055655" lon="75.8613203"/>
 <node id="4807385012" visible="true" version="1" changeset="47999475" timestamp="2017-04-21T11:09:23Z" user="Ranjana Devanand" uid="5252054" lat="26.8062337" lon="75.8612965"/>
 <node id="4807385013" visible="true" version="1" changeset="47999475" timestamp="2017-04-21T11:09:23Z" user="Ranjana Devanand" uid="5252054" lat="26.8065165" lon="75.8612925"/>
 <node id="4807385014" visible="true" version="1" changeset="47999475" timestamp="2017-04-21T11:09:23Z" user="Ranjana Devanand" uid="5252054" lat="26.8065096" lon="75.8611182"/>
 <node id="4807385015" visible="true" version="1" changeset="47999475" timestamp="2017-04-21T11:09:23Z" user="Ranjana Devanand" uid="5252054" lat="26.8038201" lon="75.8598117"/>
 <node id="4807385016" visible="true" version="1" changeset="47999475" timestamp="2017-04-21T11:09:23Z" user="Ranjana Devanand" uid="5252054" lat="26.8039748" lon="75.8597598"/>
 <node id="4807385017" visible="true" version="1" changeset="47999475" timestamp="2017-04-21T11:09:23Z" user="Ranjana Devanand" uid="5252054" lat="26.8043530" lon="75.8595974"/>
 <node id="4807385018" visible="true" version="1" changeset="47999475" timestamp="2017-04-21T11:09:23Z" user="Ranjana Devanand" uid="5252054" lat="26.8046217" lon="75.8594588"/>
 <node id="4807385019" visible="true" version="1" changeset="47999475" timestamp="2017-04-21T11:09:23Z" user="Ranjana Devanand" uid="5252054" lat="26.8049504" lon="75.8593360"/>
 <node id="4807385020" visible="true" version="1" changeset="47999475" timestamp="2017-04-21T11:09:23Z" user="Ranjana Devanand" uid="5252054" lat="26.8051802" lon="75.8592370"/>
 <node id="4807385021" visible="true" version="1" changeset="47999475" timestamp="2017-04-21T11:09:23Z" user="Ranjana Devanand" uid="5252054" lat="26.8056000" lon="75.8590350"/>
 <node id="4807385022" visible="true" version="1" changeset="47999475" timestamp="2017-04-21T11:09:23Z" user="Ranjana Devanand" uid="5252054" lat="26.8059827" lon="75.8588528"/>
 <node id="4807385023" visible="true" version="1" changeset="47999475" timestamp="2017-04-21T11:09:23Z" user="Ranjana Devanand" uid="5252054" lat="26.8060887" lon="75.8587973"/>
 <node id="4807385024" visible="true" version="1" changeset="47999475" timestamp="2017-04-21T11:09:23Z" user="Ranjana Devanand" uid="5252054" lat="26.8062619" lon="75.8587023"/>
 <node id="4807385025" visible="true" version="1" changeset="47999475" timestamp="2017-04-21T11:09:23Z" user="Ranjana Devanand" uid="5252054" lat="26.8064528" lon="75.8586072"/>
 <node id="4807385026" visible="true" version="1" changeset="47999475" timestamp="2017-04-21T11:09:23Z" user="Ranjana Devanand" uid="5252054" lat="26.8067215" lon="75.8584884"/>
 <node id="4807385027" visible="true" version="1" changeset="47999475" timestamp="2017-04-21T11:09:23Z" user="Ranjana Devanand" uid="5252054" lat="26.8068415" lon="75.8584372"/>
 <node id="4807385028" visible="true" version="1" changeset="47999475" timestamp="2017-04-21T11:09:23Z" user="Ranjana Devanand" uid="5252054" lat="26.8059933" lon="75.8589439"/>
 <node id="4807385029" visible="true" version="1" changeset="47999475" timestamp="2017-04-21T11:09:23Z" user="Ranjana Devanand" uid="5252054" lat="26.8060216" lon="75.8590785"/>
 <node id="4807385030" visible="true" version="1" changeset="47999475" timestamp="2017-04-21T11:09:23Z" user="Ranjana Devanand" uid="5252054" lat="26.8060216" lon="75.8592647"/>
 <node id="4807385031" visible="true" version="1" changeset="47999475" timestamp="2017-04-21T11:09:23Z" user="Ranjana Devanand" uid="5252054" lat="26.8060145" lon="75.8595182"/>
 <node id="4807385032" visible="true" version="1" changeset="47999475" timestamp="2017-04-21T11:09:23Z" user="Ranjana Devanand" uid="5252054" lat="26.8060110" lon="75.8597756"/>
 <node id="4807385033" visible="true" version="1" changeset="47999475" timestamp="2017-04-21T11:09:23Z" user="Ranjana Devanand" uid="5252054" lat="26.8060004" lon="75.8599895"/>
 <node id="4807385034" visible="true" version="1" changeset="47999475" timestamp="2017-04-21T11:09:23Z" user="Ranjana Devanand" uid="5252054" lat="26.8059968" lon="75.8601756"/>
 <node id="4807385035" visible="true" version="1" changeset="47999475" timestamp="2017-04-21T11:09:23Z" user="Ranjana Devanand" uid="5252054" lat="26.8059756" lon="75.8605677"/>
 <node id="4807385036" visible="true" version="1" changeset="47999475" timestamp="2017-04-21T11:09:23Z" user="Ranjana Devanand" uid="5252054" lat="26.8060058" lon="75.8598787"/>
 <node id="4807385037" visible="true" version="1" changeset="47999475" timestamp="2017-04-21T11:09:23Z" user="Ranjana Devanand" uid="5252054" lat="26.8058696" lon="75.8598865"/>
 <node id="4807385038" visible="true" version="1" changeset="47999475" timestamp="2017-04-21T11:09:23Z" user="Ranjana Devanand" uid="5252054" lat="26.8056610" lon="75.8598746"/>
 <node id="4807385039" visible="true" version="1" changeset="47999475" timestamp="2017-04-21T11:09:23Z" user="Ranjana Devanand" uid="5252054" lat="26.8054772" lon="75.8598826"/>
 <node id="4807385040" visible="true" version="1" changeset="47999475" timestamp="2017-04-21T11:09:23Z" user="Ranjana Devanand" uid="5252054" lat="26.8051661" lon="75.8599063"/>
 <node id="4807385041" visible="true" version="1" changeset="47999475" timestamp="2017-04-21T11:09:23Z" user="Ranjana Devanand" uid="5252054" lat="26.8049363" lon="75.8599142"/>
 <node id="4807385042" visible="true" version="1" changeset="47999475" timestamp="2017-04-21T11:09:23Z" user="Ranjana Devanand" uid="5252054" lat="26.8046500" lon="75.8599222"/>
 <node id="4807385043" visible="true" version="1" changeset="47999475" timestamp="2017-04-21T11:09:23Z" user="Ranjana Devanand" uid="5252054" lat="26.8043530" lon="75.8599261"/>
 <node id="4807385044" visible="true" version="1" changeset="47999475" timestamp="2017-04-21T11:09:23Z" user="Ranjana Devanand" uid="5252054" lat="26.8040738" lon="75.8599499"/>
 <node id="4807385046" visible="true" version="1" changeset="47999475" timestamp="2017-04-21T11:09:23Z" user="Ranjana Devanand" uid="5252054" lat="26.8045094" lon="75.8598491"/>
 <node id="4807385047" visible="true" version="1" changeset="47999475" timestamp="2017-04-21T11:09:23Z" user="Ranjana Devanand" uid="5252054" lat="26.8047408" lon="75.8597399"/>
 <node id="4807385048" visible="true" version="1" changeset="47999475" timestamp="2017-04-21T11:09:23Z" user="Ranjana Devanand" uid="5252054" lat="26.8049642" lon="75.8596262"/>
 <node id="4807385049" visible="true" version="1" changeset="47999475" timestamp="2017-04-21T11:09:23Z" user="Ranjana Devanand" uid="5252054" lat="26.8052078" lon="75.8595215"/>
 <node id="4807385050" visible="true" version="1" changeset="47999475" timestamp="2017-04-21T11:09:23Z" user="Ranjana Devanand" uid="5252054" lat="26.8054474" lon="75.8593896"/>
 <node id="4807385051" visible="true" version="1" changeset="47999475" timestamp="2017-04-21T11:09:23Z" user="Ranjana Devanand" uid="5252054" lat="26.8056017" lon="75.8593213"/>
 <node id="4807385052" visible="true" version="1" changeset="47999475" timestamp="2017-04-21T11:09:23Z" user="Ranjana Devanand" uid="5252054" lat="26.8055895" lon="75.8595443"/>
 <node id="4807385053" visible="true" version="1" changeset="47999475" timestamp="2017-04-21T11:09:23Z" user="Ranjana Devanand" uid="5252054" lat="26.8055659" lon="75.8598787"/>
 <node id="4807385054" visible="true" version="1" changeset="47999475" timestamp="2017-04-21T11:09:23Z" user="Ranjana Devanand" uid="5252054" lat="26.8067479" lon="75.8605263"/>
 <node id="4807385055" visible="true" version="1" changeset="47999475" timestamp="2017-04-21T11:09:23Z" user="Ranjana Devanand" uid="5252054" lat="26.8066088" lon="75.8605361"/>
 <node id="4807385056" visible="true" version="1" changeset="47999475" timestamp="2017-04-21T11:09:23Z" user="Ranjana Devanand" uid="5252054" lat="26.8063854" lon="75.8605543"/>
 <node id="4807385057" visible="true" version="1" changeset="47999475" timestamp="2017-04-21T11:09:23Z" user="Ranjana Devanand" uid="5252054" lat="26.8057398" lon="75.8605725"/>
 <node id="4807385058" visible="true" version="1" changeset="47999475" timestamp="2017-04-21T11:09:23Z" user="Ranjana Devanand" uid="5252054" lat="26.8054271" lon="75.8605952"/>
 <node id="4807385059" visible="true" version="1" changeset="47999475" timestamp="2017-04-21T11:09:23Z" user="Ranjana Devanand" uid="5252054" lat="26.8051510" lon="75.8606089"/>
 <node id="4807385060" visible="true" version="1" changeset="47999475" timestamp="2017-04-21T11:09:23Z" user="Ranjana Devanand" uid="5252054" lat="26.8047652" lon="75.8606225"/>
 <node id="4807385061" visible="true" version="1" changeset="47999475" timestamp="2017-04-21T11:09:23Z" user="Ranjana Devanand" uid="5252054" lat="26.8044607" lon="75.8606407"/>
 <node id="4807385062" visible="true" version="1" changeset="47999475" timestamp="2017-04-21T11:09:23Z" user="Ranjana Devanand" uid="5252054" lat="26.8042373" lon="75.8606407"/>
 <node id="4807385063" visible="true" version="1" changeset="47999475" timestamp="2017-04-21T11:09:23Z" user="Ranjana Devanand" uid="5252054" lat="26.8068230" lon="75.8564883"/>
 <node id="4807385080" visible="true" version="1" changeset="47999475" timestamp="2017-04-21T11:09:24Z" user="Ranjana Devanand" uid="5252054" lat="26.8068540" lon="75.8566497"/>
 <node id="4807385081" visible="true" version="1" changeset="47999475" timestamp="2017-04-21T11:09:24Z" user="Ranjana Devanand" uid="5252054" lat="26.8069051" lon="75.8566634"/>
 <node id="4807385082" visible="true" version="1" changeset="47999475" timestamp="2017-04-21T11:09:24Z" user="Ranjana Devanand" uid="5252054" lat="26.8069660" lon="75.8566725"/>
 <node id="4807385083" visible="true" version="1" changeset="47999475" timestamp="2017-04-21T11:09:24Z" user="Ranjana Devanand" uid="5252054" lat="26.8071894" lon="75.8566361"/>
 <node id="4807385084" visible="true" version="1" changeset="47999475" timestamp="2017-04-21T11:09:24Z" user="Ranjana Devanand" uid="5252054" lat="26.8074452" lon="75.8565406"/>
 <node id="4807385085" visible="true" version="1" changeset="47999475" timestamp="2017-04-21T11:09:24Z" user="Ranjana Devanand" uid="5252054" lat="26.8076604" lon="75.8564496"/>
 <node id="4807385086" visible="true" version="1" changeset="47999475" timestamp="2017-04-21T11:09:24Z" user="Ranjana Devanand" uid="5252054" lat="26.8078188" lon="75.8562676"/>
 <node id="4807385087" visible="true" version="1" changeset="47999475" timestamp="2017-04-21T11:09:24Z" user="Ranjana Devanand" uid="5252054" lat="26.8080299" lon="75.8561538"/>
 <node id="4807385088" visible="true" version="1" changeset="47999475" timestamp="2017-04-21T11:09:24Z" user="Ranjana Devanand" uid="5252054" lat="26.8081517" lon="75.8560992"/>
 <node id="4807385089" visible="true" version="1" changeset="47999475" timestamp="2017-04-21T11:09:24Z" user="Ranjana Devanand" uid="5252054" lat="26.8083385" lon="75.8560492"/>
 <node id="4807385090" visible="true" version="1" changeset="47999475" timestamp="2017-04-21T11:09:24Z" user="Ranjana Devanand" uid="5252054" lat="26.8084928" lon="75.8560810"/>
 <node id="4807385091" visible="true" version="1" changeset="47999475" timestamp="2017-04-21T11:09:24Z" user="Ranjana Devanand" uid="5252054" lat="26.8086151" lon="75.8561191"/>
 <node id="4807385092" visible="true" version="1" changeset="47999475" timestamp="2017-04-21T11:09:24Z" user="Ranjana Devanand" uid="5252054" lat="26.8087290" lon="75.8561363"/>
 <node id="4807385093" visible="true" version="1" changeset="47999475" timestamp="2017-04-21T11:09:24Z" user="Ranjana Devanand" uid="5252054" lat="26.8088890" lon="75.8561363"/>
 <node id="4807385094" visible="true" version="1" changeset="47999475" timestamp="2017-04-21T11:09:24Z" user="Ranjana Devanand" uid="5252054" lat="26.8089659" lon="75.8561605"/>
 <node id="4807385095" visible="true" version="1" changeset="47999475" timestamp="2017-04-21T11:09:24Z" user="Ranjana Devanand" uid="5252054" lat="26.8091106" lon="75.8562225"/>
 <node id="4807385096" visible="true" version="1" changeset="47999475" timestamp="2017-04-21T11:09:24Z" user="Ranjana Devanand" uid="5252054" lat="26.8091721" lon="75.8562846"/>
 <node id="4807385097" visible="true" version="1" changeset="47999475" timestamp="2017-04-21T11:09:24Z" user="Ranjana Devanand" uid="5252054" lat="26.8092060" lon="75.8563466"/>
 <node id="4807385098" visible="true" version="1" changeset="47999475" timestamp="2017-04-21T11:09:24Z" user="Ranjana Devanand" uid="5252054" lat="26.8084439" lon="75.8560710"/>
 <node id="4807385104" visible="true" version="1" changeset="47999475" timestamp="2017-04-21T11:09:24Z" user="Ranjana Devanand" uid="5252054" lat="26.8092781" lon="75.8564510"/>
 <node id="4807385105" visible="true" version="1" changeset="47999475" timestamp="2017-04-21T11:09:24Z" user="Ranjana Devanand" uid="5252054" lat="26.8093146" lon="75.8565648"/>
 <node id="4807385106" visible="true" version="1" changeset="47999475" timestamp="2017-04-21T11:09:24Z" user="Ranjana Devanand" uid="5252054" lat="26.8093410" lon="75.8566671"/>
 <node id="4807385107" visible="true" version="1" changeset="47999475" timestamp="2017-04-21T11:09:24Z" user="Ranjana Devanand" uid="5252054" lat="26.8093024" lon="75.8568446"/>
 <node id="4807385108" visible="true" version="1" changeset="47999475" timestamp="2017-04-21T11:09:24Z" user="Ranjana Devanand" uid="5252054" lat="26.8092233" lon="75.8569515"/>
 <node id="4807385109" visible="true" version="1" changeset="47999475" timestamp="2017-04-21T11:09:24Z" user="Ranjana Devanand" uid="5252054" lat="26.8091705" lon="75.8569970"/>
 <node id="4807385110" visible="true" version="1" changeset="47999475" timestamp="2017-04-21T11:09:24Z" user="Ranjana Devanand" uid="5252054" lat="26.8091197" lon="75.8570425"/>
 <node id="4807385111" visible="true" version="1" changeset="47999475" timestamp="2017-04-21T11:09:24Z" user="Ranjana Devanand" uid="5252054" lat="26.8090547" lon="75.8570834"/>
 <node id="4807385112" visible="true" version="1" changeset="47999475" timestamp="2017-04-21T11:09:24Z" user="Ranjana Devanand" uid="5252054" lat="26.8089735" lon="75.8570789"/>
 <node id="4807385113" visible="true" version="1" changeset="47999475" timestamp="2017-04-21T11:09:24Z" user="Ranjana Devanand" uid="5252054" lat="26.8088842" lon="75.8570630"/>
 <node id="4807385114" visible="true" version="1" changeset="47999475" timestamp="2017-04-21T11:09:24Z" user="Ranjana Devanand" uid="5252054" lat="26.8088030" lon="75.8571062"/>
 <node id="4807385115" visible="true" version="1" changeset="47999475" timestamp="2017-04-21T11:09:24Z" user="Ranjana Devanand" uid="5252054" lat="26.8086994" lon="75.8571380"/>
 <node id="4807385116" visible="true" version="1" changeset="47999475" timestamp="2017-04-21T11:09:24Z" user="Ranjana Devanand" uid="5252054" lat="26.8085979" lon="75.8571357"/>
 <node id="4807385156" visible="true" version="1" changeset="47999475" timestamp="2017-04-21T11:09:25Z" user="Ranjana Devanand" uid="5252054" lat="26.8105641" lon="75.8566886"/>
 <node id="4807385157" visible="true" version="1" changeset="47999475" timestamp="2017-04-21T11:09:25Z" user="Ranjana Devanand" uid="5252054" lat="26.8105026" lon="75.8567895"/>
 <node id="4807385158" visible="true" version="1" changeset="47999475" timestamp="2017-04-21T11:09:25Z" user="Ranjana Devanand" uid="5252054" lat="26.8104711" lon="75.8568678"/>
 <node id="4807385159" visible="true" version="1" changeset="47999475" timestamp="2017-04-21T11:09:25Z" user="Ranjana Devanand" uid="5252054" lat="26.8104279" lon="75.8571069"/>
 <node id="4807385160" visible="true" version="1" changeset="47999475" timestamp="2017-04-21T11:09:25Z" user="Ranjana Devanand" uid="5252054" lat="26.8102985" lon="75.8573147"/>
 <node id="4807385161" visible="true" version="1" changeset="47999475" timestamp="2017-04-21T11:09:25Z" user="Ranjana Devanand" uid="5252054" lat="26.8100750" lon="75.8572872"/>
 <node id="4807385162" visible="true" version="1" changeset="47999475" timestamp="2017-04-21T11:09:25Z" user="Ranjana Devanand" uid="5252054" lat="26.8099304" lon="75.8573499"/>
 <node id="4807385163" visible="true" version="1" changeset="47999475" timestamp="2017-04-21T11:09:25Z" user="Ranjana Devanand" uid="5252054" lat="26.8098161" lon="75.8573995"/>
 <node id="4807385164" visible="true" version="1" changeset="47999475" timestamp="2017-04-21T11:09:25Z" user="Ranjana Devanand" uid="5252054" lat="26.8095596" lon="75.8574805"/>
 <node id="4807385165" visible="true" version="1" changeset="47999475" timestamp="2017-04-21T11:09:25Z" user="Ranjana Devanand" uid="5252054" lat="26.8093590" lon="75.8575380"/>
 <node id="4807385166" visible="true" version="1" changeset="47999475" timestamp="2017-04-21T11:09:25Z" user="Ranjana Devanand" uid="5252054" lat="26.8091235" lon="75.8575772"/>
 <node id="4807385167" visible="true" version="1" changeset="47999475" timestamp="2017-04-21T11:09:25Z" user="Ranjana Devanand" uid="5252054" lat="26.8089735" lon="75.8576264"/>
 <node id="4807385168" visible="true" version="1" changeset="47999475" timestamp="2017-04-21T11:09:25Z" user="Ranjana Devanand" uid="5252054" lat="26.8087356" lon="75.8576917"/>
 <node id="4807385169" visible="true" version="1" changeset="47999475" timestamp="2017-04-21T11:09:25Z" user="Ranjana Devanand" uid="5252054" lat="26.8086307" lon="75.8576917"/>
 <node id="4807385170" visible="true" version="1" changeset="47999475" timestamp="2017-04-21T11:09:25Z" user="Ranjana Devanand" uid="5252054" lat="26.8085607" lon="75.8576734"/>
 <node id="4807385171" visible="true" version="1" changeset="47999475" timestamp="2017-04-21T11:09:25Z" user="Ranjana Devanand" uid="5252054" lat="26.8084208" lon="75.8576551"/>
 <node id="4807385172" visible="true" version="1" changeset="47999475" timestamp="2017-04-21T11:09:25Z" user="Ranjana Devanand" uid="5252054" lat="26.8083287" lon="75.8576402"/>
 <node id="4807385173" visible="true" version="1" changeset="47999475" timestamp="2017-04-21T11:09:25Z" user="Ranjana Devanand" uid="5252054" lat="26.8084501" lon="75.8576589"/>
 <node id="4807385174" visible="true" version="1" changeset="47999475" timestamp="2017-04-21T11:09:25Z" user="Ranjana Devanand" uid="5252054" lat="26.8081337" lon="75.8576801"/>
 <node id="4807385175" visible="true" version="1" changeset="47999475" timestamp="2017-04-21T11:09:25Z" user="Ranjana Devanand" uid="5252054" lat="26.8079273" lon="75.8577640"/>
 <node id="4807385176" visible="true" version="1" changeset="47999475" timestamp="2017-04-21T11:09:25Z" user="Ranjana Devanand" uid="5252054" lat="26.8078409" lon="75.8577834"/>
 <node id="4807385177" visible="true" version="1" changeset="47999475" timestamp="2017-04-21T11:09:25Z" user="Ranjana Devanand" uid="5252054" lat="26.8076817" lon="75.8578247"/>
 <node id="4807385178" visible="true" version="1" changeset="47999475" timestamp="2017-04-21T11:09:25Z" user="Ranjana Devanand" uid="5252054" lat="26.8074827" lon="75.8579521"/>
 <node id="4807385179" visible="true" version="1" changeset="47999475" timestamp="2017-04-21T11:09:25Z" user="Ranjana Devanand" uid="5252054" lat="26.8073122" lon="75.8580135"/>
 <node id="4807385180" visible="true" version="1" changeset="47999475" timestamp="2017-04-21T11:09:25Z" user="Ranjana Devanand" uid="5252054" lat="26.8071579" lon="75.8580340"/>
 <node id="4807385181" visible="true" version="1" changeset="47999475" timestamp="2017-04-21T11:09:25Z" user="Ranjana Devanand" uid="5252054" lat="26.8069995" lon="75.8580476"/>
 <node id="4807385182" visible="true" version="1" changeset="47999475" timestamp="2017-04-21T11:09:25Z" user="Ranjana Devanand" uid="5252054" lat="26.8068527" lon="75.8580564"/>
 <node id="4807385183" visible="true" version="1" changeset="47999475" timestamp="2017-04-21T11:09:25Z" user="Ranjana Devanand" uid="5252054" lat="26.8068684" lon="75.8568405"/>
 <node id="4807385184" visible="true" version="1" changeset="47999475" timestamp="2017-04-21T11:09:25Z" user="Ranjana Devanand" uid="5252054" lat="26.8077130" lon="75.8566422"/>
 <node id="4807385185" visible="true" version="1" changeset="47999475" timestamp="2017-04-21T11:09:25Z" user="Ranjana Devanand" uid="5252054" lat="26.8078389" lon="75.8565671"/>
 <node id="4807385186" visible="true" version="1" changeset="47999475" timestamp="2017-04-21T11:09:25Z" user="Ranjana Devanand" uid="5252054" lat="26.8079449" lon="75.8565076"/>
 <node id="4807385187" visible="true" version="1" changeset="47999475" timestamp="2017-04-21T11:09:25Z" user="Ranjana Devanand" uid="5252054" lat="26.8080065" lon="75.8564869"/>
 <node id="4807385188" visible="true" version="1" changeset="47999475" timestamp="2017-04-21T11:09:25Z" user="Ranjana Devanand" uid="5252054" lat="26.8081111" lon="75.8564696"/>
 <node id="4807385189" visible="true" version="1" changeset="47999475" timestamp="2017-04-21T11:09:25Z" user="Ranjana Devanand" uid="5252054" lat="26.8081527" lon="75.8566265"/>
 <node id="4807385190" visible="true" version="1" changeset="47999475" timestamp="2017-04-21T11:09:25Z" user="Ranjana Devanand" uid="5252054" lat="26.8081865" lon="75.8568386"/>
 <node id="4807385191" visible="true" version="1" changeset="47999475" timestamp="2017-04-21T11:09:25Z" user="Ranjana Devanand" uid="5252054" lat="26.8082588" lon="75.8571265"/>
 <node id="4807385192" visible="true" version="1" changeset="47999475" timestamp="2017-04-21T11:09:25Z" user="Ranjana Devanand" uid="5252054" lat="26.8081765" lon="75.8567759"/>
 <node id="4807385193" visible="true" version="1" changeset="47999475" timestamp="2017-04-21T11:09:25Z" user="Ranjana Devanand" uid="5252054" lat="26.8080296" lon="75.8563886"/>
 <node id="4807385194" visible="true" version="1" changeset="47999475" timestamp="2017-04-21T11:09:25Z" user="Ranjana Devanand" uid="5252054" lat="26.8079665" lon="75.8563162"/>
 <node id="4807385195" visible="true" version="1" changeset="47999475" timestamp="2017-04-21T11:09:25Z" user="Ranjana Devanand" uid="5252054" lat="26.8078571" lon="75.8562469"/>
 <node id="4807385199" visible="true" version="1" changeset="47999475" timestamp="2017-04-21T11:09:25Z" user="Ranjana Devanand" uid="5252054" lat="26.8068714" lon="75.8570140"/>
 <node id="4807385200" visible="true" version="1" changeset="47999475" timestamp="2017-04-21T11:09:25Z" user="Ranjana Devanand" uid="5252054" lat="26.8070340" lon="75.8569866"/>
 <node id="4807385201" visible="true" version="1" changeset="47999475" timestamp="2017-04-21T11:09:25Z" user="Ranjana Devanand" uid="5252054" lat="26.8071335" lon="75.8569820"/>
 <node id="4807385202" visible="true" version="1" changeset="47999475" timestamp="2017-04-21T11:09:25Z" user="Ranjana Devanand" uid="5252054" lat="26.8072979" lon="75.8569980"/>
 <node id="4807385203" visible="true" version="1" changeset="47999475" timestamp="2017-04-21T11:09:25Z" user="Ranjana Devanand" uid="5252054" lat="26.8074137" lon="75.8570548"/>
 <node id="4807385204" visible="true" version="1" changeset="47999475" timestamp="2017-04-21T11:09:25Z" user="Ranjana Devanand" uid="5252054" lat="26.8075416" lon="75.8570981"/>
 <node id="4807385205" visible="true" version="1" changeset="47999475" timestamp="2017-04-21T11:09:25Z" user="Ranjana Devanand" uid="5252054" lat="26.8078258" lon="75.8571231"/>
 <node id="4807385206" visible="true" version="1" changeset="47999475" timestamp="2017-04-21T11:09:25Z" user="Ranjana Devanand" uid="5252054" lat="26.8079253" lon="75.8571322"/>
 <node id="4807385207" visible="true" version="1" changeset="47999475" timestamp="2017-04-21T11:09:25Z" user="Ranjana Devanand" uid="5252054" lat="26.8080146" lon="75.8571640"/>
 <node id="4807385208" visible="true" version="1" changeset="47999475" timestamp="2017-04-21T11:09:25Z" user="Ranjana Devanand" uid="5252054" lat="26.8080390" lon="75.8572960"/>
 <node id="4807385209" visible="true" version="1" changeset="47999475" timestamp="2017-04-21T11:09:25Z" user="Ranjana Devanand" uid="5252054" lat="26.8080471" lon="75.8574142"/>
 <node id="4807385210" visible="true" version="1" changeset="47999475" timestamp="2017-04-21T11:09:25Z" user="Ranjana Devanand" uid="5252054" lat="26.8080309" lon="75.8576372"/>
 <node id="4807385211" visible="true" version="1" changeset="47999475" timestamp="2017-04-21T11:09:26Z" user="Ranjana Devanand" uid="5252054" lat="26.8080099" lon="75.8577508"/>
 <node id="4807386538" visible="true" version="3" changeset="93344085" timestamp="2020-10-31T16:29:29Z" user="variable90" uid="9379644" lat="26.8103432" lon="75.8539291"/>
 <node id="4807398483" visible="true" version="1" changeset="47999693" timestamp="2017-04-21T11:18:13Z" user="Ranjana Devanand" uid="5252054" lat="26.8092100" lon="75.8575628"/>
 <node id="4807398499" visible="true" version="1" changeset="47999693" timestamp="2017-04-21T11:18:13Z" user="Ranjana Devanand" uid="5252054" lat="26.8094327" lon="75.8602305"/>
 <node id="4807398501" visible="true" version="1" changeset="47999693" timestamp="2017-04-21T11:18:13Z" user="Ranjana Devanand" uid="5252054" lat="26.8094319" lon="75.8607021"/>
 <node id="4807398509" visible="true" version="1" changeset="47999693" timestamp="2017-04-21T11:18:13Z" user="Ranjana Devanand" uid="5252054" lat="26.8086555" lon="75.8591884"/>
 <node id="4807398515" visible="true" version="1" changeset="47999693" timestamp="2017-04-21T11:18:13Z" user="Ranjana Devanand" uid="5252054" lat="26.8086332" lon="75.8596987"/>
 <node id="4807398516" visible="true" version="1" changeset="47999693" timestamp="2017-04-21T11:18:13Z" user="Ranjana Devanand" uid="5252054" lat="26.8092766" lon="75.8602377"/>
 <node id="4807398517" visible="true" version="1" changeset="47999693" timestamp="2017-04-21T11:18:13Z" user="Ranjana Devanand" uid="5252054" lat="26.8091237" lon="75.8602270"/>
 <node id="4807398518" visible="true" version="1" changeset="47999693" timestamp="2017-04-21T11:18:13Z" user="Ranjana Devanand" uid="5252054" lat="26.8089613" lon="75.8602234"/>
 <node id="4807398519" visible="true" version="1" changeset="47999693" timestamp="2017-04-21T11:18:13Z" user="Ranjana Devanand" uid="5252054" lat="26.8088466" lon="75.8602305"/>
 <node id="4807398520" visible="true" version="1" changeset="47999693" timestamp="2017-04-21T11:18:13Z" user="Ranjana Devanand" uid="5252054" lat="26.8087064" lon="75.8602305"/>
 <node id="4807399021" visible="true" version="1" changeset="47999693" timestamp="2017-04-21T11:18:13Z" user="Ranjana Devanand" uid="5252054" lat="26.8085917" lon="75.8602412"/>
 <node id="4807399022" visible="true" version="1" changeset="47999693" timestamp="2017-04-21T11:18:13Z" user="Ranjana Devanand" uid="5252054" lat="26.8086395" lon="75.8590099"/>
 <node id="4807399023" visible="true" version="1" changeset="47999693" timestamp="2017-04-21T11:18:13Z" user="Ranjana Devanand" uid="5252054" lat="26.8086459" lon="75.8593954"/>
 <node id="4807399024" visible="true" version="1" changeset="47999693" timestamp="2017-04-21T11:18:13Z" user="Ranjana Devanand" uid="5252054" lat="26.8086395" lon="75.8595560"/>
 <node id="4807399025" visible="true" version="1" changeset="47999693" timestamp="2017-04-21T11:18:13Z" user="Ranjana Devanand" uid="5252054" lat="26.8086236" lon="75.8598094"/>
 <node id="4807399026" visible="true" version="1" changeset="47999693" timestamp="2017-04-21T11:18:13Z" user="Ranjana Devanand" uid="5252054" lat="26.8086109" lon="75.8600699"/>
 <node id="4807399027" visible="true" version="1" changeset="47999693" timestamp="2017-04-21T11:18:13Z" user="Ranjana Devanand" uid="5252054" lat="26.8085917" lon="75.8604304"/>
 <node id="4807399028" visible="true" version="1" changeset="47999693" timestamp="2017-04-21T11:18:14Z" user="Ranjana Devanand" uid="5252054" lat="26.8085758" lon="75.8606981"/>
 <node id="4807399029" visible="true" version="1" changeset="47999693" timestamp="2017-04-21T11:18:14Z" user="Ranjana Devanand" uid="5252054" lat="26.8085752" lon="75.8609313"/>
 <node id="4807399030" visible="true" version="1" changeset="47999693" timestamp="2017-04-21T11:18:14Z" user="Ranjana Devanand" uid="5252054" lat="26.8085121" lon="75.8589885"/>
 <node id="4807399031" visible="true" version="1" changeset="47999693" timestamp="2017-04-21T11:18:14Z" user="Ranjana Devanand" uid="5252054" lat="26.8083847" lon="75.8589849"/>
 <node id="4807399032" visible="true" version="1" changeset="47999693" timestamp="2017-04-21T11:18:14Z" user="Ranjana Devanand" uid="5252054" lat="26.8082636" lon="75.8589742"/>
 <node id="4807399033" visible="true" version="1" changeset="47999693" timestamp="2017-04-21T11:18:14Z" user="Ranjana Devanand" uid="5252054" lat="26.8081776" lon="75.8589814"/>
 <node id="4807399034" visible="true" version="2" changeset="130145419" timestamp="2022-12-16T08:46:43Z" user="Madhubala S" uid="15097560" lat="26.8081441" lon="75.8591654"/>
 <node id="4807399035" visible="true" version="1" changeset="47999693" timestamp="2017-04-21T11:18:14Z" user="Ranjana Devanand" uid="5252054" lat="26.8081330" lon="75.8592954"/>
 <node id="4807399036" visible="true" version="1" changeset="47999693" timestamp="2017-04-21T11:18:14Z" user="Ranjana Devanand" uid="5252054" lat="26.8081330" lon="75.8595203"/>
 <node id="4807399037" visible="true" version="1" changeset="47999693" timestamp="2017-04-21T11:18:14Z" user="Ranjana Devanand" uid="5252054" lat="26.8081139" lon="75.8597666"/>
 <node id="4807399038" visible="true" version="1" changeset="47999693" timestamp="2017-04-21T11:18:14Z" user="Ranjana Devanand" uid="5252054" lat="26.8081076" lon="75.8600485"/>
 <node id="4807399039" visible="true" version="1" changeset="47999693" timestamp="2017-04-21T11:18:14Z" user="Ranjana Devanand" uid="5252054" lat="26.8081012" lon="75.8602377"/>
 <node id="4807399040" visible="true" version="1" changeset="47999693" timestamp="2017-04-21T11:18:14Z" user="Ranjana Devanand" uid="5252054" lat="26.8080725" lon="75.8605125"/>
 <node id="4807399041" visible="true" version="1" changeset="47999693" timestamp="2017-04-21T11:18:14Z" user="Ranjana Devanand" uid="5252054" lat="26.8080757" lon="75.8607516"/>
 <node id="4807399042" visible="true" version="1" changeset="47999693" timestamp="2017-04-21T11:18:14Z" user="Ranjana Devanand" uid="5252054" lat="26.8080657" lon="75.8610676"/>
 <node id="4807399043" visible="true" version="1" changeset="47999693" timestamp="2017-04-21T11:18:14Z" user="Ranjana Devanand" uid="5252054" lat="26.8084102" lon="75.8602055"/>
 <node id="4807399044" visible="true" version="1" changeset="47999693" timestamp="2017-04-21T11:18:14Z" user="Ranjana Devanand" uid="5252054" lat="26.8082859" lon="75.8601984"/>
 <node id="4807399045" visible="true" version="1" changeset="47999693" timestamp="2017-04-21T11:18:14Z" user="Ranjana Devanand" uid="5252054" lat="26.8081025" lon="75.8601983"/>
 <node id="4807399046" visible="true" version="1" changeset="47999693" timestamp="2017-04-21T11:18:14Z" user="Ranjana Devanand" uid="5252054" lat="26.8080056" lon="75.8601806"/>
 <node id="4807399047" visible="true" version="1" changeset="47999693" timestamp="2017-04-21T11:18:14Z" user="Ranjana Devanand" uid="5252054" lat="26.8077795" lon="75.8601627"/>
 <node id="4807399048" visible="true" version="1" changeset="47999693" timestamp="2017-04-21T11:18:14Z" user="Ranjana Devanand" uid="5252054" lat="26.8076234" lon="75.8601449"/>
 <node id="4807399049" visible="true" version="1" changeset="47999693" timestamp="2017-04-21T11:18:14Z" user="Ranjana Devanand" uid="5252054" lat="26.8075087" lon="75.8601449"/>
 <node id="4807399050" visible="true" version="1" changeset="47999693" timestamp="2017-04-21T11:18:14Z" user="Ranjana Devanand" uid="5252054" lat="26.8073717" lon="75.8601449"/>
 <node id="4807399051" visible="true" version="1" changeset="47999693" timestamp="2017-04-21T11:18:14Z" user="Ranjana Devanand" uid="5252054" lat="26.8071965" lon="75.8601342"/>
 <node id="4807399052" visible="true" version="1" changeset="47999693" timestamp="2017-04-21T11:18:14Z" user="Ranjana Devanand" uid="5252054" lat="26.8070532" lon="75.8601127"/>
 <node id="4807399053" visible="true" version="1" changeset="47999693" timestamp="2017-04-21T11:18:14Z" user="Ranjana Devanand" uid="5252054" lat="26.8069290" lon="75.8601127"/>
 <node id="4807399054" visible="true" version="1" changeset="47999693" timestamp="2017-04-21T11:18:14Z" user="Ranjana Devanand" uid="5252054" lat="26.8067795" lon="75.8601053"/>
 <node id="4807399055" visible="true" version="1" changeset="47999693" timestamp="2017-04-21T11:18:14Z" user="Ranjana Devanand" uid="5252054" lat="26.8071573" lon="75.8611418"/>
 <node id="4807399056" visible="true" version="1" changeset="47999693" timestamp="2017-04-21T11:18:14Z" user="Ranjana Devanand" uid="5252054" lat="26.8071694" lon="75.8608426"/>
 <node id="4807399057" visible="true" version="1" changeset="47999693" timestamp="2017-04-21T11:18:14Z" user="Ranjana Devanand" uid="5252054" lat="26.8071861" lon="75.8605133"/>
 <node id="4807399058" visible="true" version="1" changeset="47999693" timestamp="2017-04-21T11:18:14Z" user="Ranjana Devanand" uid="5252054" lat="26.8072360" lon="75.8598298"/>
 <node id="4807399059" visible="true" version="1" changeset="47999693" timestamp="2017-04-21T11:18:14Z" user="Ranjana Devanand" uid="5252054" lat="26.8072471" lon="75.8595564"/>
 <node id="4807399060" visible="true" version="1" changeset="47999693" timestamp="2017-04-21T11:18:14Z" user="Ranjana Devanand" uid="5252054" lat="26.8072415" lon="75.8592954"/>
 <node id="4807399061" visible="true" version="1" changeset="47999693" timestamp="2017-04-21T11:18:14Z" user="Ranjana Devanand" uid="5252054" lat="26.8072637" lon="75.8589101"/>
 <node id="4807399062" visible="true" version="1" changeset="47999693" timestamp="2017-04-21T11:18:14Z" user="Ranjana Devanand" uid="5252054" lat="26.8072521" lon="75.8591109"/>
 <node id="4807399064" visible="true" version="1" changeset="47999693" timestamp="2017-04-21T11:18:14Z" user="Ranjana Devanand" uid="5252054" lat="26.8075198" lon="75.8591520"/>
 <node id="4807399065" visible="true" version="1" changeset="47999693" timestamp="2017-04-21T11:18:14Z" user="Ranjana Devanand" uid="5252054" lat="26.8076955" lon="75.8591643"/>
 <node id="4807399066" visible="true" version="1" changeset="47999693" timestamp="2017-04-21T11:18:14Z" user="Ranjana Devanand" uid="5252054" lat="26.8078528" lon="75.8591725"/>
 <node id="4807399067" visible="true" version="2" changeset="130145419" timestamp="2022-12-16T08:46:43Z" user="Madhubala S" uid="15097560" lat="26.8079492" lon="75.8591714"/>
 <node id="4807399068" visible="true" version="1" changeset="47999693" timestamp="2017-04-21T11:18:14Z" user="Ranjana Devanand" uid="5252054" lat="26.8072442" lon="75.8596273"/>
 <node id="4807399069" visible="true" version="1" changeset="47999693" timestamp="2017-04-21T11:18:14Z" user="Ranjana Devanand" uid="5252054" lat="26.8073552" lon="75.8596070"/>
 <node id="4807399070" visible="true" version="1" changeset="47999693" timestamp="2017-04-21T11:18:14Z" user="Ranjana Devanand" uid="5252054" lat="26.8074576" lon="75.8596111"/>
 <node id="4807399071" visible="true" version="1" changeset="47999693" timestamp="2017-04-21T11:18:14Z" user="Ranjana Devanand" uid="5252054" lat="26.8076186" lon="75.8596152"/>
 <node id="4807399072" visible="true" version="1" changeset="47999693" timestamp="2017-04-21T11:18:14Z" user="Ranjana Devanand" uid="5252054" lat="26.8077979" lon="75.8596275"/>
 <node id="4807399073" visible="true" version="1" changeset="47999693" timestamp="2017-04-21T11:18:14Z" user="Ranjana Devanand" uid="5252054" lat="26.8079626" lon="75.8596480"/>
 <node id="4807399074" visible="true" version="1" changeset="47999693" timestamp="2017-04-21T11:18:14Z" user="Ranjana Devanand" uid="5252054" lat="26.8081215" lon="75.8596687"/>
 <node id="4807399075" visible="true" version="1" changeset="47999693" timestamp="2017-04-21T11:18:14Z" user="Ranjana Devanand" uid="5252054" lat="26.8075527" lon="75.8596136"/>
 <node id="4807399076" visible="true" version="1" changeset="47999693" timestamp="2017-04-21T11:18:14Z" user="Ranjana Devanand" uid="5252054" lat="26.8075381" lon="75.8597300"/>
 <node id="4807399077" visible="true" version="1" changeset="47999693" timestamp="2017-04-21T11:18:14Z" user="Ranjana Devanand" uid="5252054" lat="26.8075345" lon="75.8599104"/>
 <node id="4807399078" visible="true" version="1" changeset="47999693" timestamp="2017-04-21T11:18:14Z" user="Ranjana Devanand" uid="5252054" lat="26.8075235" lon="75.8600334"/>
 <node id="4807399079" visible="true" version="1" changeset="47999693" timestamp="2017-04-21T11:18:14Z" user="Ranjana Devanand" uid="5252054" lat="26.8080750" lon="75.8607017"/>
 <node id="4807399080" visible="true" version="1" changeset="47999693" timestamp="2017-04-21T11:18:14Z" user="Ranjana Devanand" uid="5252054" lat="26.8079809" lon="75.8607099"/>
 <node id="4807399081" visible="true" version="1" changeset="47999693" timestamp="2017-04-21T11:18:14Z" user="Ranjana Devanand" uid="5252054" lat="26.8077943" lon="75.8607263"/>
 <node id="4807399082" visible="true" version="1" changeset="47999693" timestamp="2017-04-21T11:18:14Z" user="Ranjana Devanand" uid="5252054" lat="26.8075564" lon="75.8607099"/>
 <node id="4807399083" visible="true" version="1" changeset="47999693" timestamp="2017-04-21T11:18:14Z" user="Ranjana Devanand" uid="5252054" lat="26.8074210" lon="75.8606935"/>
 <node id="4807399084" visible="true" version="1" changeset="47999693" timestamp="2017-04-21T11:18:14Z" user="Ranjana Devanand" uid="5252054" lat="26.8071776" lon="75.8606804"/>
 <node id="4807433595" visible="true" version="4" changeset="147241587" timestamp="2024-02-09T05:21:26Z" user="nileshbarawkar" uid="16275544" lat="26.8076905" lon="75.8612959"/>
 <node id="4807433600" visible="true" version="2" changeset="147241587" timestamp="2024-02-09T05:21:26Z" user="nileshbarawkar" uid="16275544" lat="26.8095061" lon="75.8648280"/>
 <node id="4807433603" visible="true" version="4" changeset="147241587" timestamp="2024-02-09T05:21:26Z" user="nileshbarawkar" uid="16275544" lat="26.8099967" lon="75.8658732"/>
 <node id="4807433605" visible="true" version="3" changeset="147241587" timestamp="2024-02-09T05:21:26Z" user="nileshbarawkar" uid="16275544" lat="26.8101335" lon="75.8659012"/>
 <node id="4807492853" visible="true" version="1" changeset="48001233" timestamp="2017-04-21T12:14:34Z" user="Ranjana Devanand" uid="5252054" lat="26.8031013" lon="75.8621878"/>
 <node id="4807492854" visible="true" version="2" changeset="78669896" timestamp="2019-12-20T07:01:44Z" user="Sarathv" uid="10285135" lat="26.8032903" lon="75.8621551"/>
 <node id="4807492855" visible="true" version="2" changeset="78669896" timestamp="2019-12-20T07:01:44Z" user="Sarathv" uid="10285135" lat="26.8035193" lon="75.8621517"/>
 <node id="4807492856" visible="true" version="1" changeset="48001233" timestamp="2017-04-21T12:14:34Z" user="Ranjana Devanand" uid="5252054" lat="26.8036787" lon="75.8621482"/>
 <node id="4807492857" visible="true" version="1" changeset="48001233" timestamp="2017-04-21T12:14:34Z" user="Ranjana Devanand" uid="5252054" lat="26.8038241" lon="75.8621235"/>
 <node id="4807492858" visible="true" version="1" changeset="48001233" timestamp="2017-04-21T12:14:34Z" user="Ranjana Devanand" uid="5252054" lat="26.8038272" lon="75.8619961"/>
 <node id="4807492859" visible="true" version="1" changeset="48001233" timestamp="2017-04-21T12:14:34Z" user="Ranjana Devanand" uid="5252054" lat="26.8038493" lon="75.8619465"/>
 <node id="4807492860" visible="true" version="1" changeset="48001233" timestamp="2017-04-21T12:14:34Z" user="Ranjana Devanand" uid="5252054" lat="26.8039093" lon="75.8619005"/>
 <node id="4807492861" visible="true" version="1" changeset="48001233" timestamp="2017-04-21T12:14:34Z" user="Ranjana Devanand" uid="5252054" lat="26.8040610" lon="75.8618934"/>
 <node id="4807492862" visible="true" version="1" changeset="48001233" timestamp="2017-04-21T12:14:34Z" user="Ranjana Devanand" uid="5252054" lat="26.8042663" lon="75.8618828"/>
 <node id="4807492863" visible="true" version="1" changeset="48001233" timestamp="2017-04-21T12:14:34Z" user="Ranjana Devanand" uid="5252054" lat="26.8046138" lon="75.8618722"/>
 <node id="4807492864" visible="true" version="1" changeset="48001233" timestamp="2017-04-21T12:14:34Z" user="Ranjana Devanand" uid="5252054" lat="26.8048160" lon="75.8618616"/>
 <node id="4807492865" visible="true" version="1" changeset="48001233" timestamp="2017-04-21T12:14:34Z" user="Ranjana Devanand" uid="5252054" lat="26.8050402" lon="75.8618580"/>
 <node id="4807492866" visible="true" version="1" changeset="48001233" timestamp="2017-04-21T12:14:34Z" user="Ranjana Devanand" uid="5252054" lat="26.8052424" lon="75.8618580"/>
 <node id="4807492867" visible="true" version="1" changeset="48001233" timestamp="2017-04-21T12:14:34Z" user="Ranjana Devanand" uid="5252054" lat="26.8055046" lon="75.8618580"/>
 <node id="4807492868" visible="true" version="1" changeset="48001233" timestamp="2017-04-21T12:14:34Z" user="Ranjana Devanand" uid="5252054" lat="26.8057036" lon="75.8618545"/>
 <node id="4807492869" visible="true" version="1" changeset="48001233" timestamp="2017-04-21T12:14:34Z" user="Ranjana Devanand" uid="5252054" lat="26.8058963" lon="75.8618510"/>
 <node id="4807492870" visible="true" version="1" changeset="48001233" timestamp="2017-04-21T12:14:34Z" user="Ranjana Devanand" uid="5252054" lat="26.8060669" lon="75.8618439"/>
 <node id="4807492871" visible="true" version="1" changeset="48001233" timestamp="2017-04-21T12:14:34Z" user="Ranjana Devanand" uid="5252054" lat="26.8062659" lon="75.8618368"/>
 <node id="4807492872" visible="true" version="1" changeset="48001233" timestamp="2017-04-21T12:14:34Z" user="Ranjana Devanand" uid="5252054" lat="26.8064680" lon="75.8618297"/>
 <node id="4807492873" visible="true" version="1" changeset="48001233" timestamp="2017-04-21T12:14:34Z" user="Ranjana Devanand" uid="5252054" lat="26.8065565" lon="75.8618262"/>
 <node id="4807492874" visible="true" version="1" changeset="48001233" timestamp="2017-04-21T12:14:34Z" user="Ranjana Devanand" uid="5252054" lat="26.8065502" lon="75.8614970"/>
 <node id="4807492875" visible="true" version="1" changeset="48001233" timestamp="2017-04-21T12:14:34Z" user="Ranjana Devanand" uid="5252054" lat="26.8065565" lon="75.8616598"/>
 <node id="4807492876" visible="true" version="1" changeset="48001233" timestamp="2017-04-21T12:14:34Z" user="Ranjana Devanand" uid="5252054" lat="26.8065533" lon="75.8620633"/>
 <node id="4807492877" visible="true" version="1" changeset="48001233" timestamp="2017-04-21T12:14:34Z" user="Ranjana Devanand" uid="5252054" lat="26.8065754" lon="75.8622757"/>
 <node id="4807492878" visible="true" version="1" changeset="48001233" timestamp="2017-04-21T12:14:34Z" user="Ranjana Devanand" uid="5252054" lat="26.8065818" lon="75.8624845"/>
 <node id="4807492879" visible="true" version="1" changeset="48001233" timestamp="2017-04-21T12:14:34Z" user="Ranjana Devanand" uid="5252054" lat="26.8065912" lon="75.8626897"/>
 <node id="4807492880" visible="true" version="1" changeset="48001233" timestamp="2017-04-21T12:14:34Z" user="Ranjana Devanand" uid="5252054" lat="26.8065565" lon="75.8627641"/>
 <node id="4807492881" visible="true" version="1" changeset="48001233" timestamp="2017-04-21T12:14:34Z" user="Ranjana Devanand" uid="5252054" lat="26.8064333" lon="75.8627959"/>
 <node id="4807492882" visible="true" version="1" changeset="48001233" timestamp="2017-04-21T12:14:34Z" user="Ranjana Devanand" uid="5252054" lat="26.8062690" lon="75.8628065"/>
 <node id="4807492883" visible="true" version="1" changeset="48001233" timestamp="2017-04-21T12:14:34Z" user="Ranjana Devanand" uid="5252054" lat="26.8060921" lon="75.8628065"/>
 <node id="4807492884" visible="true" version="1" changeset="48001233" timestamp="2017-04-21T12:14:34Z" user="Ranjana Devanand" uid="5252054" lat="26.8059089" lon="75.8628136"/>
 <node id="4807492885" visible="true" version="1" changeset="48001233" timestamp="2017-04-21T12:14:34Z" user="Ranjana Devanand" uid="5252054" lat="26.8056562" lon="75.8628172"/>
 <node id="4807492886" visible="true" version="1" changeset="48001233" timestamp="2017-04-21T12:14:34Z" user="Ranjana Devanand" uid="5252054" lat="26.8054541" lon="75.8628207"/>
 <node id="4807492887" visible="true" version="1" changeset="48001233" timestamp="2017-04-21T12:14:34Z" user="Ranjana Devanand" uid="5252054" lat="26.8052519" lon="75.8628313"/>
 <node id="4807492888" visible="true" version="1" changeset="48001233" timestamp="2017-04-21T12:14:34Z" user="Ranjana Devanand" uid="5252054" lat="26.8050402" lon="75.8628384"/>
 <node id="4807492889" visible="true" version="1" changeset="48001233" timestamp="2017-04-21T12:14:34Z" user="Ranjana Devanand" uid="5252054" lat="26.8047907" lon="75.8628384"/>
 <node id="4807492890" visible="true" version="1" changeset="48001233" timestamp="2017-04-21T12:14:34Z" user="Ranjana Devanand" uid="5252054" lat="26.8045917" lon="75.8628525"/>
 <node id="4807492891" visible="true" version="1" changeset="48001233" timestamp="2017-04-21T12:14:34Z" user="Ranjana Devanand" uid="5252054" lat="26.8043516" lon="75.8628596"/>
 <node id="4807492892" visible="true" version="1" changeset="48001233" timestamp="2017-04-21T12:14:34Z" user="Ranjana Devanand" uid="5252054" lat="26.8042328" lon="75.8628620"/>
 <node id="4807492893" visible="true" version="1" changeset="48001233" timestamp="2017-04-21T12:14:34Z" user="Ranjana Devanand" uid="5252054" lat="26.8039806" lon="75.8628690"/>
 <node id="4807492894" visible="true" version="1" changeset="48001233" timestamp="2017-04-21T12:14:34Z" user="Ranjana Devanand" uid="5252054" lat="26.8038347" lon="75.8628783"/>
 <node id="4807492895" visible="true" version="1" changeset="48001233" timestamp="2017-04-21T12:14:34Z" user="Ranjana Devanand" uid="5252054" lat="26.8036680" lon="75.8628783"/>
 <node id="4807492896" visible="true" version="1" changeset="48001233" timestamp="2017-04-21T12:14:34Z" user="Ranjana Devanand" uid="5252054" lat="26.8033971" lon="75.8629040"/>
 <node id="4807492897" visible="true" version="1" changeset="48001233" timestamp="2017-04-21T12:14:35Z" user="Ranjana Devanand" uid="5252054" lat="26.8032199" lon="75.8629180"/>
 <node id="4807492898" visible="true" version="1" changeset="48001233" timestamp="2017-04-21T12:14:35Z" user="Ranjana Devanand" uid="5252054" lat="26.8031219" lon="75.8629182"/>
 <node id="4807492899" visible="true" version="1" changeset="48001233" timestamp="2017-04-21T12:14:35Z" user="Ranjana Devanand" uid="5252054" lat="26.8065771" lon="75.8623300"/>
 <node id="4807492900" visible="true" version="1" changeset="48001233" timestamp="2017-04-21T12:14:35Z" user="Ranjana Devanand" uid="5252054" lat="26.8064787" lon="75.8623333"/>
 <node id="4807492901" visible="true" version="1" changeset="48001233" timestamp="2017-04-21T12:14:35Z" user="Ranjana Devanand" uid="5252054" lat="26.8063649" lon="75.8623333"/>
 <node id="4807492902" visible="true" version="1" changeset="48001233" timestamp="2017-04-21T12:14:35Z" user="Ranjana Devanand" uid="5252054" lat="26.8062386" lon="75.8623474"/>
 <node id="4807492903" visible="true" version="1" changeset="48001233" timestamp="2017-04-21T12:14:35Z" user="Ranjana Devanand" uid="5252054" lat="26.8060712" lon="75.8623439"/>
 <node id="4807492904" visible="true" version="1" changeset="48001233" timestamp="2017-04-21T12:14:35Z" user="Ranjana Devanand" uid="5252054" lat="26.8059259" lon="75.8623474"/>
 <node id="4807492905" visible="true" version="1" changeset="48001233" timestamp="2017-04-21T12:14:35Z" user="Ranjana Devanand" uid="5252054" lat="26.8057395" lon="75.8623474"/>
 <node id="4807492906" visible="true" version="1" changeset="48001233" timestamp="2017-04-21T12:14:35Z" user="Ranjana Devanand" uid="5252054" lat="26.8056194" lon="75.8623651"/>
 <node id="4807492907" visible="true" version="1" changeset="48001233" timestamp="2017-04-21T12:14:35Z" user="Ranjana Devanand" uid="5252054" lat="26.8055247" lon="75.8623616"/>
 <node id="4807492908" visible="true" version="1" changeset="48001233" timestamp="2017-04-21T12:14:35Z" user="Ranjana Devanand" uid="5252054" lat="26.8053952" lon="75.8623687"/>
 <node id="4807492909" visible="true" version="1" changeset="48001233" timestamp="2017-04-21T12:14:35Z" user="Ranjana Devanand" uid="5252054" lat="26.8054716" lon="75.8623645"/>
 <node id="4807492910" visible="true" version="1" changeset="48001233" timestamp="2017-04-21T12:14:35Z" user="Ranjana Devanand" uid="5252054" lat="26.8054678" lon="75.8624642"/>
 <node id="4807492911" visible="true" version="1" changeset="48001233" timestamp="2017-04-21T12:14:35Z" user="Ranjana Devanand" uid="5252054" lat="26.8054741" lon="75.8626270"/>
 <node id="4807492912" visible="true" version="1" changeset="48001233" timestamp="2017-04-21T12:14:35Z" user="Ranjana Devanand" uid="5252054" lat="26.8054773" lon="75.8627509"/>
 <node id="4807492913" visible="true" version="1" changeset="48001233" timestamp="2017-04-21T12:14:35Z" user="Ranjana Devanand" uid="5252054" lat="26.8054897" lon="75.8628201"/>
 <node id="4807492914" visible="true" version="1" changeset="48001233" timestamp="2017-04-21T12:14:35Z" user="Ranjana Devanand" uid="5252054" lat="26.8053794" lon="75.8618580"/>
 <node id="4807492915" visible="true" version="1" changeset="48001233" timestamp="2017-04-21T12:14:35Z" user="Ranjana Devanand" uid="5252054" lat="26.8053920" lon="75.8620325"/>
 <node id="4807492916" visible="true" version="1" changeset="48001233" timestamp="2017-04-21T12:14:35Z" user="Ranjana Devanand" uid="5252054" lat="26.8051630" lon="75.8613311"/>
 <node id="4807492917" visible="true" version="1" changeset="48001233" timestamp="2017-04-21T12:14:35Z" user="Ranjana Devanand" uid="5252054" lat="26.8051630" lon="75.8614803"/>
 <node id="4807492918" visible="true" version="1" changeset="48001233" timestamp="2017-04-21T12:14:35Z" user="Ranjana Devanand" uid="5252054" lat="26.8051630" lon="75.8616644"/>
 <node id="4807492919" visible="true" version="1" changeset="48001233" timestamp="2017-04-21T12:14:35Z" user="Ranjana Devanand" uid="5252054" lat="26.8051598" lon="75.8618580"/>
 <node id="4807492920" visible="true" version="1" changeset="48001233" timestamp="2017-04-21T12:14:35Z" user="Ranjana Devanand" uid="5252054" lat="26.8058324" lon="75.8628147"/>
 <node id="4807493232" visible="true" version="2" changeset="141818479" timestamp="2023-09-27T12:44:05Z" user="nileshbarawkar" uid="16275544" lat="26.8057405" lon="75.8650525"/>
 <node id="4807493246" visible="true" version="3" changeset="141818479" timestamp="2023-09-27T12:44:05Z" user="nileshbarawkar" uid="16275544" lat="26.8056289" lon="75.8677709"/>
 <node id="4807493249" visible="true" version="1" changeset="48001233" timestamp="2017-04-21T12:14:35Z" user="Ranjana Devanand" uid="5252054" lat="26.8056013" lon="75.8684432"/>
 <node id="4807493250" visible="true" version="2" changeset="141818479" timestamp="2023-09-27T12:44:05Z" user="nileshbarawkar" uid="16275544" lat="26.8058109" lon="75.8633383"/>
 <node id="4807493263" visible="true" version="2" changeset="141818479" timestamp="2023-09-27T12:44:05Z" user="nileshbarawkar" uid="16275544" lat="26.8036288" lon="75.8634805"/>
 <node id="4807493265" visible="true" version="1" changeset="48001233" timestamp="2017-04-21T12:14:35Z" user="Ranjana Devanand" uid="5252054" lat="26.8033910" lon="75.8634960"/>
 <node id="4807493266" visible="true" version="2" changeset="141818479" timestamp="2023-09-27T12:44:05Z" user="nileshbarawkar" uid="16275544" lat="26.8057902" lon="75.8638429"/>
 <node id="4807493268" visible="true" version="2" changeset="141818479" timestamp="2023-09-27T12:44:05Z" user="nileshbarawkar" uid="16275544" lat="26.8053975" lon="75.8638700"/>
 <node id="4807493276" visible="true" version="2" changeset="141818479" timestamp="2023-09-27T12:44:05Z" user="nileshbarawkar" uid="16275544" lat="26.8036603" lon="75.8639903"/>
 <node id="4807493281" visible="true" version="2" changeset="141818479" timestamp="2023-09-27T12:44:05Z" user="nileshbarawkar" uid="16275544" lat="26.8036972" lon="75.8645888"/>
 <node id="4807493282" visible="true" version="2" changeset="141818479" timestamp="2023-09-27T12:44:05Z" user="nileshbarawkar" uid="16275544" lat="26.8057659" lon="75.8644342"/>
 <node id="4807493288" visible="true" version="1" changeset="48001233" timestamp="2017-04-21T12:14:36Z" user="Ranjana Devanand" uid="5252054" lat="26.8032165" lon="75.8646247"/>
 <node id="4807493289" visible="true" version="2" changeset="141818479" timestamp="2023-09-27T12:44:05Z" user="nileshbarawkar" uid="16275544" lat="26.8048696" lon="75.8639065"/>
 <node id="4807493290" visible="true" version="1" changeset="48001233" timestamp="2017-04-21T12:14:36Z" user="Ranjana Devanand" uid="5252054" lat="26.8048787" lon="75.8641020"/>
 <node id="4807493291" visible="true" version="1" changeset="48001233" timestamp="2017-04-21T12:14:36Z" user="Ranjana Devanand" uid="5252054" lat="26.8048952" lon="75.8643053"/>
 <node id="4807493292" visible="true" version="2" changeset="141818479" timestamp="2023-09-27T12:44:05Z" user="nileshbarawkar" uid="16275544" lat="26.8049117" lon="75.8644980"/>
 <node id="4807493293" visible="true" version="1" changeset="48001233" timestamp="2017-04-21T12:14:36Z" user="Ranjana Devanand" uid="5252054" lat="26.8053498" lon="75.8631479"/>
 <node id="4807493295" visible="true" version="2" changeset="141818479" timestamp="2023-09-27T12:44:05Z" user="nileshbarawkar" uid="16275544" lat="26.8053643" lon="75.8633672"/>
 <node id="4807493298" visible="true" version="2" changeset="141818479" timestamp="2023-09-27T12:44:05Z" user="nileshbarawkar" uid="16275544" lat="26.8046571" lon="75.8634135"/>
 <node id="4807493301" visible="true" version="2" changeset="141818479" timestamp="2023-09-27T12:44:05Z" user="nileshbarawkar" uid="16275544" lat="26.8046856" lon="75.8639193"/>
 <node id="4807497204" visible="true" version="1" changeset="48001353" timestamp="2017-04-21T12:18:25Z" user="Ranjana Devanand" uid="5252054" lat="26.8055708" lon="75.8651383"/>
 <node id="4807497205" visible="true" version="1" changeset="48001353" timestamp="2017-04-21T12:18:25Z" user="Ranjana Devanand" uid="5252054" lat="26.8054207" lon="75.8651336"/>
 <node id="4807497206" visible="true" version="1" changeset="48001353" timestamp="2017-04-21T12:18:25Z" user="Ranjana Devanand" uid="5252054" lat="26.8051956" lon="75.8651196"/>
 <node id="4807497207" visible="true" version="1" changeset="48001353" timestamp="2017-04-21T12:18:25Z" user="Ranjana Devanand" uid="5252054" lat="26.8049997" lon="75.8651196"/>
 <node id="4807497208" visible="true" version="1" changeset="48001353" timestamp="2017-04-21T12:18:25Z" user="Ranjana Devanand" uid="5252054" lat="26.8048538" lon="75.8651056"/>
 <node id="4807497209" visible="true" version="1" changeset="48001353" timestamp="2017-04-21T12:18:25Z" user="Ranjana Devanand" uid="5252054" lat="26.8046913" lon="75.8651102"/>
 <node id="4807497210" visible="true" version="1" changeset="48001353" timestamp="2017-04-21T12:18:25Z" user="Ranjana Devanand" uid="5252054" lat="26.8046913" lon="75.8653297"/>
 <node id="4807497211" visible="true" version="1" changeset="48001353" timestamp="2017-04-21T12:18:25Z" user="Ranjana Devanand" uid="5252054" lat="26.8046829" lon="75.8655352"/>
 <node id="4807497212" visible="true" version="2" changeset="141818479" timestamp="2023-09-27T12:44:05Z" user="nileshbarawkar" uid="16275544" lat="26.8046871" lon="75.8657438"/>
 <node id="4807497213" visible="true" version="1" changeset="48001353" timestamp="2017-04-21T12:18:25Z" user="Ranjana Devanand" uid="5252054" lat="26.8055499" lon="75.8657594"/>
 <node id="4807499324" visible="true" version="1" changeset="48001353" timestamp="2017-04-21T12:18:25Z" user="Ranjana Devanand" uid="5252054" lat="26.8032839" lon="75.8657185"/>
 <node id="4807499325" visible="true" version="1" changeset="48001353" timestamp="2017-04-21T12:18:25Z" user="Ranjana Devanand" uid="5252054" lat="26.8043432" lon="75.8667245"/>
 <node id="4807499326" visible="true" version="1" changeset="48001353" timestamp="2017-04-21T12:18:25Z" user="Ranjana Devanand" uid="5252054" lat="26.8041947" lon="75.8667153"/>
 <node id="4807499327" visible="true" version="1" changeset="48001353" timestamp="2017-04-21T12:18:25Z" user="Ranjana Devanand" uid="5252054" lat="26.8040379" lon="75.8667060"/>
 <node id="4807499328" visible="true" version="1" changeset="48001353" timestamp="2017-04-21T12:18:25Z" user="Ranjana Devanand" uid="5252054" lat="26.8039719" lon="75.8666999"/>
 <node id="4807499329" visible="true" version="1" changeset="48001353" timestamp="2017-04-21T12:18:25Z" user="Ranjana Devanand" uid="5252054" lat="26.8038619" lon="75.8666999"/>
 <node id="4807499330" visible="true" version="1" changeset="48001353" timestamp="2017-04-21T12:18:25Z" user="Ranjana Devanand" uid="5252054" lat="26.8037602" lon="75.8666999"/>
 <node id="4807499331" visible="true" version="1" changeset="48001353" timestamp="2017-04-21T12:18:25Z" user="Ranjana Devanand" uid="5252054" lat="26.8036254" lon="75.8666968"/>
 <node id="4807499332" visible="true" version="1" changeset="48001353" timestamp="2017-04-21T12:18:25Z" user="Ranjana Devanand" uid="5252054" lat="26.8034714" lon="75.8666875"/>
 <node id="4807499333" visible="true" version="1" changeset="48001353" timestamp="2017-04-21T12:18:25Z" user="Ranjana Devanand" uid="5252054" lat="26.8033834" lon="75.8666845"/>
 <node id="4807499334" visible="true" version="1" changeset="48001353" timestamp="2017-04-21T12:18:25Z" user="Ranjana Devanand" uid="5252054" lat="26.8032876" lon="75.8666811"/>
 <node id="4807499335" visible="true" version="1" changeset="48001353" timestamp="2017-04-21T12:18:25Z" user="Ranjana Devanand" uid="5252054" lat="26.8031963" lon="75.8666753"/>
 <node id="4807506422" visible="true" version="1" changeset="48001576" timestamp="2017-04-21T12:25:28Z" user="Ranjana Devanand" uid="5252054" lat="26.8037452" lon="75.8660302"/>
 <node id="4807506423" visible="true" version="1" changeset="48001576" timestamp="2017-04-21T12:25:28Z" user="Ranjana Devanand" uid="5252054" lat="26.8037498" lon="75.8661397"/>
 <node id="4807506424" visible="true" version="1" changeset="48001576" timestamp="2017-04-21T12:25:28Z" user="Ranjana Devanand" uid="5252054" lat="26.8037475" lon="75.8662544"/>
 <node id="4807506425" visible="true" version="1" changeset="48001576" timestamp="2017-04-21T12:25:28Z" user="Ranjana Devanand" uid="5252054" lat="26.8037475" lon="75.8663899"/>
 <node id="4807506426" visible="true" version="1" changeset="48001576" timestamp="2017-04-21T12:25:28Z" user="Ranjana Devanand" uid="5252054" lat="26.8037452" lon="75.8665203"/>
 <node id="4807506427" visible="true" version="1" changeset="48001576" timestamp="2017-04-21T12:25:28Z" user="Ranjana Devanand" uid="5252054" lat="26.8037382" lon="75.8666219"/>
 <node id="4807506428" visible="true" version="1" changeset="48001576" timestamp="2017-04-21T12:25:28Z" user="Ranjana Devanand" uid="5252054" lat="26.8037404" lon="75.8666994"/>
 <node id="4807506429" visible="true" version="1" changeset="48001576" timestamp="2017-04-21T12:25:28Z" user="Ranjana Devanand" uid="5252054" lat="26.8037382" lon="75.8668356"/>
 <node id="4807506430" visible="true" version="1" changeset="48001576" timestamp="2017-04-21T12:25:28Z" user="Ranjana Devanand" uid="5252054" lat="26.8037335" lon="75.8671641"/>
 <node id="4807506431" visible="true" version="1" changeset="48001576" timestamp="2017-04-21T12:25:28Z" user="Ranjana Devanand" uid="5252054" lat="26.8037359" lon="75.8672657"/>
 <node id="4807506432" visible="true" version="1" changeset="48001576" timestamp="2017-04-21T12:25:28Z" user="Ranjana Devanand" uid="5252054" lat="26.8037335" lon="75.8674430"/>
 <node id="4807506433" visible="true" version="1" changeset="48001576" timestamp="2017-04-21T12:25:28Z" user="Ranjana Devanand" uid="5252054" lat="26.8038708" lon="75.8671745"/>
 <node id="4807506434" visible="true" version="1" changeset="48001576" timestamp="2017-04-21T12:25:28Z" user="Ranjana Devanand" uid="5252054" lat="26.8040430" lon="75.8671849"/>
 <node id="4807506435" visible="true" version="1" changeset="48001576" timestamp="2017-04-21T12:25:28Z" user="Ranjana Devanand" uid="5252054" lat="26.8042058" lon="75.8671980"/>
 <node id="4807506436" visible="true" version="1" changeset="48001576" timestamp="2017-04-21T12:25:29Z" user="Ranjana Devanand" uid="5252054" lat="26.8042989" lon="75.8672032"/>
 <node id="4807506437" visible="true" version="1" changeset="48001576" timestamp="2017-04-21T12:25:29Z" user="Ranjana Devanand" uid="5252054" lat="26.8031593" lon="75.8688963"/>
 <node id="4807506438" visible="true" version="1" changeset="48001576" timestamp="2017-04-21T12:25:29Z" user="Ranjana Devanand" uid="5252054" lat="26.8032467" lon="75.8689098"/>
 <node id="4807506439" visible="true" version="1" changeset="48001576" timestamp="2017-04-21T12:25:29Z" user="Ranjana Devanand" uid="5252054" lat="26.8036662" lon="75.8688871"/>
 <node id="4807506440" visible="true" version="1" changeset="48001576" timestamp="2017-04-21T12:25:29Z" user="Ranjana Devanand" uid="5252054" lat="26.8042292" lon="75.8688236"/>
 <node id="4807506441" visible="true" version="1" changeset="48001576" timestamp="2017-04-21T12:25:29Z" user="Ranjana Devanand" uid="5252054" lat="26.8045006" lon="75.8687374"/>
 <node id="4807506442" visible="true" version="1" changeset="48001576" timestamp="2017-04-21T12:25:29Z" user="Ranjana Devanand" uid="5252054" lat="26.8048895" lon="75.8686103"/>
 <node id="4807506443" visible="true" version="1" changeset="48001576" timestamp="2017-04-21T12:25:29Z" user="Ranjana Devanand" uid="5252054" lat="26.8052622" lon="75.8685377"/>
 <node id="4807506444" visible="true" version="1" changeset="48001576" timestamp="2017-04-21T12:25:29Z" user="Ranjana Devanand" uid="5252054" lat="26.8058981" lon="75.8684106"/>
 <node id="4807506445" visible="true" version="1" changeset="48001576" timestamp="2017-04-21T12:25:29Z" user="Ranjana Devanand" uid="5252054" lat="26.8062473" lon="75.8683989"/>
 <node id="4807506446" visible="true" version="2" changeset="147210828" timestamp="2024-02-08T10:20:22Z" user="mithungowda" uid="19554676" lat="26.8066517" lon="75.8684004"/>
 <node id="4807506447" visible="true" version="2" changeset="147210828" timestamp="2024-02-08T10:20:22Z" user="mithungowda" uid="19554676" lat="26.8072382" lon="75.8684175"/>
 <node id="4807506448" visible="true" version="1" changeset="48001576" timestamp="2017-04-21T12:25:29Z" user="Ranjana Devanand" uid="5252054" lat="26.8032114" lon="75.8708478"/>
 <node id="4807506449" visible="true" version="2" changeset="139556229" timestamp="2023-08-07T10:06:57Z" user="chandrashekaru" uid="19582889" lat="26.8036849" lon="75.8708502"/>
 <node id="4807506450" visible="true" version="1" changeset="48001576" timestamp="2017-04-21T12:25:29Z" user="Ranjana Devanand" uid="5252054" lat="26.8042910" lon="75.8708330"/>
 <node id="4807506451" visible="true" version="1" changeset="48001576" timestamp="2017-04-21T12:25:29Z" user="Ranjana Devanand" uid="5252054" lat="26.8048905" lon="75.8708409"/>
 <node id="4807506452" visible="true" version="1" changeset="48001576" timestamp="2017-04-21T12:25:29Z" user="Ranjana Devanand" uid="5252054" lat="26.8057438" lon="75.8709436"/>
 <node id="4807506453" visible="true" version="1" changeset="48001576" timestamp="2017-04-21T12:25:29Z" user="Ranjana Devanand" uid="5252054" lat="26.8062798" lon="75.8709989"/>
 <node id="4807506454" visible="true" version="1" changeset="48001576" timestamp="2017-04-21T12:25:29Z" user="Ranjana Devanand" uid="5252054" lat="26.8065831" lon="75.8710305"/>
 <node id="4807506455" visible="true" version="2" changeset="147210681" timestamp="2024-02-08T10:16:48Z" user="mithungowda" uid="19554676" lat="26.8069097" lon="75.8710452"/>
 <node id="4807506456" visible="true" version="2" changeset="48118990" timestamp="2017-04-25T10:23:09Z" user="Ranjana Devanand" uid="5252054" lat="26.8063918" lon="75.8736006"/>
 <node id="4807506457" visible="true" version="6" changeset="147210681" timestamp="2024-02-08T10:16:48Z" user="mithungowda" uid="19554676" lat="26.8063947" lon="75.8734789"/>
 <node id="4807506458" visible="true" version="2" changeset="147210226" timestamp="2024-02-08T10:04:32Z" user="mithungowda" uid="19554676" lat="26.8064696" lon="75.8728506"/>
 <node id="4807506460" visible="true" version="2" changeset="147210681" timestamp="2024-02-08T10:16:48Z" user="mithungowda" uid="19554676" lat="26.8066890" lon="75.8719155"/>
 <node id="4807506461" visible="true" version="2" changeset="147210681" timestamp="2024-02-08T10:16:48Z" user="mithungowda" uid="19554676" lat="26.8067996" lon="75.8714692"/>
 <node id="4807506462" visible="true" version="2" changeset="147210681" timestamp="2024-02-08T10:16:48Z" user="mithungowda" uid="19554676" lat="26.8070466" lon="75.8708029"/>
 <node id="4807506463" visible="true" version="2" changeset="147210681" timestamp="2024-02-08T10:16:48Z" user="mithungowda" uid="19554676" lat="26.8074499" lon="75.8701477"/>
 <node id="4807506464" visible="true" version="2" changeset="147210681" timestamp="2024-02-08T10:16:48Z" user="mithungowda" uid="19554676" lat="26.8076904" lon="75.8697671"/>
 <node id="4807506465" visible="true" version="3" changeset="147210681" timestamp="2024-02-08T10:16:48Z" user="mithungowda" uid="19554676" lat="26.8080939" lon="75.8691531"/>
 <node id="4807506466" visible="true" version="2" changeset="147210681" timestamp="2024-02-08T10:16:48Z" user="mithungowda" uid="19554676" lat="26.8086184" lon="75.8683209"/>
 <node id="4807506467" visible="true" version="2" changeset="147210681" timestamp="2024-02-08T10:16:48Z" user="mithungowda" uid="19554676" lat="26.8091805" lon="75.8674793"/>
 <node id="4807506468" visible="true" version="1" changeset="48001576" timestamp="2017-04-21T12:25:29Z" user="Ranjana Devanand" uid="5252054" lat="26.8093589" lon="75.8671997"/>
 <node id="4807506469" visible="true" version="2" changeset="147210681" timestamp="2024-02-08T10:16:48Z" user="mithungowda" uid="19554676" lat="26.8096644" lon="75.8665912"/>
 <node id="4807506470" visible="true" version="3" changeset="147241587" timestamp="2024-02-09T05:21:26Z" user="nileshbarawkar" uid="16275544" lat="26.8099435" lon="75.8659149"/>
 <node id="4807506471" visible="true" version="3" changeset="147241587" timestamp="2024-02-09T05:21:26Z" user="nileshbarawkar" uid="16275544" lat="26.8100298" lon="75.8657724"/>
 <node id="4807506472" visible="true" version="2" changeset="147241587" timestamp="2024-02-09T05:21:26Z" user="nileshbarawkar" uid="16275544" lat="26.8100608" lon="75.8656994"/>
 <node id="4807519031" visible="true" version="1" changeset="48001883" timestamp="2017-04-21T12:37:06Z" user="Ranjana Devanand" uid="5252054" lat="26.8055618" lon="75.8687644"/>
 <node id="4807519032" visible="true" version="1" changeset="48001883" timestamp="2017-04-21T12:37:06Z" user="Ranjana Devanand" uid="5252054" lat="26.8055332" lon="75.8691625"/>
 <node id="4807519035" visible="true" version="2" changeset="139555583" timestamp="2023-08-07T09:53:31Z" user="chandrashekaru" uid="19582889" lat="26.8054721" lon="75.8700794"/>
 <node id="4807519036" visible="true" version="2" changeset="139555583" timestamp="2023-08-07T09:53:31Z" user="chandrashekaru" uid="19582889" lat="26.8054487" lon="75.8703746"/>
 <node id="4807519037" visible="true" version="1" changeset="48001883" timestamp="2017-04-21T12:37:06Z" user="Ranjana Devanand" uid="5252054" lat="26.8053983" lon="75.8709020"/>
 <node id="4807519038" visible="true" version="1" changeset="48001883" timestamp="2017-04-21T12:37:06Z" user="Ranjana Devanand" uid="5252054" lat="26.8050650" lon="75.8685761"/>
 <node id="4807519039" visible="true" version="1" changeset="48001883" timestamp="2017-04-21T12:37:06Z" user="Ranjana Devanand" uid="5252054" lat="26.8050461" lon="75.8688992"/>
 <node id="4807519042" visible="true" version="1" changeset="48001883" timestamp="2017-04-21T12:37:06Z" user="Ranjana Devanand" uid="5252054" lat="26.8049717" lon="75.8699328"/>
 <node id="4807519043" visible="true" version="2" changeset="139555583" timestamp="2023-08-07T09:53:31Z" user="chandrashekaru" uid="19582889" lat="26.8049484" lon="75.8703371"/>
 <node id="4807519047" visible="true" version="1" changeset="48001883" timestamp="2017-04-21T12:37:06Z" user="Ranjana Devanand" uid="5252054" lat="26.8046164" lon="75.8703116"/>
 <node id="4807519059" visible="true" version="1" changeset="48001883" timestamp="2017-04-21T12:37:06Z" user="Ranjana Devanand" uid="5252054" lat="26.8064149" lon="75.8710130"/>
 <node id="4807519060" visible="true" version="1" changeset="48001883" timestamp="2017-04-21T12:37:06Z" user="Ranjana Devanand" uid="5252054" lat="26.8063337" lon="75.8712558"/>
 <node id="4807519061" visible="true" version="1" changeset="48001883" timestamp="2017-04-21T12:37:06Z" user="Ranjana Devanand" uid="5252054" lat="26.8062821" lon="75.8714934"/>
 <node id="4807519062" visible="true" version="1" changeset="48001883" timestamp="2017-04-21T12:37:06Z" user="Ranjana Devanand" uid="5252054" lat="26.8062248" lon="75.8717116"/>
 <node id="4807519063" visible="true" version="1" changeset="48001883" timestamp="2017-04-21T12:37:06Z" user="Ranjana Devanand" uid="5252054" lat="26.8061561" lon="75.8719042"/>
 <node id="4807519064" visible="true" version="1" changeset="48001883" timestamp="2017-04-21T12:37:06Z" user="Ranjana Devanand" uid="5252054" lat="26.8061332" lon="75.8720005"/>
 <node id="4807519065" visible="true" version="1" changeset="48001883" timestamp="2017-04-21T12:37:06Z" user="Ranjana Devanand" uid="5252054" lat="26.8060816" lon="75.8721674"/>
 <node id="4807519066" visible="true" version="1" changeset="48001883" timestamp="2017-04-21T12:37:06Z" user="Ranjana Devanand" uid="5252054" lat="26.8061160" lon="75.8722188"/>
 <node id="4807519067" visible="true" version="1" changeset="48001883" timestamp="2017-04-21T12:37:06Z" user="Ranjana Devanand" uid="5252054" lat="26.8061045" lon="75.8723022"/>
 <node id="4807519068" visible="true" version="1" changeset="48001883" timestamp="2017-04-21T12:37:06Z" user="Ranjana Devanand" uid="5252054" lat="26.8060644" lon="75.8724627"/>
 <node id="4807519069" visible="true" version="1" changeset="48001883" timestamp="2017-04-21T12:37:06Z" user="Ranjana Devanand" uid="5252054" lat="26.8060529" lon="75.8725590"/>
 <node id="4807519070" visible="true" version="1" changeset="48001883" timestamp="2017-04-21T12:37:06Z" user="Ranjana Devanand" uid="5252054" lat="26.8060128" lon="75.8726874"/>
 <node id="4807519071" visible="true" version="1" changeset="48001883" timestamp="2017-04-21T12:37:06Z" user="Ranjana Devanand" uid="5252054" lat="26.8059941" lon="75.8728133"/>
 <node id="4807519072" visible="true" version="1" changeset="48001883" timestamp="2017-04-21T12:37:06Z" user="Ranjana Devanand" uid="5252054" lat="26.8054690" lon="75.8709105"/>
 <node id="4807519073" visible="true" version="1" changeset="48001883" timestamp="2017-04-21T12:37:06Z" user="Ranjana Devanand" uid="5252054" lat="26.8054570" lon="75.8710761"/>
 <node id="4807519074" visible="true" version="1" changeset="48001883" timestamp="2017-04-21T12:37:06Z" user="Ranjana Devanand" uid="5252054" lat="26.8054398" lon="75.8713200"/>
 <node id="4807519075" visible="true" version="1" changeset="48001883" timestamp="2017-04-21T12:37:06Z" user="Ranjana Devanand" uid="5252054" lat="26.8054227" lon="75.8715640"/>
 <node id="4807519076" visible="true" version="1" changeset="48001883" timestamp="2017-04-21T12:37:06Z" user="Ranjana Devanand" uid="5252054" lat="26.8054055" lon="75.8718143"/>
 <node id="4807519077" visible="true" version="1" changeset="48001883" timestamp="2017-04-21T12:37:06Z" user="Ranjana Devanand" uid="5252054" lat="26.8053825" lon="75.8720390"/>
 <node id="4807519078" visible="true" version="1" changeset="48001883" timestamp="2017-04-21T12:37:06Z" user="Ranjana Devanand" uid="5252054" lat="26.8062076" lon="75.8715126"/>
 <node id="4807519079" visible="true" version="1" changeset="48001883" timestamp="2017-04-21T12:37:06Z" user="Ranjana Devanand" uid="5252054" lat="26.8061160" lon="75.8714998"/>
 <node id="4807519080" visible="true" version="1" changeset="48001883" timestamp="2017-04-21T12:37:06Z" user="Ranjana Devanand" uid="5252054" lat="26.8060186" lon="75.8714998"/>
 <node id="4807519081" visible="true" version="1" changeset="48001883" timestamp="2017-04-21T12:37:06Z" user="Ranjana Devanand" uid="5252054" lat="26.8058753" lon="75.8714934"/>
 <node id="4807519082" visible="true" version="1" changeset="48001883" timestamp="2017-04-21T12:37:06Z" user="Ranjana Devanand" uid="5252054" lat="26.8057550" lon="75.8714741"/>
 <node id="4807519083" visible="true" version="1" changeset="48001883" timestamp="2017-04-21T12:37:06Z" user="Ranjana Devanand" uid="5252054" lat="26.8056519" lon="75.8714613"/>
 <node id="4807519084" visible="true" version="1" changeset="48001883" timestamp="2017-04-21T12:37:06Z" user="Ranjana Devanand" uid="5252054" lat="26.8055315" lon="75.8714420"/>
 <node id="4807519085" visible="true" version="1" changeset="48001883" timestamp="2017-04-21T12:37:06Z" user="Ranjana Devanand" uid="5252054" lat="26.8054318" lon="75.8714344"/>
 <node id="4807519093" visible="true" version="1" changeset="48001883" timestamp="2017-04-21T12:37:06Z" user="Ranjana Devanand" uid="5252054" lat="26.8058626" lon="75.8716334"/>
 <node id="4807519094" visible="true" version="1" changeset="48001883" timestamp="2017-04-21T12:37:06Z" user="Ranjana Devanand" uid="5252054" lat="26.8058583" lon="75.8717891"/>
 <node id="4807519095" visible="true" version="1" changeset="48001883" timestamp="2017-04-21T12:37:06Z" user="Ranjana Devanand" uid="5252054" lat="26.8058453" lon="75.8719642"/>
 <node id="4807519096" visible="true" version="1" changeset="48001883" timestamp="2017-04-21T12:37:06Z" user="Ranjana Devanand" uid="5252054" lat="26.8058114" lon="75.8721136"/>
 <node id="4807519097" visible="true" version="1" changeset="48001883" timestamp="2017-04-21T12:37:06Z" user="Ranjana Devanand" uid="5252054" lat="26.8057801" lon="75.8722464"/>
 <node id="4807519098" visible="true" version="1" changeset="48001883" timestamp="2017-04-21T12:37:06Z" user="Ranjana Devanand" uid="5252054" lat="26.8057497" lon="75.8724069"/>
 <node id="4807519099" visible="true" version="1" changeset="48001883" timestamp="2017-04-21T12:37:06Z" user="Ranjana Devanand" uid="5252054" lat="26.8057150" lon="75.8725626"/>
 <node id="4807519100" visible="true" version="1" changeset="48001883" timestamp="2017-04-21T12:37:06Z" user="Ranjana Devanand" uid="5252054" lat="26.8056707" lon="75.8727811"/>
 <node id="4807519106" visible="true" version="2" changeset="147210828" timestamp="2024-02-08T10:20:22Z" user="mithungowda" uid="19554676" lat="26.8073784" lon="75.8684046"/>
 <node id="4807519107" visible="true" version="1" changeset="48001883" timestamp="2017-04-21T12:37:07Z" user="Ranjana Devanand" uid="5252054" lat="26.8074056" lon="75.8683074"/>
 <node id="4807519109" visible="true" version="3" changeset="147210681" timestamp="2024-02-08T10:16:48Z" user="mithungowda" uid="19554676" lat="26.8072068" lon="75.8688527"/>
 <node id="4807519110" visible="true" version="2" changeset="139555583" timestamp="2023-08-07T09:53:31Z" user="chandrashekaru" uid="19582889" lat="26.8071938" lon="75.8689708"/>
 <node id="4807519111" visible="true" version="1" changeset="48001883" timestamp="2017-04-21T12:37:07Z" user="Ranjana Devanand" uid="5252054" lat="26.8071936" lon="75.8692254"/>
 <node id="4807519112" visible="true" version="2" changeset="139555583" timestamp="2023-08-07T09:53:31Z" user="chandrashekaru" uid="19582889" lat="26.8071570" lon="75.8696419">
  <tag k="access" v="private"/>
  <tag k="barrier" v="gate"/>
 </node>
 <node id="4807519113" visible="true" version="1" changeset="48001883" timestamp="2017-04-21T12:37:07Z" user="Ranjana Devanand" uid="5252054" lat="26.8071420" lon="75.8696877"/>
 <node id="4807519114" visible="true" version="1" changeset="48001883" timestamp="2017-04-21T12:37:07Z" user="Ranjana Devanand" uid="5252054" lat="26.8069816" lon="75.8699123"/>
 <node id="4807519115" visible="true" version="1" changeset="48001883" timestamp="2017-04-21T12:37:07Z" user="Ranjana Devanand" uid="5252054" lat="26.8068613" lon="75.8700985"/>
 <node id="4807519116" visible="true" version="2" changeset="139555583" timestamp="2023-08-07T09:53:31Z" user="chandrashekaru" uid="19582889" lat="26.8067679" lon="75.8702307"/>
 <node id="4807519117" visible="true" version="1" changeset="48001883" timestamp="2017-04-21T12:37:07Z" user="Ranjana Devanand" uid="5252054" lat="26.8066034" lon="75.8704644"/>
 <node id="4807519118" visible="true" version="1" changeset="48001883" timestamp="2017-04-21T12:37:07Z" user="Ranjana Devanand" uid="5252054" lat="26.8064659" lon="75.8704644"/>
 <node id="4807519721" visible="true" version="1" changeset="48001883" timestamp="2017-04-21T12:37:07Z" user="Ranjana Devanand" uid="5252054" lat="26.8057210" lon="75.8704002"/>
 <node id="4807519723" visible="true" version="2" changeset="139555583" timestamp="2023-08-07T09:53:31Z" user="chandrashekaru" uid="19582889" lat="26.8054797" lon="75.8699819"/>
 <node id="4807519724" visible="true" version="1" changeset="48001883" timestamp="2017-04-21T12:37:07Z" user="Ranjana Devanand" uid="5252054" lat="26.8056705" lon="75.8699919"/>
 <node id="4807519725" visible="true" version="1" changeset="48001883" timestamp="2017-04-21T12:37:07Z" user="Ranjana Devanand" uid="5252054" lat="26.8060179" lon="75.8700162"/>
 <node id="4807519726" visible="true" version="1" changeset="48001883" timestamp="2017-04-21T12:37:07Z" user="Ranjana Devanand" uid="5252054" lat="26.8064261" lon="75.8700551"/>
 <node id="4807519727" visible="true" version="1" changeset="48001883" timestamp="2017-04-21T12:37:07Z" user="Ranjana Devanand" uid="5252054" lat="26.8066779" lon="75.8700843"/>
 <node id="4807519728" visible="true" version="2" changeset="139555583" timestamp="2023-08-07T09:53:31Z" user="chandrashekaru" uid="19582889" lat="26.8055024" lon="75.8695826"/>
 <node id="4807519730" visible="true" version="2" changeset="139555583" timestamp="2023-08-07T09:53:31Z" user="chandrashekaru" uid="19582889" lat="26.8059437" lon="75.8696033"/>
 <node id="4807519731" visible="true" version="2" changeset="139555583" timestamp="2023-08-07T09:53:31Z" user="chandrashekaru" uid="19582889" lat="26.8062555" lon="75.8696276"/>
 <node id="4807519732" visible="true" version="2" changeset="139555583" timestamp="2023-08-07T09:53:31Z" user="chandrashekaru" uid="19582889" lat="26.8064407" lon="75.8696441"/>
 <node id="4807519733" visible="true" version="1" changeset="48001883" timestamp="2017-04-21T12:37:07Z" user="Ranjana Devanand" uid="5252054" lat="26.8066910" lon="75.8696610"/>
 <node id="4807519734" visible="true" version="1" changeset="48001883" timestamp="2017-04-21T12:37:07Z" user="Ranjana Devanand" uid="5252054" lat="26.8069037" lon="75.8696756"/>
 <node id="4807519735" visible="true" version="2" changeset="147210681" timestamp="2024-02-08T10:16:48Z" user="mithungowda" uid="19554676" lat="26.8075888" lon="75.8689728"/>
 <node id="4814762728" visible="true" version="2" changeset="141818479" timestamp="2023-09-27T12:44:05Z" user="nileshbarawkar" uid="16275544" lat="26.8058127" lon="75.8632949"/>
 <node id="4814762745" visible="true" version="2" changeset="147241587" timestamp="2024-02-09T05:21:26Z" user="nileshbarawkar" uid="16275544" lat="26.8086294" lon="75.8633951"/>
 <node id="4814762746" visible="true" version="2" changeset="147241587" timestamp="2024-02-09T05:21:26Z" user="nileshbarawkar" uid="16275544" lat="26.8087574" lon="75.8634008"/>
 <node id="4814762747" visible="true" version="1" changeset="48109367" timestamp="2017-04-25T04:39:30Z" user="Ranjana Devanand" uid="5252054" lat="26.8090668" lon="75.8633921"/>
 <node id="4814762748" visible="true" version="1" changeset="48109367" timestamp="2017-04-25T04:39:30Z" user="Ranjana Devanand" uid="5252054" lat="26.8092519" lon="75.8633555"/>
 <node id="4814762749" visible="true" version="1" changeset="48109367" timestamp="2017-04-25T04:39:30Z" user="Ranjana Devanand" uid="5252054" lat="26.8095023" lon="75.8633230"/>
 <node id="4814762750" visible="true" version="1" changeset="48109367" timestamp="2017-04-25T04:39:30Z" user="Ranjana Devanand" uid="5252054" lat="26.8097345" lon="75.8633108"/>
 <node id="4814762751" visible="true" version="1" changeset="48109367" timestamp="2017-04-25T04:39:30Z" user="Ranjana Devanand" uid="5252054" lat="26.8099740" lon="75.8632823"/>
 <node id="4814762752" visible="true" version="1" changeset="48109367" timestamp="2017-04-25T04:39:30Z" user="Ranjana Devanand" uid="5252054" lat="26.8101191" lon="75.8632660"/>
 <node id="4814762753" visible="true" version="1" changeset="48109367" timestamp="2017-04-25T04:39:30Z" user="Ranjana Devanand" uid="5252054" lat="26.8102149" lon="75.8632556"/>
 <node id="4814762754" visible="true" version="1" changeset="48109367" timestamp="2017-04-25T04:39:30Z" user="Ranjana Devanand" uid="5252054" lat="26.8103097" lon="75.8632308"/>
 <node id="4814762755" visible="true" version="2" changeset="147213604" timestamp="2024-02-08T11:34:38Z" user="mithungowda" uid="19554676" lat="26.8103521" lon="75.8631746"/>
 <node id="4814762756" visible="true" version="2" changeset="147213604" timestamp="2024-02-08T11:34:38Z" user="mithungowda" uid="19554676" lat="26.8103612" lon="75.8631074"/>
 <node id="4814762757" visible="true" version="2" changeset="147213604" timestamp="2024-02-08T11:34:38Z" user="mithungowda" uid="19554676" lat="26.8103587" lon="75.8630157"/>
 <node id="4814762758" visible="true" version="2" changeset="147213604" timestamp="2024-02-08T11:34:38Z" user="mithungowda" uid="19554676" lat="26.8103595" lon="75.8629306"/>
 <node id="4814762759" visible="true" version="2" changeset="147213604" timestamp="2024-02-08T11:34:38Z" user="mithungowda" uid="19554676" lat="26.8103456" lon="75.8628159"/>
 <node id="4814762760" visible="true" version="2" changeset="141818479" timestamp="2023-09-27T12:44:05Z" user="nileshbarawkar" uid="16275544" lat="26.8057914" lon="75.8638144"/>
 <node id="4814762783" visible="true" version="2" changeset="147241587" timestamp="2024-02-09T05:21:26Z" user="nileshbarawkar" uid="16275544" lat="26.8089517" lon="75.8639187"/>
 <node id="4814762815" visible="true" version="2" changeset="147241587" timestamp="2024-02-09T05:21:26Z" user="nileshbarawkar" uid="16275544" lat="26.8091915" lon="75.8642864"/>
 <node id="4814762816" visible="true" version="2" changeset="141818479" timestamp="2023-09-27T12:44:05Z" user="nileshbarawkar" uid="16275544" lat="26.8067628" lon="75.8633358"/>
 <node id="4814762821" visible="true" version="2" changeset="141818479" timestamp="2023-09-27T12:44:05Z" user="nileshbarawkar" uid="16275544" lat="26.8067403" lon="75.8638510"/>
 <node id="4814762822" visible="true" version="2" changeset="141818479" timestamp="2023-09-27T12:44:05Z" user="nileshbarawkar" uid="16275544" lat="26.8073436" lon="75.8633608"/>
 <node id="4814762827" visible="true" version="2" changeset="141818479" timestamp="2023-09-27T12:44:05Z" user="nileshbarawkar" uid="16275544" lat="26.8073057" lon="75.8638729"/>
 <node id="4814762828" visible="true" version="1" changeset="48109367" timestamp="2017-04-25T04:39:31Z" user="Ranjana Devanand" uid="5252054" lat="26.8057626" lon="75.8650670"/>
 <node id="4814762829" visible="true" version="1" changeset="48109367" timestamp="2017-04-25T04:39:31Z" user="Ranjana Devanand" uid="5252054" lat="26.8059544" lon="75.8650764"/>
 <node id="4814762830" visible="true" version="1" changeset="48109367" timestamp="2017-04-25T04:39:31Z" user="Ranjana Devanand" uid="5252054" lat="26.8061253" lon="75.8650904"/>
 <node id="4814762831" visible="true" version="1" changeset="48109367" timestamp="2017-04-25T04:39:31Z" user="Ranjana Devanand" uid="5252054" lat="26.8062503" lon="75.8650950"/>
 <node id="4814762832" visible="true" version="1" changeset="48109367" timestamp="2017-04-25T04:39:31Z" user="Ranjana Devanand" uid="5252054" lat="26.8063920" lon="75.8650950"/>
 <node id="4814762833" visible="true" version="1" changeset="48109367" timestamp="2017-04-25T04:39:31Z" user="Ranjana Devanand" uid="5252054" lat="26.8065963" lon="75.8651091"/>
 <node id="4814762834" visible="true" version="1" changeset="48109367" timestamp="2017-04-25T04:39:31Z" user="Ranjana Devanand" uid="5252054" lat="26.8067338" lon="75.8651137"/>
 <node id="4814762835" visible="true" version="1" changeset="48109367" timestamp="2017-04-25T04:39:31Z" user="Ranjana Devanand" uid="5252054" lat="26.8068839" lon="75.8651137"/>
 <node id="4814762836" visible="true" version="1" changeset="48109367" timestamp="2017-04-25T04:39:31Z" user="Ranjana Devanand" uid="5252054" lat="26.8070172" lon="75.8651231"/>
 <node id="4814762837" visible="true" version="1" changeset="48109367" timestamp="2017-04-25T04:39:31Z" user="Ranjana Devanand" uid="5252054" lat="26.8072215" lon="75.8651371"/>
 <node id="4814762838" visible="true" version="1" changeset="48109367" timestamp="2017-04-25T04:39:31Z" user="Ranjana Devanand" uid="5252054" lat="26.8074091" lon="75.8651558"/>
 <node id="4814762839" visible="true" version="1" changeset="48109367" timestamp="2017-04-25T04:39:31Z" user="Ranjana Devanand" uid="5252054" lat="26.8076008" lon="75.8651558"/>
 <node id="4814762840" visible="true" version="1" changeset="48109367" timestamp="2017-04-25T04:39:31Z" user="Ranjana Devanand" uid="5252054" lat="26.8077842" lon="75.8651651"/>
 <node id="4814762841" visible="true" version="1" changeset="48109367" timestamp="2017-04-25T04:39:31Z" user="Ranjana Devanand" uid="5252054" lat="26.8080426" lon="75.8651651"/>
 <node id="4814762842" visible="true" version="1" changeset="48109367" timestamp="2017-04-25T04:39:31Z" user="Ranjana Devanand" uid="5252054" lat="26.8082177" lon="75.8651838"/>
 <node id="4814762843" visible="true" version="1" changeset="48109367" timestamp="2017-04-25T04:39:31Z" user="Ranjana Devanand" uid="5252054" lat="26.8083927" lon="75.8651791"/>
 <node id="4814762844" visible="true" version="1" changeset="48109367" timestamp="2017-04-25T04:39:31Z" user="Ranjana Devanand" uid="5252054" lat="26.8085219" lon="75.8651884"/>
 <node id="4814762845" visible="true" version="1" changeset="48109367" timestamp="2017-04-25T04:39:31Z" user="Ranjana Devanand" uid="5252054" lat="26.8086220" lon="75.8651884"/>
 <node id="4814762846" visible="true" version="2" changeset="141818479" timestamp="2023-09-27T12:44:05Z" user="nileshbarawkar" uid="16275544" lat="26.8071797" lon="75.8645171"/>
 <node id="4814762847" visible="true" version="1" changeset="48109367" timestamp="2017-04-25T04:39:31Z" user="Ranjana Devanand" uid="5252054" lat="26.8071787" lon="75.8646934"/>
 <node id="4814762848" visible="true" version="1" changeset="48109367" timestamp="2017-04-25T04:39:32Z" user="Ranjana Devanand" uid="5252054" lat="26.8071755" lon="75.8648527"/>
 <node id="4814762849" visible="true" version="1" changeset="48109367" timestamp="2017-04-25T04:39:32Z" user="Ranjana Devanand" uid="5252054" lat="26.8071690" lon="75.8651335"/>
 <node id="4814762850" visible="true" version="1" changeset="48109367" timestamp="2017-04-25T04:39:32Z" user="Ranjana Devanand" uid="5252054" lat="26.8074472" lon="75.8651558"/>
 <node id="4814762851" visible="true" version="1" changeset="48109367" timestamp="2017-04-25T04:39:32Z" user="Ranjana Devanand" uid="5252054" lat="26.8074430" lon="75.8653267"/>
 <node id="4814762852" visible="true" version="1" changeset="48109367" timestamp="2017-04-25T04:39:32Z" user="Ranjana Devanand" uid="5252054" lat="26.8074264" lon="75.8654855"/>
 <node id="4814762853" visible="true" version="1" changeset="48109367" timestamp="2017-04-25T04:39:32Z" user="Ranjana Devanand" uid="5252054" lat="26.8074264" lon="75.8656583"/>
 <node id="4814762854" visible="true" version="1" changeset="48109367" timestamp="2017-04-25T04:39:32Z" user="Ranjana Devanand" uid="5252054" lat="26.8074264" lon="75.8657937"/>
 <node id="4814762855" visible="true" version="1" changeset="48109367" timestamp="2017-04-25T04:39:32Z" user="Ranjana Devanand" uid="5252054" lat="26.8074222" lon="75.8659665"/>
 <node id="4814762856" visible="true" version="2" changeset="141818479" timestamp="2023-09-27T12:44:05Z" user="nileshbarawkar" uid="16275544" lat="26.8074093" lon="75.8661897"/>
 <node id="4814762872" visible="true" version="2" changeset="141818479" timestamp="2023-09-27T12:44:05Z" user="nileshbarawkar" uid="16275544" lat="26.8096899" lon="75.8662758"/>
 <node id="4814762874" visible="true" version="3" changeset="147241587" timestamp="2024-02-09T05:21:26Z" user="nileshbarawkar" uid="16275544" lat="26.8097897" lon="75.8662963"/>
 <node id="4814762875" visible="true" version="1" changeset="48109367" timestamp="2017-04-25T04:39:32Z" user="Ranjana Devanand" uid="5252054" lat="26.8086430" lon="75.8646030"/>
 <node id="4814762881" visible="true" version="1" changeset="48109367" timestamp="2017-04-25T04:39:32Z" user="Ranjana Devanand" uid="5252054" lat="26.8086143" lon="75.8657097"/>
 <node id="4814762882" visible="true" version="2" changeset="141818479" timestamp="2023-09-27T12:44:05Z" user="nileshbarawkar" uid="16275544" lat="26.8094085" lon="75.8656749"/>
 <node id="4814762883" visible="true" version="1" changeset="48109367" timestamp="2017-04-25T04:39:32Z" user="Ranjana Devanand" uid="5252054" lat="26.8092020" lon="75.8657517"/>
 <node id="4814762884" visible="true" version="1" changeset="48109367" timestamp="2017-04-25T04:39:32Z" user="Ranjana Devanand" uid="5252054" lat="26.8090936" lon="75.8657470"/>
 <node id="4814762885" visible="true" version="1" changeset="48109367" timestamp="2017-04-25T04:39:32Z" user="Ranjana Devanand" uid="5252054" lat="26.8089602" lon="75.8657283"/>
 <node id="4814762886" visible="true" version="1" changeset="48109367" timestamp="2017-04-25T04:39:32Z" user="Ranjana Devanand" uid="5252054" lat="26.8088268" lon="75.8657237"/>
 <node id="4814762887" visible="true" version="1" changeset="48109367" timestamp="2017-04-25T04:39:32Z" user="Ranjana Devanand" uid="5252054" lat="26.8086976" lon="75.8657143"/>
 <node id="4814762888" visible="true" version="1" changeset="48109367" timestamp="2017-04-25T04:39:32Z" user="Ranjana Devanand" uid="5252054" lat="26.8084934" lon="75.8657097"/>
 <node id="4814762889" visible="true" version="1" changeset="48109367" timestamp="2017-04-25T04:39:32Z" user="Ranjana Devanand" uid="5252054" lat="26.8083142" lon="75.8657050"/>
 <node id="4814762890" visible="true" version="1" changeset="48109367" timestamp="2017-04-25T04:39:32Z" user="Ranjana Devanand" uid="5252054" lat="26.8081599" lon="75.8657003"/>
 <node id="4814762891" visible="true" version="1" changeset="48109367" timestamp="2017-04-25T04:39:32Z" user="Ranjana Devanand" uid="5252054" lat="26.8080141" lon="75.8656910"/>
 <node id="4814762892" visible="true" version="1" changeset="48109367" timestamp="2017-04-25T04:39:32Z" user="Ranjana Devanand" uid="5252054" lat="26.8078807" lon="75.8656863"/>
 <node id="4814762893" visible="true" version="1" changeset="48109367" timestamp="2017-04-25T04:39:32Z" user="Ranjana Devanand" uid="5252054" lat="26.8077181" lon="75.8656770"/>
 <node id="4814762894" visible="true" version="1" changeset="48109367" timestamp="2017-04-25T04:39:32Z" user="Ranjana Devanand" uid="5252054" lat="26.8075389" lon="75.8656723"/>
 <node id="4814762895" visible="true" version="1" changeset="48109367" timestamp="2017-04-25T04:39:32Z" user="Ranjana Devanand" uid="5252054" lat="26.8073180" lon="75.8656490"/>
 <node id="4814762896" visible="true" version="1" changeset="48109367" timestamp="2017-04-25T04:39:32Z" user="Ranjana Devanand" uid="5252054" lat="26.8071679" lon="75.8656490"/>
 <node id="4814762897" visible="true" version="1" changeset="48109367" timestamp="2017-04-25T04:39:32Z" user="Ranjana Devanand" uid="5252054" lat="26.8070596" lon="75.8656396"/>
 <node id="4814762898" visible="true" version="1" changeset="48109367" timestamp="2017-04-25T04:39:32Z" user="Ranjana Devanand" uid="5252054" lat="26.8069054" lon="75.8656303"/>
 <node id="4814762899" visible="true" version="1" changeset="48109367" timestamp="2017-04-25T04:39:32Z" user="Ranjana Devanand" uid="5252054" lat="26.8067845" lon="75.8656303"/>
 <node id="4814762900" visible="true" version="1" changeset="48109367" timestamp="2017-04-25T04:39:32Z" user="Ranjana Devanand" uid="5252054" lat="26.8065969" lon="75.8656349"/>
 <node id="4814762901" visible="true" version="1" changeset="48109367" timestamp="2017-04-25T04:39:32Z" user="Ranjana Devanand" uid="5252054" lat="26.8064385" lon="75.8656303"/>
 <node id="4814762902" visible="true" version="1" changeset="48109367" timestamp="2017-04-25T04:39:32Z" user="Ranjana Devanand" uid="5252054" lat="26.8063218" lon="75.8656163"/>
 <node id="4814762903" visible="true" version="2" changeset="139115252" timestamp="2023-07-28T04:26:24Z" user="mani_k2" uid="10604190" lat="26.8062260" lon="75.8656135"/>
 <node id="4814762933" visible="true" version="2" changeset="139115252" timestamp="2023-07-28T04:26:24Z" user="mani_k2" uid="10604190" lat="26.8062116" lon="75.8661445"/>
 <node id="4814762938" visible="true" version="2" changeset="141818479" timestamp="2023-09-27T12:44:05Z" user="nileshbarawkar" uid="16275544" lat="26.8089285" lon="75.8662471"/>
 <node id="4814762939" visible="true" version="2" changeset="147210681" timestamp="2024-02-08T10:16:48Z" user="mithungowda" uid="19554676" lat="26.8095750" lon="75.8668136"/>
 <node id="4814762940" visible="true" version="1" changeset="48109367" timestamp="2017-04-25T04:39:33Z" user="Ranjana Devanand" uid="5252054" lat="26.8095036" lon="75.8668141"/>
 <node id="4814762941" visible="true" version="1" changeset="48109367" timestamp="2017-04-25T04:39:33Z" user="Ranjana Devanand" uid="5252054" lat="26.8093836" lon="75.8668106"/>
 <node id="4814762942" visible="true" version="1" changeset="48109367" timestamp="2017-04-25T04:39:33Z" user="Ranjana Devanand" uid="5252054" lat="26.8092572" lon="75.8668035"/>
 <node id="4814762943" visible="true" version="1" changeset="48109367" timestamp="2017-04-25T04:39:33Z" user="Ranjana Devanand" uid="5252054" lat="26.8091372" lon="75.8667929"/>
 <node id="4814762944" visible="true" version="1" changeset="48109367" timestamp="2017-04-25T04:39:33Z" user="Ranjana Devanand" uid="5252054" lat="26.8090077" lon="75.8667894"/>
 <node id="4814762945" visible="true" version="1" changeset="48109367" timestamp="2017-04-25T04:39:33Z" user="Ranjana Devanand" uid="5252054" lat="26.8088719" lon="75.8667894"/>
 <node id="4814762946" visible="true" version="1" changeset="48109367" timestamp="2017-04-25T04:39:33Z" user="Ranjana Devanand" uid="5252054" lat="26.8087550" lon="75.8667858"/>
 <node id="4814762947" visible="true" version="1" changeset="48109367" timestamp="2017-04-25T04:39:33Z" user="Ranjana Devanand" uid="5252054" lat="26.8085971" lon="75.8667717"/>
 <node id="4814762948" visible="true" version="1" changeset="48109367" timestamp="2017-04-25T04:39:33Z" user="Ranjana Devanand" uid="5252054" lat="26.8084644" lon="75.8667646"/>
 <node id="4814762949" visible="true" version="1" changeset="48109367" timestamp="2017-04-25T04:39:33Z" user="Ranjana Devanand" uid="5252054" lat="26.8083191" lon="75.8667610"/>
 <node id="4814762950" visible="true" version="1" changeset="48109367" timestamp="2017-04-25T04:39:33Z" user="Ranjana Devanand" uid="5252054" lat="26.8081959" lon="75.8667540"/>
 <node id="4814762951" visible="true" version="1" changeset="48109367" timestamp="2017-04-25T04:39:33Z" user="Ranjana Devanand" uid="5252054" lat="26.8080506" lon="75.8667575"/>
 <node id="4814762952" visible="true" version="1" changeset="48109367" timestamp="2017-04-25T04:39:33Z" user="Ranjana Devanand" uid="5252054" lat="26.8079053" lon="75.8667433"/>
 <node id="4814762953" visible="true" version="1" changeset="48109367" timestamp="2017-04-25T04:39:33Z" user="Ranjana Devanand" uid="5252054" lat="26.8077852" lon="75.8667398"/>
 <node id="4814762954" visible="true" version="1" changeset="48109367" timestamp="2017-04-25T04:39:33Z" user="Ranjana Devanand" uid="5252054" lat="26.8076621" lon="75.8667363"/>
 <node id="4814762955" visible="true" version="1" changeset="48109367" timestamp="2017-04-25T04:39:33Z" user="Ranjana Devanand" uid="5252054" lat="26.8075515" lon="75.8667327"/>
 <node id="4814762956" visible="true" version="1" changeset="48109367" timestamp="2017-04-25T04:39:33Z" user="Ranjana Devanand" uid="5252054" lat="26.8074630" lon="75.8667292"/>
 <node id="4814762957" visible="true" version="1" changeset="48109367" timestamp="2017-04-25T04:39:33Z" user="Ranjana Devanand" uid="5252054" lat="26.8073714" lon="75.8667221"/>
 <node id="4814762958" visible="true" version="1" changeset="48109367" timestamp="2017-04-25T04:39:33Z" user="Ranjana Devanand" uid="5252054" lat="26.8072546" lon="75.8667221"/>
 <node id="4814762959" visible="true" version="1" changeset="48109367" timestamp="2017-04-25T04:39:33Z" user="Ranjana Devanand" uid="5252054" lat="26.8071535" lon="75.8667150"/>
 <node id="4814762960" visible="true" version="1" changeset="48109367" timestamp="2017-04-25T04:39:33Z" user="Ranjana Devanand" uid="5252054" lat="26.8070303" lon="75.8667080"/>
 <node id="4814762961" visible="true" version="1" changeset="48109367" timestamp="2017-04-25T04:39:33Z" user="Ranjana Devanand" uid="5252054" lat="26.8068755" lon="75.8667009"/>
 <node id="4814762962" visible="true" version="1" changeset="48109367" timestamp="2017-04-25T04:39:33Z" user="Ranjana Devanand" uid="5252054" lat="26.8067491" lon="75.8667009"/>
 <node id="4814762963" visible="true" version="1" changeset="48109367" timestamp="2017-04-25T04:39:33Z" user="Ranjana Devanand" uid="5252054" lat="26.8066007" lon="75.8666903"/>
 <node id="4814762964" visible="true" version="1" changeset="48109367" timestamp="2017-04-25T04:39:33Z" user="Ranjana Devanand" uid="5252054" lat="26.8064712" lon="75.8666867"/>
 <node id="4814762965" visible="true" version="1" changeset="48109367" timestamp="2017-04-25T04:39:33Z" user="Ranjana Devanand" uid="5252054" lat="26.8063322" lon="75.8666796"/>
 <node id="4814762966" visible="true" version="1" changeset="48109367" timestamp="2017-04-25T04:39:33Z" user="Ranjana Devanand" uid="5252054" lat="26.8062090" lon="75.8666726"/>
 <node id="4814762967" visible="true" version="1" changeset="48109367" timestamp="2017-04-25T04:39:33Z" user="Ranjana Devanand" uid="5252054" lat="26.8061995" lon="75.8668318"/>
 <node id="4814762968" visible="true" version="1" changeset="48109367" timestamp="2017-04-25T04:39:33Z" user="Ranjana Devanand" uid="5252054" lat="26.8061837" lon="75.8670123"/>
 <node id="4814762969" visible="true" version="1" changeset="48109367" timestamp="2017-04-25T04:39:33Z" user="Ranjana Devanand" uid="5252054" lat="26.8061869" lon="75.8671291"/>
 <node id="4814762970" visible="true" version="1" changeset="48109367" timestamp="2017-04-25T04:39:33Z" user="Ranjana Devanand" uid="5252054" lat="26.8061774" lon="75.8672848"/>
 <node id="4814762971" visible="true" version="1" changeset="48109367" timestamp="2017-04-25T04:39:33Z" user="Ranjana Devanand" uid="5252054" lat="26.8061648" lon="75.8674653"/>
 <node id="4814762972" visible="true" version="1" changeset="48109367" timestamp="2017-04-25T04:39:33Z" user="Ranjana Devanand" uid="5252054" lat="26.8061648" lon="75.8676140"/>
 <node id="4814762973" visible="true" version="1" changeset="48109367" timestamp="2017-04-25T04:39:33Z" user="Ranjana Devanand" uid="5252054" lat="26.8061553" lon="75.8677733"/>
 <node id="4814762974" visible="true" version="1" changeset="48109367" timestamp="2017-04-25T04:39:33Z" user="Ranjana Devanand" uid="5252054" lat="26.8062279" lon="75.8677803"/>
 <node id="4814762975" visible="true" version="1" changeset="48109367" timestamp="2017-04-25T04:39:33Z" user="Ranjana Devanand" uid="5252054" lat="26.8063480" lon="75.8677839"/>
 <node id="4814762976" visible="true" version="1" changeset="48109367" timestamp="2017-04-25T04:39:33Z" user="Ranjana Devanand" uid="5252054" lat="26.8064901" lon="75.8677874"/>
 <node id="4814762977" visible="true" version="1" changeset="48109367" timestamp="2017-04-25T04:39:33Z" user="Ranjana Devanand" uid="5252054" lat="26.8066536" lon="75.8677980"/>
 <node id="4814762978" visible="true" version="1" changeset="48109367" timestamp="2017-04-25T04:39:33Z" user="Ranjana Devanand" uid="5252054" lat="26.8067877" lon="75.8678034"/>
 <node id="4814762979" visible="true" version="1" changeset="48109367" timestamp="2017-04-25T04:39:33Z" user="Ranjana Devanand" uid="5252054" lat="26.8069696" lon="75.8678061"/>
 <node id="4814762980" visible="true" version="1" changeset="48109367" timestamp="2017-04-25T04:39:33Z" user="Ranjana Devanand" uid="5252054" lat="26.8070869" lon="75.8678114"/>
 <node id="4814762981" visible="true" version="1" changeset="48109367" timestamp="2017-04-25T04:39:33Z" user="Ranjana Devanand" uid="5252054" lat="26.8072473" lon="75.8678141"/>
 <node id="4814762982" visible="true" version="1" changeset="48109367" timestamp="2017-04-25T04:39:33Z" user="Ranjana Devanand" uid="5252054" lat="26.8073455" lon="75.8678168"/>
 <node id="4814762983" visible="true" version="1" changeset="48109367" timestamp="2017-04-25T04:39:33Z" user="Ranjana Devanand" uid="5252054" lat="26.8074245" lon="75.8678168"/>
 <node id="4814762984" visible="true" version="1" changeset="48109367" timestamp="2017-04-25T04:39:33Z" user="Ranjana Devanand" uid="5252054" lat="26.8074197" lon="75.8681494"/>
 <node id="4814762985" visible="true" version="1" changeset="48109367" timestamp="2017-04-25T04:39:33Z" user="Ranjana Devanand" uid="5252054" lat="26.8074245" lon="75.8680341"/>
 <node id="4814762986" visible="true" version="1" changeset="48109367" timestamp="2017-04-25T04:39:33Z" user="Ranjana Devanand" uid="5252054" lat="26.8074293" lon="75.8679268"/>
 <node id="4814762987" visible="true" version="1" changeset="48109367" timestamp="2017-04-25T04:39:33Z" user="Ranjana Devanand" uid="5252054" lat="26.8074364" lon="75.8676290"/>
 <node id="4814762988" visible="true" version="1" changeset="48109367" timestamp="2017-04-25T04:39:33Z" user="Ranjana Devanand" uid="5252054" lat="26.8074436" lon="75.8674493"/>
 <node id="4814762989" visible="true" version="1" changeset="48109367" timestamp="2017-04-25T04:39:33Z" user="Ranjana Devanand" uid="5252054" lat="26.8074508" lon="75.8672723"/>
 <node id="4814762990" visible="true" version="1" changeset="48109367" timestamp="2017-04-25T04:39:33Z" user="Ranjana Devanand" uid="5252054" lat="26.8074532" lon="75.8671275"/>
 <node id="4814762991" visible="true" version="1" changeset="48109367" timestamp="2017-04-25T04:39:33Z" user="Ranjana Devanand" uid="5252054" lat="26.8074556" lon="75.8669531"/>
 <node id="4814762992" visible="true" version="1" changeset="48109367" timestamp="2017-04-25T04:39:33Z" user="Ranjana Devanand" uid="5252054" lat="26.8074580" lon="75.8668566"/>
 <node id="4814762993" visible="true" version="1" changeset="48109367" timestamp="2017-04-25T04:39:33Z" user="Ranjana Devanand" uid="5252054" lat="26.8061808" lon="75.8672289"/>
 <node id="4814762994" visible="true" version="1" changeset="48109367" timestamp="2017-04-25T04:39:33Z" user="Ranjana Devanand" uid="5252054" lat="26.8062610" lon="75.8672348"/>
 <node id="4814762995" visible="true" version="1" changeset="48109367" timestamp="2017-04-25T04:39:33Z" user="Ranjana Devanand" uid="5252054" lat="26.8063759" lon="75.8672401"/>
 <node id="4814762996" visible="true" version="1" changeset="48109367" timestamp="2017-04-25T04:39:34Z" user="Ranjana Devanand" uid="5252054" lat="26.8064956" lon="75.8672455"/>
 <node id="4814762997" visible="true" version="1" changeset="48109367" timestamp="2017-04-25T04:39:34Z" user="Ranjana Devanand" uid="5252054" lat="26.8066009" lon="75.8672482"/>
 <node id="4814762998" visible="true" version="1" changeset="48109367" timestamp="2017-04-25T04:39:34Z" user="Ranjana Devanand" uid="5252054" lat="26.8067661" lon="75.8672535"/>
 <node id="4814762999" visible="true" version="1" changeset="48109367" timestamp="2017-04-25T04:39:34Z" user="Ranjana Devanand" uid="5252054" lat="26.8068810" lon="75.8672589"/>
 <node id="4814763000" visible="true" version="1" changeset="48109367" timestamp="2017-04-25T04:39:34Z" user="Ranjana Devanand" uid="5252054" lat="26.8069840" lon="75.8672696"/>
 <node id="4814763001" visible="true" version="1" changeset="48109367" timestamp="2017-04-25T04:39:34Z" user="Ranjana Devanand" uid="5252054" lat="26.8070821" lon="75.8672777"/>
 <node id="4814763002" visible="true" version="1" changeset="48109367" timestamp="2017-04-25T04:39:34Z" user="Ranjana Devanand" uid="5252054" lat="26.8071851" lon="75.8672750"/>
 <node id="4814763003" visible="true" version="1" changeset="48109367" timestamp="2017-04-25T04:39:34Z" user="Ranjana Devanand" uid="5252054" lat="26.8072832" lon="75.8672804"/>
 <node id="4814763004" visible="true" version="1" changeset="48109367" timestamp="2017-04-25T04:39:34Z" user="Ranjana Devanand" uid="5252054" lat="26.8073646" lon="75.8672804"/>
 <node id="4814779523" visible="true" version="2" changeset="147241587" timestamp="2024-02-09T05:21:26Z" user="nileshbarawkar" uid="16275544" lat="26.8098693" lon="75.8653275"/>
 <node id="4814831330" visible="true" version="3" changeset="93344085" timestamp="2020-10-31T16:29:29Z" user="variable90" uid="9379644" lat="26.8144487" lon="75.8519462"/>
 <node id="4814848114" visible="true" version="1" changeset="48110912" timestamp="2017-04-25T06:06:50Z" user="Ranjana Devanand" uid="5252054" lat="26.8119329" lon="75.8720097"/>
 <node id="4814876701" visible="true" version="2" changeset="147210681" timestamp="2024-02-08T10:16:48Z" user="mithungowda" uid="19554676" lat="26.8072550" lon="75.8704489"/>
 <node id="4814876702" visible="true" version="1" changeset="48111393" timestamp="2017-04-25T06:29:45Z" user="Ranjana Devanand" uid="5252054" lat="26.8074073" lon="75.8705887"/>
 <node id="4814876703" visible="true" version="1" changeset="48111393" timestamp="2017-04-25T06:29:45Z" user="Ranjana Devanand" uid="5252054" lat="26.8075615" lon="75.8706448"/>
 <node id="4814876704" visible="true" version="1" changeset="48111393" timestamp="2017-04-25T06:29:45Z" user="Ranjana Devanand" uid="5252054" lat="26.8077533" lon="75.8707148"/>
 <node id="4814876705" visible="true" version="1" changeset="48111393" timestamp="2017-04-25T06:29:45Z" user="Ranjana Devanand" uid="5252054" lat="26.8079283" lon="75.8707662"/>
 <node id="4814876706" visible="true" version="1" changeset="48111393" timestamp="2017-04-25T06:29:45Z" user="Ranjana Devanand" uid="5252054" lat="26.8081242" lon="75.8708316"/>
 <node id="4814876707" visible="true" version="1" changeset="48111393" timestamp="2017-04-25T06:29:45Z" user="Ranjana Devanand" uid="5252054" lat="26.8083035" lon="75.8708970"/>
 <node id="4814876708" visible="true" version="1" changeset="48111393" timestamp="2017-04-25T06:29:45Z" user="Ranjana Devanand" uid="5252054" lat="26.8085035" lon="75.8709530"/>
 <node id="4814876709" visible="true" version="1" changeset="48111393" timestamp="2017-04-25T06:29:45Z" user="Ranjana Devanand" uid="5252054" lat="26.8086827" lon="75.8710137"/>
 <node id="4814876710" visible="true" version="1" changeset="48111393" timestamp="2017-04-25T06:29:45Z" user="Ranjana Devanand" uid="5252054" lat="26.8088912" lon="75.8710838"/>
 <node id="4814876711" visible="true" version="1" changeset="48111393" timestamp="2017-04-25T06:29:45Z" user="Ranjana Devanand" uid="5252054" lat="26.8090996" lon="75.8711398"/>
 <node id="4814876712" visible="true" version="1" changeset="48111393" timestamp="2017-04-25T06:29:45Z" user="Ranjana Devanand" uid="5252054" lat="26.8092829" lon="75.8711958"/>
 <node id="4814876713" visible="true" version="1" changeset="48111393" timestamp="2017-04-25T06:29:45Z" user="Ranjana Devanand" uid="5252054" lat="26.8094538" lon="75.8712612"/>
 <node id="4814876714" visible="true" version="1" changeset="48111393" timestamp="2017-04-25T06:29:45Z" user="Ranjana Devanand" uid="5252054" lat="26.8096456" lon="75.8713453"/>
 <node id="4814876715" visible="true" version="1" changeset="48111393" timestamp="2017-04-25T06:29:45Z" user="Ranjana Devanand" uid="5252054" lat="26.8098915" lon="75.8714247"/>
 <node id="4814876716" visible="true" version="1" changeset="48111393" timestamp="2017-04-25T06:29:45Z" user="Ranjana Devanand" uid="5252054" lat="26.8101040" lon="75.8714854"/>
 <node id="4814876717" visible="true" version="1" changeset="48111393" timestamp="2017-04-25T06:29:45Z" user="Ranjana Devanand" uid="5252054" lat="26.8103625" lon="75.8715881"/>
 <node id="4814876718" visible="true" version="1" changeset="48111393" timestamp="2017-04-25T06:29:45Z" user="Ranjana Devanand" uid="5252054" lat="26.8106167" lon="75.8716628"/>
 <node id="4814876719" visible="true" version="1" changeset="48111393" timestamp="2017-04-25T06:29:45Z" user="Ranjana Devanand" uid="5252054" lat="26.8108001" lon="75.8717422"/>
 <node id="4814876720" visible="true" version="1" changeset="48111393" timestamp="2017-04-25T06:29:45Z" user="Ranjana Devanand" uid="5252054" lat="26.8109835" lon="75.8718076"/>
 <node id="4814876721" visible="true" version="1" changeset="48111393" timestamp="2017-04-25T06:29:45Z" user="Ranjana Devanand" uid="5252054" lat="26.8112127" lon="75.8718917"/>
 <node id="4814876722" visible="true" version="1" changeset="48111393" timestamp="2017-04-25T06:29:45Z" user="Ranjana Devanand" uid="5252054" lat="26.8114003" lon="75.8719524"/>
 <node id="4814876723" visible="true" version="1" changeset="48111393" timestamp="2017-04-25T06:29:45Z" user="Ranjana Devanand" uid="5252054" lat="26.8115795" lon="75.8720038"/>
 <node id="4814876724" visible="true" version="1" changeset="48111393" timestamp="2017-04-25T06:29:45Z" user="Ranjana Devanand" uid="5252054" lat="26.8117754" lon="75.8720271"/>
 <node id="4814876725" visible="true" version="1" changeset="48111393" timestamp="2017-04-25T06:29:45Z" user="Ranjana Devanand" uid="5252054" lat="26.8077147" lon="75.8708281"/>
 <node id="4814876726" visible="true" version="1" changeset="48111393" timestamp="2017-04-25T06:29:45Z" user="Ranjana Devanand" uid="5252054" lat="26.8076927" lon="75.8709298"/>
 <node id="4814876727" visible="true" version="1" changeset="48111393" timestamp="2017-04-25T06:29:45Z" user="Ranjana Devanand" uid="5252054" lat="26.8076514" lon="75.8710623"/>
 <node id="4814876728" visible="true" version="1" changeset="48111393" timestamp="2017-04-25T06:29:45Z" user="Ranjana Devanand" uid="5252054" lat="26.8076294" lon="75.8711763"/>
 <node id="4814876729" visible="true" version="1" changeset="48111393" timestamp="2017-04-25T06:29:45Z" user="Ranjana Devanand" uid="5252054" lat="26.8076074" lon="75.8713026"/>
 <node id="4814876730" visible="true" version="1" changeset="48111393" timestamp="2017-04-25T06:29:45Z" user="Ranjana Devanand" uid="5252054" lat="26.8075717" lon="75.8714289"/>
 <node id="4814876731" visible="true" version="1" changeset="48111393" timestamp="2017-04-25T06:29:45Z" user="Ranjana Devanand" uid="5252054" lat="26.8075414" lon="75.8715491"/>
 <node id="4814876732" visible="true" version="1" changeset="48111393" timestamp="2017-04-25T06:29:45Z" user="Ranjana Devanand" uid="5252054" lat="26.8075029" lon="75.8717155"/>
 <node id="4814876733" visible="true" version="1" changeset="48111393" timestamp="2017-04-25T06:29:45Z" user="Ranjana Devanand" uid="5252054" lat="26.8074727" lon="75.8718449"/>
 <node id="4814876734" visible="true" version="1" changeset="48111393" timestamp="2017-04-25T06:29:45Z" user="Ranjana Devanand" uid="5252054" lat="26.8074314" lon="75.8720082"/>
 <node id="4814876735" visible="true" version="1" changeset="48111393" timestamp="2017-04-25T06:29:45Z" user="Ranjana Devanand" uid="5252054" lat="26.8073984" lon="75.8721437"/>
 <node id="4814876736" visible="true" version="1" changeset="48111393" timestamp="2017-04-25T06:29:45Z" user="Ranjana Devanand" uid="5252054" lat="26.8073654" lon="75.8722700"/>
 <node id="4814876737" visible="true" version="1" changeset="48111393" timestamp="2017-04-25T06:29:46Z" user="Ranjana Devanand" uid="5252054" lat="26.8073269" lon="75.8724457"/>
 <node id="4814876738" visible="true" version="1" changeset="48111393" timestamp="2017-04-25T06:29:46Z" user="Ranjana Devanand" uid="5252054" lat="26.8072802" lon="75.8726367"/>
 <node id="4814876739" visible="true" version="1" changeset="48111393" timestamp="2017-04-25T06:29:46Z" user="Ranjana Devanand" uid="5252054" lat="26.8072527" lon="75.8727877"/>
 <node id="4814876740" visible="true" version="1" changeset="48111393" timestamp="2017-04-25T06:29:46Z" user="Ranjana Devanand" uid="5252054" lat="26.8072169" lon="75.8729232"/>
 <node id="4814876741" visible="true" version="1" changeset="48111393" timestamp="2017-04-25T06:29:46Z" user="Ranjana Devanand" uid="5252054" lat="26.8071702" lon="75.8731358"/>
 <node id="4814876742" visible="true" version="1" changeset="48111393" timestamp="2017-04-25T06:29:46Z" user="Ranjana Devanand" uid="5252054" lat="26.8071344" lon="75.8732652"/>
 <node id="4814876743" visible="true" version="1" changeset="48111393" timestamp="2017-04-25T06:29:46Z" user="Ranjana Devanand" uid="5252054" lat="26.8071150" lon="75.8734008"/>
 <node id="4814876756" visible="true" version="1" changeset="48111393" timestamp="2017-04-25T06:29:46Z" user="Ranjana Devanand" uid="5252054" lat="26.8091509" lon="75.8711555"/>
 <node id="4814876771" visible="true" version="1" changeset="48111393" timestamp="2017-04-25T06:29:46Z" user="Ranjana Devanand" uid="5252054" lat="26.8076883" lon="75.8713453"/>
 <node id="4814876772" visible="true" version="1" changeset="48111393" timestamp="2017-04-25T06:29:46Z" user="Ranjana Devanand" uid="5252054" lat="26.8077988" lon="75.8713913"/>
 <node id="4814876773" visible="true" version="1" changeset="48111393" timestamp="2017-04-25T06:29:46Z" user="Ranjana Devanand" uid="5252054" lat="26.8079220" lon="75.8714231"/>
 <node id="4814876774" visible="true" version="1" changeset="48111393" timestamp="2017-04-25T06:29:46Z" user="Ranjana Devanand" uid="5252054" lat="26.8080421" lon="75.8714692"/>
 <node id="4814876775" visible="true" version="1" changeset="48111393" timestamp="2017-04-25T06:29:46Z" user="Ranjana Devanand" uid="5252054" lat="26.8081526" lon="75.8715116"/>
 <node id="4814876776" visible="true" version="1" changeset="48111393" timestamp="2017-04-25T06:29:46Z" user="Ranjana Devanand" uid="5252054" lat="26.8082790" lon="75.8715541"/>
 <node id="4814876777" visible="true" version="1" changeset="48111393" timestamp="2017-04-25T06:29:46Z" user="Ranjana Devanand" uid="5252054" lat="26.8083737" lon="75.8715824"/>
 <node id="4814876778" visible="true" version="1" changeset="48111393" timestamp="2017-04-25T06:29:46Z" user="Ranjana Devanand" uid="5252054" lat="26.8084717" lon="75.8716178"/>
 <node id="4814876779" visible="true" version="1" changeset="48111393" timestamp="2017-04-25T06:29:46Z" user="Ranjana Devanand" uid="5252054" lat="26.8085759" lon="75.8716461"/>
 <node id="4814876780" visible="true" version="1" changeset="48111393" timestamp="2017-04-25T06:29:46Z" user="Ranjana Devanand" uid="5252054" lat="26.8087022" lon="75.8716886"/>
 <node id="4814876781" visible="true" version="1" changeset="48111393" timestamp="2017-04-25T06:29:46Z" user="Ranjana Devanand" uid="5252054" lat="26.8088539" lon="75.8717417"/>
 <node id="4814876782" visible="true" version="1" changeset="48111393" timestamp="2017-04-25T06:29:46Z" user="Ranjana Devanand" uid="5252054" lat="26.8089873" lon="75.8717864"/>
 <node id="4814876783" visible="true" version="1" changeset="48111393" timestamp="2017-04-25T06:29:46Z" user="Ranjana Devanand" uid="5252054" lat="26.8074654" lon="75.8718736"/>
 <node id="4814876784" visible="true" version="1" changeset="48111393" timestamp="2017-04-25T06:29:46Z" user="Ranjana Devanand" uid="5252054" lat="26.8075335" lon="75.8718974"/>
 <node id="4814876785" visible="true" version="1" changeset="48111393" timestamp="2017-04-25T06:29:46Z" user="Ranjana Devanand" uid="5252054" lat="26.8076409" lon="75.8719399"/>
 <node id="4814876786" visible="true" version="1" changeset="48111393" timestamp="2017-04-25T06:29:46Z" user="Ranjana Devanand" uid="5252054" lat="26.8077578" lon="75.8719823"/>
 <node id="4814876787" visible="true" version="1" changeset="48111393" timestamp="2017-04-25T06:29:46Z" user="Ranjana Devanand" uid="5252054" lat="26.8078494" lon="75.8720177"/>
 <node id="4814876788" visible="true" version="1" changeset="48111393" timestamp="2017-04-25T06:29:46Z" user="Ranjana Devanand" uid="5252054" lat="26.8079599" lon="75.8720460"/>
 <node id="4814876789" visible="true" version="1" changeset="48111393" timestamp="2017-04-25T06:29:46Z" user="Ranjana Devanand" uid="5252054" lat="26.8080768" lon="75.8720885"/>
 <node id="4814876790" visible="true" version="1" changeset="48111393" timestamp="2017-04-25T06:29:46Z" user="Ranjana Devanand" uid="5252054" lat="26.8082190" lon="75.8721274"/>
 <node id="4814876791" visible="true" version="1" changeset="48111393" timestamp="2017-04-25T06:29:46Z" user="Ranjana Devanand" uid="5252054" lat="26.8082916" lon="75.8721522"/>
 <node id="4814876792" visible="true" version="1" changeset="48111393" timestamp="2017-04-25T06:29:46Z" user="Ranjana Devanand" uid="5252054" lat="26.8083832" lon="75.8721876"/>
 <node id="4814876793" visible="true" version="1" changeset="48111393" timestamp="2017-04-25T06:29:46Z" user="Ranjana Devanand" uid="5252054" lat="26.8085032" lon="75.8722230"/>
 <node id="4814876794" visible="true" version="1" changeset="48111393" timestamp="2017-04-25T06:29:46Z" user="Ranjana Devanand" uid="5252054" lat="26.8085885" lon="75.8722549"/>
 <node id="4814876795" visible="true" version="1" changeset="48111393" timestamp="2017-04-25T06:29:46Z" user="Ranjana Devanand" uid="5252054" lat="26.8086675" lon="75.8722690"/>
 <node id="4814876796" visible="true" version="1" changeset="48111393" timestamp="2017-04-25T06:29:46Z" user="Ranjana Devanand" uid="5252054" lat="26.8087812" lon="75.8723009"/>
 <node id="4814876797" visible="true" version="1" changeset="48111393" timestamp="2017-04-25T06:29:46Z" user="Ranjana Devanand" uid="5252054" lat="26.8088593" lon="75.8723332"/>
 <node id="4814876798" visible="true" version="1" changeset="48111393" timestamp="2017-04-25T06:29:46Z" user="Ranjana Devanand" uid="5252054" lat="26.8073339" lon="75.8724140"/>
 <node id="4814876812" visible="true" version="1" changeset="48111393" timestamp="2017-04-25T06:29:47Z" user="Ranjana Devanand" uid="5252054" lat="26.8095978" lon="75.8713243"/>
 <node id="4814876836" visible="true" version="1" changeset="48111393" timestamp="2017-04-25T06:29:47Z" user="Ranjana Devanand" uid="5252054" lat="26.8109177" lon="75.8717842"/>
 <node id="4814876904" visible="true" version="1" changeset="48111393" timestamp="2017-04-25T06:29:48Z" user="Ranjana Devanand" uid="5252054" lat="26.8110633" lon="75.8718369"/>
 <node id="4814876949" visible="true" version="1" changeset="48111393" timestamp="2017-04-25T06:29:49Z" user="Ranjana Devanand" uid="5252054" lat="26.8102319" lon="75.8715362"/>
 <node id="4814876963" visible="true" version="2" changeset="147210226" timestamp="2024-02-08T10:04:32Z" user="mithungowda" uid="19554676" lat="26.8063571" lon="75.8733410"/>
 <node id="4814893066" visible="true" version="1" changeset="48111550" timestamp="2017-04-25T06:35:08Z" user="Ranjana Devanand" uid="5252054" lat="26.8095330" lon="75.8669021"/>
 <node id="4814893108" visible="true" version="2" changeset="147210681" timestamp="2024-02-08T10:16:48Z" user="mithungowda" uid="19554676" lat="26.8088339" lon="75.8679933"/>
 <node id="4814894023" visible="true" version="2" changeset="147210226" timestamp="2024-02-08T10:04:32Z" user="mithungowda" uid="19554676" lat="26.8084453" lon="75.8685915"/>
 <node id="4814894048" visible="true" version="1" changeset="48111550" timestamp="2017-04-25T06:35:09Z" user="Ranjana Devanand" uid="5252054" lat="26.8092577" lon="75.8694516"/>
 <node id="4814894058" visible="true" version="1" changeset="48111550" timestamp="2017-04-25T06:35:09Z" user="Ranjana Devanand" uid="5252054" lat="26.8086713" lon="75.8698087"/>
 <node id="4814894059" visible="true" version="1" changeset="48111550" timestamp="2017-04-25T06:35:09Z" user="Ranjana Devanand" uid="5252054" lat="26.8092341" lon="75.8695624"/>
 <node id="4814894060" visible="true" version="1" changeset="48111550" timestamp="2017-04-25T06:35:09Z" user="Ranjana Devanand" uid="5252054" lat="26.8092145" lon="75.8696378"/>
 <node id="4814894061" visible="true" version="1" changeset="48111550" timestamp="2017-04-25T06:35:09Z" user="Ranjana Devanand" uid="5252054" lat="26.8091780" lon="75.8697634"/>
 <node id="4814894062" visible="true" version="1" changeset="48111550" timestamp="2017-04-25T06:35:09Z" user="Ranjana Devanand" uid="5252054" lat="26.8091584" lon="75.8698545"/>
 <node id="4814894063" visible="true" version="1" changeset="48111550" timestamp="2017-04-25T06:35:09Z" user="Ranjana Devanand" uid="5252054" lat="26.8091275" lon="75.8699205"/>
 <node id="4814894064" visible="true" version="1" changeset="48111550" timestamp="2017-04-25T06:35:09Z" user="Ranjana Devanand" uid="5252054" lat="26.8090911" lon="75.8699330"/>
 <node id="4814894065" visible="true" version="1" changeset="48111550" timestamp="2017-04-25T06:35:10Z" user="Ranjana Devanand" uid="5252054" lat="26.8090154" lon="75.8699299"/>
 <node id="4814894066" visible="true" version="1" changeset="48111550" timestamp="2017-04-25T06:35:10Z" user="Ranjana Devanand" uid="5252054" lat="26.8089257" lon="75.8699079"/>
 <node id="4814894067" visible="true" version="1" changeset="48111550" timestamp="2017-04-25T06:35:10Z" user="Ranjana Devanand" uid="5252054" lat="26.8088528" lon="75.8698765"/>
 <node id="4814894068" visible="true" version="1" changeset="48111550" timestamp="2017-04-25T06:35:10Z" user="Ranjana Devanand" uid="5252054" lat="26.8087631" lon="75.8698451"/>
 <node id="4814894069" visible="true" version="1" changeset="48111550" timestamp="2017-04-25T06:35:10Z" user="Ranjana Devanand" uid="5252054" lat="26.8085696" lon="75.8697665"/>
 <node id="4814894070" visible="true" version="1" changeset="48111550" timestamp="2017-04-25T06:35:10Z" user="Ranjana Devanand" uid="5252054" lat="26.8084407" lon="75.8697163"/>
 <node id="4814894071" visible="true" version="1" changeset="48111550" timestamp="2017-04-25T06:35:10Z" user="Ranjana Devanand" uid="5252054" lat="26.8083201" lon="75.8696817"/>
 <node id="4814894072" visible="true" version="1" changeset="48111550" timestamp="2017-04-25T06:35:10Z" user="Ranjana Devanand" uid="5252054" lat="26.8082051" lon="75.8696440"/>
 <node id="4814894073" visible="true" version="1" changeset="48111550" timestamp="2017-04-25T06:35:10Z" user="Ranjana Devanand" uid="5252054" lat="26.8080790" lon="75.8696032"/>
 <node id="4814894074" visible="true" version="1" changeset="48111550" timestamp="2017-04-25T06:35:10Z" user="Ranjana Devanand" uid="5252054" lat="26.8079977" lon="75.8695781"/>
 <node id="4814894075" visible="true" version="2" changeset="147210681" timestamp="2024-02-08T10:16:48Z" user="mithungowda" uid="19554676" lat="26.8079015" lon="75.8694530"/>
 <node id="4814923470" visible="true" version="1" changeset="48111831" timestamp="2017-04-25T06:45:45Z" user="Ranjana Devanand" uid="5252054" lat="26.8025529" lon="75.8689739"/>
 <node id="4814923485" visible="true" version="2" changeset="141847559" timestamp="2023-09-28T06:02:11Z" user="nileshbarawkar" uid="16275544" lat="26.8010038" lon="75.8690734"/>
 <node id="4814923492" visible="true" version="2" changeset="141847559" timestamp="2023-09-28T06:02:11Z" user="nileshbarawkar" uid="16275544" lat="26.8025518" lon="75.8694222"/>
 <node id="4814923493" visible="true" version="2" changeset="141847559" timestamp="2023-09-28T06:02:11Z" user="nileshbarawkar" uid="16275544" lat="26.8021325" lon="75.8688843"/>
 <node id="4814923496" visible="true" version="2" changeset="141847559" timestamp="2023-09-28T06:02:11Z" user="nileshbarawkar" uid="16275544" lat="26.8020572" lon="75.8693108"/>
 <node id="4814923500" visible="true" version="1" changeset="48111831" timestamp="2017-04-25T06:45:46Z" user="Ranjana Devanand" uid="5252054" lat="26.8017859" lon="75.8683901"/>
 <node id="4814923501" visible="true" version="1" changeset="48111831" timestamp="2017-04-25T06:45:46Z" user="Ranjana Devanand" uid="5252054" lat="26.7996457" lon="75.8696797"/>
 <node id="4814923510" visible="true" version="2" changeset="141847559" timestamp="2023-09-28T06:02:11Z" user="nileshbarawkar" uid="16275544" lat="26.8009437" lon="75.8700209"/>
 <node id="4814923512" visible="true" version="1" changeset="48111831" timestamp="2017-04-25T06:45:46Z" user="Ranjana Devanand" uid="5252054" lat="26.8023646" lon="75.8724783"/>
 <node id="4814927865" visible="true" version="3" changeset="141847559" timestamp="2023-09-28T06:02:11Z" user="nileshbarawkar" uid="16275544" lat="26.8025493" lon="75.8704715"/>
 <node id="4814927868" visible="true" version="3" changeset="141847559" timestamp="2023-09-28T06:02:11Z" user="nileshbarawkar" uid="16275544" lat="26.8021876" lon="75.8704310"/>
 <node id="4814927875" visible="true" version="1" changeset="48111920" timestamp="2017-04-25T06:48:39Z" user="Ranjana Devanand" uid="5252054" lat="26.8012979" lon="75.8702138"/>
 <node id="4814927880" visible="true" version="2" changeset="141847559" timestamp="2023-09-28T06:02:11Z" user="nileshbarawkar" uid="16275544" lat="26.8010746" lon="75.8710545"/>
 <node id="4814927894" visible="true" version="2" changeset="141847559" timestamp="2023-09-28T06:02:11Z" user="nileshbarawkar" uid="16275544" lat="26.8025691" lon="75.8717742"/>
 <node id="4814927895" visible="true" version="3" changeset="141847559" timestamp="2023-09-28T06:02:11Z" user="nileshbarawkar" uid="16275544" lat="26.8017606" lon="75.8703116"/>
 <node id="4814927901" visible="true" version="2" changeset="141847559" timestamp="2023-09-28T06:02:11Z" user="nileshbarawkar" uid="16275544" lat="26.8015100" lon="75.8712663"/>
 <node id="4814927907" visible="true" version="2" changeset="141847559" timestamp="2023-09-28T06:02:11Z" user="nileshbarawkar" uid="16275544" lat="26.8019352" lon="75.8714732"/>
 <node id="4814927908" visible="true" version="2" changeset="68073739" timestamp="2019-03-12T18:46:17Z" user="Heinz_V" uid="91490" lat="26.8010354" lon="75.8717000"/>
 <node id="4814927909" visible="true" version="1" changeset="48111920" timestamp="2017-04-25T06:48:40Z" user="Ranjana Devanand" uid="5252054" lat="26.8009920" lon="75.8718090"/>
 <node id="4814986196" visible="true" version="2" changeset="48113081" timestamp="2017-04-25T07:23:15Z" user="Ranjana Devanand" uid="5252054" lat="26.8036826" lon="75.8770866"/>
 <node id="4814986197" visible="true" version="2" changeset="48113081" timestamp="2017-04-25T07:23:15Z" user="Ranjana Devanand" uid="5252054" lat="26.8037782" lon="75.8770503"/>
 <node id="4815005030" visible="true" version="2" changeset="48123686" timestamp="2017-04-25T12:49:58Z" user="Ranjana Devanand" uid="5252054" lat="26.8029429" lon="75.8727722"/>
 <node id="4815005032" visible="true" version="2" changeset="48123686" timestamp="2017-04-25T12:49:58Z" user="Ranjana Devanand" uid="5252054" lat="26.8032976" lon="75.8729692"/>
 <node id="4815005033" visible="true" version="3" changeset="93028653" timestamp="2020-10-25T20:37:56Z" user="variable90" uid="9379644" lat="26.8033002" lon="75.8728304"/>
 <node id="4815124954" visible="true" version="1" changeset="48115997" timestamp="2017-04-25T08:48:45Z" user="Ranjana Devanand" uid="5252054" lat="26.8025674" lon="75.8725772"/>
 <node id="4815124981" visible="true" version="1" changeset="48115997" timestamp="2017-04-25T08:48:46Z" user="Ranjana Devanand" uid="5252054" lat="26.8016447" lon="75.8721273"/>
 <node id="4815124986" visible="true" version="1" changeset="48115997" timestamp="2017-04-25T08:48:46Z" user="Ranjana Devanand" uid="5252054" lat="26.8010488" lon="75.8718367"/>
 <node id="4815124987" visible="true" version="1" changeset="48115997" timestamp="2017-04-25T08:48:46Z" user="Ranjana Devanand" uid="5252054" lat="26.8009862" lon="75.8720259"/>
 <node id="4815124988" visible="true" version="1" changeset="48115997" timestamp="2017-04-25T08:48:46Z" user="Ranjana Devanand" uid="5252054" lat="26.8009136" lon="75.8722211"/>
 <node id="4815124989" visible="true" version="1" changeset="48115997" timestamp="2017-04-25T08:48:46Z" user="Ranjana Devanand" uid="5252054" lat="26.8008219" lon="75.8724655"/>
 <node id="4815124990" visible="true" version="1" changeset="48115997" timestamp="2017-04-25T08:48:46Z" user="Ranjana Devanand" uid="5252054" lat="26.8004454" lon="75.8715424"/>
 <node id="4815124994" visible="true" version="2" changeset="141818250" timestamp="2023-09-27T12:39:15Z" user="nileshbarawkar" uid="16275544" lat="26.8001902" lon="75.8721773"/>
 <node id="4815124995" visible="true" version="1" changeset="48115997" timestamp="2017-04-25T08:48:46Z" user="Ranjana Devanand" uid="5252054" lat="26.8031679" lon="75.8734516"/>
 <node id="4815125255" visible="true" version="1" changeset="48115997" timestamp="2017-04-25T08:48:48Z" user="Ranjana Devanand" uid="5252054" lat="26.8035493" lon="75.8761586"/>
 <node id="4815125293" visible="true" version="1" changeset="48115997" timestamp="2017-04-25T08:48:49Z" user="Ranjana Devanand" uid="5252054" lat="26.8036080" lon="75.8765756"/>
 <node id="4815168829" visible="true" version="2" changeset="68073739" timestamp="2019-03-12T18:46:18Z" user="Heinz_V" uid="91490" lat="26.8037978" lon="75.8778508"/>
 <node id="4815168830" visible="true" version="1" changeset="48116964" timestamp="2017-04-25T09:15:06Z" user="Ranjana Devanand" uid="5252054" lat="26.8038951" lon="75.8778216"/>
 <node id="4815172679" visible="true" version="1" changeset="48117036" timestamp="2017-04-25T09:17:14Z" user="Ranjana Devanand" uid="5252054" lat="26.8039660" lon="75.8782756"/>
 <node id="4815172680" visible="true" version="1" changeset="48117036" timestamp="2017-04-25T09:17:14Z" user="Ranjana Devanand" uid="5252054" lat="26.8038601" lon="75.8783013"/>
 <node id="4815172681" visible="true" version="1" changeset="48117036" timestamp="2017-04-25T09:17:14Z" user="Ranjana Devanand" uid="5252054" lat="26.8038710" lon="75.8783875"/>
 <node id="4815172682" visible="true" version="1" changeset="48117036" timestamp="2017-04-25T09:17:14Z" user="Ranjana Devanand" uid="5252054" lat="26.8039810" lon="75.8783720"/>
 <node id="4815173301" visible="true" version="2" changeset="68073739" timestamp="2019-03-12T18:46:19Z" user="Heinz_V" uid="91490" lat="26.8039281" lon="75.8780260"/>
 <node id="4815190457" visible="true" version="1" changeset="48117406" timestamp="2017-04-25T09:28:44Z" user="Ranjana Devanand" uid="5252054" lat="26.8041886" lon="75.8803520"/>
 <node id="4815278685" visible="true" version="2" changeset="48123686" timestamp="2017-04-25T12:49:58Z" user="Ranjana Devanand" uid="5252054" lat="26.8038534" lon="75.8732259"/>
 <node id="4815278696" visible="true" version="1" changeset="48118990" timestamp="2017-04-25T10:23:05Z" user="Ranjana Devanand" uid="5252054" lat="26.8034825" lon="75.8749969"/>
 <node id="4815278697" visible="true" version="2" changeset="68073739" timestamp="2019-03-12T18:46:19Z" user="Heinz_V" uid="91490" lat="26.8043907" lon="75.8733496"/>
 <node id="4815278698" visible="true" version="1" changeset="48118990" timestamp="2017-04-25T10:23:05Z" user="Ranjana Devanand" uid="5252054" lat="26.8043795" lon="75.8734480"/>
 <node id="4815278709" visible="true" version="2" changeset="68073739" timestamp="2019-03-12T18:46:19Z" user="Heinz_V" uid="91490" lat="26.8058458" lon="75.8734419"/>
 <node id="4815279654" visible="true" version="1" changeset="48118990" timestamp="2017-04-25T10:23:05Z" user="Ranjana Devanand" uid="5252054" lat="26.8035640" lon="75.8755660"/>
 <node id="4815279708" visible="true" version="1" changeset="48118990" timestamp="2017-04-25T10:23:06Z" user="Ranjana Devanand" uid="5252054" lat="26.8056887" lon="75.8735610"/>
 <node id="4815320426" visible="true" version="1" changeset="48119729" timestamp="2017-04-25T10:48:41Z" user="Ranjana Devanand" uid="5252054" lat="26.8073138" lon="75.8736565"/>
 <node id="4815320449" visible="true" version="1" changeset="48119729" timestamp="2017-04-25T10:48:41Z" user="Ranjana Devanand" uid="5252054" lat="26.8044139" lon="75.8817354"/>
 <node id="4815320450" visible="true" version="1" changeset="48119729" timestamp="2017-04-25T10:48:41Z" user="Ranjana Devanand" uid="5252054" lat="26.8045059" lon="75.8817354"/>
 <node id="4815320471" visible="true" version="1" changeset="48119729" timestamp="2017-04-25T10:48:42Z" user="Ranjana Devanand" uid="5252054" lat="26.8040830" lon="75.8790255"/>
 <node id="4815320492" visible="true" version="1" changeset="48119729" timestamp="2017-04-25T10:48:42Z" user="Ranjana Devanand" uid="5252054" lat="26.8041707" lon="75.8795435"/>
 <node id="4815320883" visible="true" version="2" changeset="48123686" timestamp="2017-04-25T12:49:58Z" user="Ranjana Devanand" uid="5252054" lat="26.8079471" lon="75.8737110"/>
 <node id="4815321024" visible="true" version="2" changeset="48123686" timestamp="2017-04-25T12:49:58Z" user="Ranjana Devanand" uid="5252054" lat="26.8102917" lon="75.8738770"/>
 <node id="4815339093" visible="true" version="2" changeset="48123686" timestamp="2017-04-25T12:49:58Z" user="Ranjana Devanand" uid="5252054" lat="26.8115584" lon="75.8739679"/>
 <node id="4817211121" visible="true" version="1" changeset="48148494" timestamp="2017-04-26T04:08:55Z" user="Ranjana Devanand" uid="5252054" lat="26.8057388" lon="75.8947576"/>
 <node id="4817211323" visible="true" version="1" changeset="48148494" timestamp="2017-04-26T04:08:56Z" user="Ranjana Devanand" uid="5252054" lat="26.8057381" lon="75.8948712"/>
 <node id="4817294392" visible="true" version="1" changeset="48149690" timestamp="2017-04-26T05:18:51Z" user="Ranjana Devanand" uid="5252054" lat="26.8057601" lon="75.8923242"/>
 <node id="4817305467" visible="true" version="1" changeset="48149828" timestamp="2017-04-26T05:27:14Z" user="Ranjana Devanand" uid="5252054" lat="26.8057379" lon="75.8915992"/>
 <node id="4817437375" visible="true" version="1" changeset="48151783" timestamp="2017-04-26T06:47:16Z" user="Ranjana Devanand" uid="5252054" lat="26.7949944" lon="75.8793394"/>
 <node id="4817437380" visible="true" version="1" changeset="48151783" timestamp="2017-04-26T06:47:16Z" user="Ranjana Devanand" uid="5252054" lat="26.7951739" lon="75.8783251"/>
 <node id="4817443957" visible="true" version="1" changeset="48151783" timestamp="2017-04-26T06:47:18Z" user="Ranjana Devanand" uid="5252054" lat="26.7949270" lon="75.8799426"/>
 <node id="4817467578" visible="true" version="1" changeset="48151942" timestamp="2017-04-26T06:53:26Z" user="Ranjana Devanand" uid="5252054" lat="26.7965413" lon="75.8808405"/>
 <node id="4817467589" visible="true" version="1" changeset="48151942" timestamp="2017-04-26T06:53:26Z" user="Ranjana Devanand" uid="5252054" lat="26.7961685" lon="75.8806190"/>
 <node id="4817467606" visible="true" version="1" changeset="48151942" timestamp="2017-04-26T06:53:26Z" user="Ranjana Devanand" uid="5252054" lat="26.7972368" lon="75.8814230"/>
 <node id="4817846751" visible="true" version="1" changeset="48157807" timestamp="2017-04-26T10:09:52Z" user="Ranjana Devanand" uid="5252054" lat="26.8056846" lon="75.8983627"/>
 <node id="5033618122" visible="true" version="1" changeset="51098049" timestamp="2017-08-14T04:38:48Z" user="Aakash Anant" uid="6479099" lat="26.8073758" lon="75.8665023">
  <tag k="addr:housenumber" v="plot no 112"/>
  <tag k="addr:postcode" v="302017"/>
  <tag k="name:en" v="my home"/>
  <tag k="tourism" v="guest_house"/>
 </node>
 <node id="5354125677" visible="true" version="1" changeset="55648059" timestamp="2018-01-22T08:43:08Z" user="adivik2000" uid="250196" lat="26.8354719" lon="75.8343619"/>
 <node id="5354126993" visible="true" version="1" changeset="55648059" timestamp="2018-01-22T08:43:25Z" user="adivik2000" uid="250196" lat="26.8356727" lon="75.8344335"/>
 <node id="5354126994" visible="true" version="1" changeset="55648059" timestamp="2018-01-22T08:43:26Z" user="adivik2000" uid="250196" lat="26.8354339" lon="75.8351697"/>
 <node id="5354126995" visible="true" version="1" changeset="55648059" timestamp="2018-01-22T08:43:26Z" user="adivik2000" uid="250196" lat="26.8347792" lon="75.8367241"/>
 <node id="5354126996" visible="true" version="1" changeset="55648059" timestamp="2018-01-22T08:43:26Z" user="adivik2000" uid="250196" lat="26.8339947" lon="75.8383735"/>
 <node id="5354126997" visible="true" version="1" changeset="55648059" timestamp="2018-01-22T08:43:26Z" user="adivik2000" uid="250196" lat="26.8331683" lon="75.8398306"/>
 <node id="5354126998" visible="true" version="2" changeset="93344085" timestamp="2020-10-31T16:29:29Z" user="variable90" uid="9379644" lat="26.8322143" lon="75.8414976"/>
 <node id="5354126999" visible="true" version="1" changeset="55648059" timestamp="2018-01-22T08:43:26Z" user="adivik2000" uid="250196" lat="26.8305460" lon="75.8429296"/>
 <node id="5354127000" visible="true" version="1" changeset="55648059" timestamp="2018-01-22T08:43:26Z" user="adivik2000" uid="250196" lat="26.8285134" lon="75.8445697"/>
 <node id="5354127001" visible="true" version="1" changeset="55648059" timestamp="2018-01-22T08:43:26Z" user="adivik2000" uid="250196" lat="26.8261598" lon="75.8458954"/>
 <node id="5354127002" visible="true" version="1" changeset="55648059" timestamp="2018-01-22T08:43:26Z" user="adivik2000" uid="250196" lat="26.8177649" lon="75.8498625"/>
 <node id="5354127003" visible="true" version="1" changeset="55648059" timestamp="2018-01-22T08:43:26Z" user="adivik2000" uid="250196" lat="26.8144418" lon="75.8513727"/>
 <node id="5354127004" visible="true" version="1" changeset="55648059" timestamp="2018-01-22T08:43:26Z" user="adivik2000" uid="250196" lat="26.8129886" lon="75.8522612"/>
 <node id="5354127005" visible="true" version="1" changeset="55648059" timestamp="2018-01-22T08:43:26Z" user="adivik2000" uid="250196" lat="26.8044085" lon="75.8558932"/>
 <node id="5354127006" visible="true" version="1" changeset="55648059" timestamp="2018-01-22T08:43:26Z" user="adivik2000" uid="250196" lat="26.8017028" lon="75.8569520"/>
 <node id="5354127007" visible="true" version="1" changeset="55648059" timestamp="2018-01-22T08:43:26Z" user="adivik2000" uid="250196" lat="26.7999927" lon="75.8574922"/>
 <node id="5354127008" visible="true" version="1" changeset="55648059" timestamp="2018-01-22T08:43:26Z" user="adivik2000" uid="250196" lat="26.7944852" lon="75.8594606"/>
 <node id="5354127009" visible="true" version="1" changeset="55648059" timestamp="2018-01-22T08:43:26Z" user="adivik2000" uid="250196" lat="26.7894891" lon="75.8609201"/>
 <node id="5354127549" visible="true" version="2" changeset="94692868" timestamp="2020-11-24T09:18:18Z" user="manojkmohan" uid="323677" lat="26.7839086" lon="75.8632993"/>
 <node id="6333800589" visible="true" version="1" changeset="68073739" timestamp="2019-03-12T18:45:34Z" user="Heinz_V" uid="91490" lat="26.8010501" lon="75.8716683"/>
 <node id="6333817496" visible="true" version="1" changeset="68073739" timestamp="2019-03-12T18:45:31Z" user="Heinz_V" uid="91490" lat="26.8024070" lon="75.8723301"/>
 <node id="6333817498" visible="true" version="1" changeset="68073739" timestamp="2019-03-12T18:45:33Z" user="Heinz_V" uid="91490" lat="26.8029733" lon="75.8726201"/>
 <node id="6333817500" visible="true" version="1" changeset="68073739" timestamp="2019-03-12T18:45:35Z" user="Heinz_V" uid="91490" lat="26.8009273" lon="75.8716088"/>
 <node id="6726321166" visible="true" version="3" changeset="93344085" timestamp="2020-10-31T16:29:29Z" user="variable90" uid="9379644" lat="26.8300652" lon="75.8433738"/>
 <node id="6728635965" visible="true" version="1" changeset="73562366" timestamp="2019-08-21T04:08:16Z" user="Sai Suman Kalyanam" uid="9086366" lat="26.8113014" lon="75.8602021"/>
 <node id="6728768653" visible="true" version="1" changeset="73563793" timestamp="2019-08-21T05:37:19Z" user="Anas Lari" uid="9086392" lat="26.7914941" lon="75.8606225"/>
 <node id="6728768655" visible="true" version="1" changeset="73563793" timestamp="2019-08-21T05:37:19Z" user="Anas Lari" uid="9086392" lat="26.7917622" lon="75.8605474"/>
 <node id="6728768662" visible="true" version="1" changeset="73563793" timestamp="2019-08-21T05:37:19Z" user="Anas Lari" uid="9086392" lat="26.7939584" lon="75.8547984"/>
 <node id="6728768663" visible="true" version="1" changeset="73563793" timestamp="2019-08-21T05:37:19Z" user="Anas Lari" uid="9086392" lat="26.7936922" lon="75.8549305"/>
 <node id="6728768669" visible="true" version="1" changeset="73563793" timestamp="2019-08-21T05:37:19Z" user="Anas Lari" uid="9086392" lat="26.7916258" lon="75.8605756"/>
 <node id="6728781559" visible="true" version="1" changeset="73563897" timestamp="2019-08-21T05:43:19Z" user="Sai Suman Kalyanam" uid="9086366" lat="26.7967641" lon="75.8697520"/>
 <node id="6728781561" visible="true" version="1" changeset="73563897" timestamp="2019-08-21T05:43:19Z" user="Sai Suman Kalyanam" uid="9086366" lat="26.7958931" lon="75.8693289"/>
 <node id="6728781562" visible="true" version="1" changeset="73563897" timestamp="2019-08-21T05:43:19Z" user="Sai Suman Kalyanam" uid="9086366" lat="26.7959383" lon="75.8692020"/>
 <node id="6731527216" visible="true" version="1" changeset="73573336" timestamp="2019-08-21T10:21:04Z" user="Sai Suman Kalyanam" uid="9086366" lat="26.8081082" lon="75.8708263"/>
 <node id="6731861597" visible="true" version="2" changeset="147241587" timestamp="2024-02-09T05:21:26Z" user="nileshbarawkar" uid="16275544" lat="26.8080061" lon="75.8620567"/>
 <node id="6731861598" visible="true" version="2" changeset="147213604" timestamp="2024-02-08T11:34:38Z" user="mithungowda" uid="19554676" lat="26.8082513" lon="75.8621069"/>
 <node id="6731861599" visible="true" version="1" changeset="73578672" timestamp="2019-08-21T12:31:50Z" user="A run" uid="8782076" lat="26.8083103" lon="75.8620495"/>
 <node id="6731861600" visible="true" version="1" changeset="73578672" timestamp="2019-08-21T12:31:50Z" user="A run" uid="8782076" lat="26.8085018" lon="75.8612770"/>
 <node id="6731861601" visible="true" version="1" changeset="73578672" timestamp="2019-08-21T12:31:50Z" user="A run" uid="8782076" lat="26.8085736" lon="75.8612287"/>
 <node id="6731861602" visible="true" version="2" changeset="146982427" timestamp="2024-02-02T12:01:30Z" user="sambreen" uid="19574772" lat="26.8099917" lon="75.8608362"/>
 <node id="6731861604" visible="true" version="2" changeset="146982427" timestamp="2024-02-02T12:01:30Z" user="sambreen" uid="19574772" lat="26.8100395" lon="75.8609785"/>
 <node id="6731861605" visible="true" version="2" changeset="146982427" timestamp="2024-02-02T12:01:30Z" user="sambreen" uid="19574772" lat="26.8100518" lon="75.8611091"/>
 <node id="6731861606" visible="true" version="2" changeset="146982427" timestamp="2024-02-02T12:01:30Z" user="sambreen" uid="19574772" lat="26.8100490" lon="75.8611416"/>
 <node id="6731861607" visible="true" version="2" changeset="146982427" timestamp="2024-02-02T12:01:30Z" user="sambreen" uid="19574772" lat="26.8099586" lon="75.8614132"/>
 <node id="6731861608" visible="true" version="1" changeset="73578672" timestamp="2019-08-21T12:31:50Z" user="A run" uid="8782076" lat="26.8100722" lon="75.8619046"/>
 <node id="6731888297" visible="true" version="1" changeset="73579467" timestamp="2019-08-21T12:49:42Z" user="Sai Suman Kalyanam" uid="9086366" lat="26.7993261" lon="75.8709966"/>
 <node id="6731888298" visible="true" version="1" changeset="73579467" timestamp="2019-08-21T12:49:42Z" user="Sai Suman Kalyanam" uid="9086366" lat="26.7993862" lon="75.8708618"/>
 <node id="6734053489" visible="true" version="1" changeset="73601116" timestamp="2019-08-22T01:28:48Z" user="@niladari" uid="8782068" lat="26.8078857" lon="75.8620742"/>
 <node id="6734053490" visible="true" version="1" changeset="73601116" timestamp="2019-08-22T01:28:48Z" user="@niladari" uid="8782068" lat="26.8073479" lon="75.8620924"/>
 <node id="6734053491" visible="true" version="1" changeset="73601116" timestamp="2019-08-22T01:28:48Z" user="@niladari" uid="8782068" lat="26.8065673" lon="75.8621246"/>
 <node id="6734540137" visible="true" version="2" changeset="147284182" timestamp="2024-02-10T08:40:36Z" user="olarumankhan" uid="19619725" lat="26.8001414" lon="75.8532426"/>
 <node id="6734540138" visible="true" version="1" changeset="73606708" timestamp="2019-08-22T06:47:00Z" user="ltalawa" uid="8725956" lat="26.8013605" lon="75.8529595"/>
 <node id="6734766741" visible="true" version="1" changeset="73611613" timestamp="2019-08-22T08:38:44Z" user="@niladari" uid="8782068" lat="26.7897905" lon="75.8662362"/>
 <node id="6734829239" visible="true" version="3" changeset="141847559" timestamp="2023-09-28T06:02:11Z" user="nileshbarawkar" uid="16275544" lat="26.8025508" lon="75.8698451"/>
 <node id="6734829240" visible="true" version="2" changeset="73617916" timestamp="2019-08-22T11:01:36Z" user="Sai Suman Kalyanam" uid="9086366" lat="26.8031410" lon="75.8698709"/>
 <node id="6734829241" visible="true" version="1" changeset="73613426" timestamp="2019-08-22T09:27:32Z" user="Arjun Raj" uid="8782053" lat="26.8031280" lon="75.8704556"/>
 <node id="6734900728" visible="true" version="3" changeset="93344085" timestamp="2020-10-31T16:29:29Z" user="variable90" uid="9379644" lat="26.8218810" lon="75.8484400"/>
 <node id="6735094777" visible="true" version="2" changeset="141847559" timestamp="2023-09-28T06:02:11Z" user="nileshbarawkar" uid="16275544" lat="26.8030771" lon="75.8662424"/>
 <node id="6735094778" visible="true" version="1" changeset="73617916" timestamp="2019-08-22T11:01:36Z" user="Sai Suman Kalyanam" uid="9086366" lat="26.8030365" lon="75.8698663"/>
 <node id="6735094779" visible="true" version="2" changeset="141847559" timestamp="2023-09-28T06:02:11Z" user="nileshbarawkar" uid="16275544" lat="26.8030222" lon="75.8704408"/>
 <node id="6735094780" visible="true" version="1" changeset="73617916" timestamp="2019-08-22T11:01:36Z" user="Sai Suman Kalyanam" uid="9086366" lat="26.8030052" lon="75.8709986"/>
 <node id="6735094781" visible="true" version="1" changeset="73617916" timestamp="2019-08-22T11:01:36Z" user="Sai Suman Kalyanam" uid="9086366" lat="26.8029944" lon="75.8718047"/>
 <node id="6735094782" visible="true" version="1" changeset="73617916" timestamp="2019-08-22T11:01:36Z" user="Sai Suman Kalyanam" uid="9086366" lat="26.8029849" lon="75.8724041"/>
 <node id="6737869601" visible="true" version="3" changeset="93344085" timestamp="2020-10-31T16:29:29Z" user="variable90" uid="9379644" lat="26.8292045" lon="75.8441167"/>
 <node id="6738077692" visible="true" version="1" changeset="73652646" timestamp="2019-08-23T07:50:38Z" user="Saipavan Siddarth" uid="8725944" lat="26.8022008" lon="75.8698131"/>
 <node id="6738273427" visible="true" version="1" changeset="73656316" timestamp="2019-08-23T09:28:26Z" user="Arpitha AM" uid="8782077" lat="26.8049592" lon="75.8551333"/>
 <node id="6738273428" visible="true" version="1" changeset="73656316" timestamp="2019-08-23T09:28:26Z" user="Arpitha AM" uid="8782077" lat="26.8047529" lon="75.8545503"/>
 <node id="6745109918" visible="true" version="2" changeset="75648762" timestamp="2019-10-14T08:12:07Z" user="Rajyalakshmi" uid="10287759" lat="26.8004232" lon="75.8582970"/>
 <node id="6745109919" visible="true" version="2" changeset="75648762" timestamp="2019-10-14T08:12:07Z" user="Rajyalakshmi" uid="10287759" lat="26.8008014" lon="75.8582246"/>
 <node id="6745109920" visible="true" version="2" changeset="75648762" timestamp="2019-10-14T08:12:07Z" user="Rajyalakshmi" uid="10287759" lat="26.8010289" lon="75.8581763"/>
 <node id="6745109921" visible="true" version="2" changeset="75648762" timestamp="2019-10-14T08:12:07Z" user="Rajyalakshmi" uid="10287759" lat="26.8011749" lon="75.8581307"/>
 <node id="6745109922" visible="true" version="2" changeset="75648762" timestamp="2019-10-14T08:12:07Z" user="Rajyalakshmi" uid="10287759" lat="26.8016477" lon="75.8579832"/>
 <node id="6745109923" visible="true" version="2" changeset="75648762" timestamp="2019-10-14T08:12:07Z" user="Rajyalakshmi" uid="10287759" lat="26.8022511" lon="75.8577914"/>
 <node id="6745109924" visible="true" version="2" changeset="75648762" timestamp="2019-10-14T08:12:07Z" user="Rajyalakshmi" uid="10287759" lat="26.8025838" lon="75.8576895"/>
 <node id="6877335679" visible="true" version="1" changeset="75648762" timestamp="2019-10-14T08:12:07Z" user="Rajyalakshmi" uid="10287759" lat="26.8032733" lon="75.8574200"/>
 <node id="6877335681" visible="true" version="1" changeset="75648762" timestamp="2019-10-14T08:12:07Z" user="Rajyalakshmi" uid="10287759" lat="26.8023361" lon="75.8542791"/>
 <node id="7038735480" visible="true" version="1" changeset="78061145" timestamp="2019-12-06T15:21:03Z" user="R4_shubham" uid="10142759" lat="26.8007644" lon="75.8619395">
  <tag k="addr:district" v="Jaipur"/>
  <tag k="addr:full" v="Jeevan Rehka Marg,S-24,Mahal Yojna,Jagatpura"/>
  <tag k="addr:postcode" v="302025"/>
  <tag k="addr:state" v="Rajasthan"/>
  <tag k="amenity" v="hospital"/>
  <tag k="name" v="Jeevan Rekha Critical Care and Trauma Hospital"/>
  <tag k="source" v="OpenGovernmentData"/>
 </node>
 <node id="7038735481" visible="true" version="1" changeset="78061145" timestamp="2019-12-06T15:21:03Z" user="R4_shubham" uid="10142759" lat="26.8012747" lon="75.8618794"/>
 <node id="7038735482" visible="true" version="1" changeset="78061145" timestamp="2019-12-06T15:21:03Z" user="R4_shubham" uid="10142759" lat="26.8012723" lon="75.8620215"/>
 <node id="7038735483" visible="true" version="1" changeset="78061145" timestamp="2019-12-06T15:21:03Z" user="R4_shubham" uid="10142759" lat="26.8006901" lon="75.8620092"/>
 <node id="7038735484" visible="true" version="1" changeset="78061145" timestamp="2019-12-06T15:21:03Z" user="R4_shubham" uid="10142759" lat="26.8006925" lon="75.8618671"/>
 <node id="7048744262" visible="true" version="1" changeset="78247932" timestamp="2019-12-11T08:25:31Z" user="variable90" uid="9379644" lat="26.7895582" lon="75.8617192"/>
 <node id="7048879956" visible="true" version="2" changeset="93344085" timestamp="2020-10-31T16:29:29Z" user="variable90" uid="9379644" lat="26.8262804" lon="75.8463232"/>
 <node id="7070869109" visible="true" version="2" changeset="141631780" timestamp="2023-09-23T07:36:42Z" user="sakeebhussain" uid="19368709" lat="26.8035055" lon="75.8685859"/>
 <node id="7070869110" visible="true" version="2" changeset="141631780" timestamp="2023-09-23T07:36:42Z" user="sakeebhussain" uid="19368709" lat="26.8035579" lon="75.8686313"/>
 <node id="7070869111" visible="true" version="2" changeset="141631780" timestamp="2023-09-23T07:36:42Z" user="sakeebhussain" uid="19368709" lat="26.8042320" lon="75.8686558"/>
 <node id="7070869112" visible="true" version="2" changeset="141631780" timestamp="2023-09-23T07:36:42Z" user="sakeebhussain" uid="19368709" lat="26.8042857" lon="75.8686137"/>
 <node id="7070869113" visible="true" version="2" changeset="141631780" timestamp="2023-09-23T07:36:42Z" user="sakeebhussain" uid="19368709" lat="26.8042951" lon="75.8676036"/>
 <node id="7070869114" visible="true" version="2" changeset="141631780" timestamp="2023-09-23T07:36:42Z" user="sakeebhussain" uid="19368709" lat="26.8042474" lon="75.8675597"/>
 <node id="7070869115" visible="true" version="2" changeset="141631780" timestamp="2023-09-23T07:36:42Z" user="sakeebhussain" uid="19368709" lat="26.8035772" lon="75.8675447"/>
 <node id="7070869116" visible="true" version="2" changeset="141631780" timestamp="2023-09-23T07:36:42Z" user="sakeebhussain" uid="19368709" lat="26.8035312" lon="75.8675890"/>
 <node id="7070869117" visible="true" version="2" changeset="141631780" timestamp="2023-09-23T07:36:42Z" user="sakeebhussain" uid="19368709" lat="26.8035142" lon="75.8680492"/>
 <node id="7070869118" visible="true" version="1" changeset="78659367" timestamp="2019-12-20T01:21:54Z" user="@niladari" uid="8782068" lat="26.8032623" lon="75.8680427"/>
 <node id="7071517988" visible="true" version="1" changeset="78669896" timestamp="2019-12-20T07:01:44Z" user="Sarathv" uid="10285135" lat="26.8031606" lon="75.8612369"/>
 <node id="7071517989" visible="true" version="1" changeset="78669896" timestamp="2019-12-20T07:01:44Z" user="Sarathv" uid="10285135" lat="26.8031776" lon="75.8614661"/>
 <node id="7071517990" visible="true" version="1" changeset="78669896" timestamp="2019-12-20T07:01:44Z" user="Sarathv" uid="10285135" lat="26.8032027" lon="75.8619180"/>
 <node id="7071517991" visible="true" version="1" changeset="78669896" timestamp="2019-12-20T07:01:44Z" user="Sarathv" uid="10285135" lat="26.8032110" lon="75.8621637"/>
 <node id="7071517992" visible="true" version="1" changeset="78669896" timestamp="2019-12-20T07:01:44Z" user="Sarathv" uid="10285135" lat="26.8032135" lon="75.8624183"/>
 <node id="7071517993" visible="true" version="1" changeset="78669896" timestamp="2019-12-20T07:01:44Z" user="Sarathv" uid="10285135" lat="26.8037785" lon="75.8624089"/>
 <node id="7071517994" visible="true" version="1" changeset="78669896" timestamp="2019-12-20T07:01:44Z" user="Sarathv" uid="10285135" lat="26.8044129" lon="75.8623901"/>
 <node id="7085413839" visible="true" version="1" changeset="78862828" timestamp="2019-12-26T04:18:19Z" user="Arpitha AM" uid="8782077" lat="26.8086263" lon="75.8586203"/>
 <node id="7085413840" visible="true" version="1" changeset="78862828" timestamp="2019-12-26T04:18:19Z" user="Arpitha AM" uid="8782077" lat="26.8089764" lon="75.8587477"/>
 <node id="7085413841" visible="true" version="1" changeset="78862828" timestamp="2019-12-26T04:18:19Z" user="Arpitha AM" uid="8782077" lat="26.8089408" lon="75.8586169"/>
 <node id="7085413842" visible="true" version="1" changeset="78862828" timestamp="2019-12-26T04:18:19Z" user="Arpitha AM" uid="8782077" lat="26.8089961" lon="75.8587691"/>
 <node id="7085413843" visible="true" version="1" changeset="78862828" timestamp="2019-12-26T04:18:19Z" user="Arpitha AM" uid="8782077" lat="26.8093785" lon="75.8587463"/>
 <node id="7085413844" visible="true" version="1" changeset="78862828" timestamp="2019-12-26T04:18:19Z" user="Arpitha AM" uid="8782077" lat="26.8090356" lon="75.8587745"/>
 <node id="7085413845" visible="true" version="1" changeset="78862828" timestamp="2019-12-26T04:18:19Z" user="Arpitha AM" uid="8782077" lat="26.8089686" lon="75.8587168"/>
 <node id="7085413846" visible="true" version="1" changeset="78862828" timestamp="2019-12-26T04:18:19Z" user="Arpitha AM" uid="8782077" lat="26.8086765" lon="75.8586350"/>
 <node id="7085413847" visible="true" version="1" changeset="78862828" timestamp="2019-12-26T04:18:19Z" user="Arpitha AM" uid="8782077" lat="26.8086406" lon="75.8586350"/>
 <node id="7085413848" visible="true" version="1" changeset="78862828" timestamp="2019-12-26T04:18:19Z" user="Arpitha AM" uid="8782077" lat="26.8086167" lon="75.8585975"/>
 <node id="7085413849" visible="true" version="1" changeset="78862828" timestamp="2019-12-26T04:18:19Z" user="Arpitha AM" uid="8782077" lat="26.8086119" lon="75.8585438"/>
 <node id="7085413850" visible="true" version="1" changeset="78862828" timestamp="2019-12-26T04:18:19Z" user="Arpitha AM" uid="8782077" lat="26.8085904" lon="75.8583561"/>
 <node id="7085413851" visible="true" version="1" changeset="78862828" timestamp="2019-12-26T04:18:19Z" user="Arpitha AM" uid="8782077" lat="26.8082815" lon="75.8583963"/>
 <node id="7085413852" visible="true" version="1" changeset="78862828" timestamp="2019-12-26T04:18:19Z" user="Arpitha AM" uid="8782077" lat="26.8080733" lon="75.8584097"/>
 <node id="7085413853" visible="true" version="1" changeset="78862828" timestamp="2019-12-26T04:18:19Z" user="Arpitha AM" uid="8782077" lat="26.8079751" lon="75.8583748"/>
 <node id="7085413854" visible="true" version="1" changeset="78862828" timestamp="2019-12-26T04:18:19Z" user="Arpitha AM" uid="8782077" lat="26.8079009" lon="75.8584177"/>
 <node id="7085413855" visible="true" version="1" changeset="78862828" timestamp="2019-12-26T04:18:19Z" user="Arpitha AM" uid="8782077" lat="26.8078411" lon="75.8584768"/>
 <node id="7085413856" visible="true" version="1" changeset="78862828" timestamp="2019-12-26T04:18:19Z" user="Arpitha AM" uid="8782077" lat="26.8077716" lon="75.8585170"/>
 <node id="7085413857" visible="true" version="1" changeset="78862828" timestamp="2019-12-26T04:18:19Z" user="Arpitha AM" uid="8782077" lat="26.8068386" lon="75.8585353"/>
 <node id="7087384278" visible="true" version="1" changeset="78908224" timestamp="2019-12-27T04:54:45Z" user="Arpitha AM" uid="8782077" lat="26.8215229" lon="75.8746703"/>
 <node id="7087765996" visible="true" version="1" changeset="78913649" timestamp="2019-12-27T07:47:30Z" user="seena monachan" uid="9086401" lat="26.7854910" lon="75.8643090"/>
 <node id="7695122736" visible="true" version="1" changeset="87711546" timestamp="2020-07-08T12:36:34Z" user="R42_Pratap Gurjar" uid="11435423" lat="26.7998731" lon="75.8655669"/>
 <node id="7695122737" visible="true" version="1" changeset="87711546" timestamp="2020-07-08T12:36:34Z" user="R42_Pratap Gurjar" uid="11435423" lat="26.7996253" lon="75.8655173"/>
 <node id="7695122738" visible="true" version="1" changeset="87711546" timestamp="2020-07-08T12:36:34Z" user="R42_Pratap Gurjar" uid="11435423" lat="26.7996439" lon="75.8654009"/>
 <node id="7695122739" visible="true" version="1" changeset="87711546" timestamp="2020-07-08T12:36:34Z" user="R42_Pratap Gurjar" uid="11435423" lat="26.7998917" lon="75.8654505"/>
 <node id="7695122788" visible="true" version="1" changeset="87711546" timestamp="2020-07-08T12:36:34Z" user="R42_Pratap Gurjar" uid="11435423" lat="26.8030031" lon="75.8661646"/>
 <node id="7695122789" visible="true" version="1" changeset="87711546" timestamp="2020-07-08T12:36:34Z" user="R42_Pratap Gurjar" uid="11435423" lat="26.8027014" lon="75.8661499"/>
 <node id="7695122790" visible="true" version="1" changeset="87711546" timestamp="2020-07-08T12:36:34Z" user="R42_Pratap Gurjar" uid="11435423" lat="26.8027059" lon="75.8660339"/>
 <node id="7695122791" visible="true" version="1" changeset="87711546" timestamp="2020-07-08T12:36:34Z" user="R42_Pratap Gurjar" uid="11435423" lat="26.8030076" lon="75.8660486"/>
 <node id="7695122892" visible="true" version="1" changeset="87711546" timestamp="2020-07-08T12:36:34Z" user="R42_Pratap Gurjar" uid="11435423" lat="26.8032847" lon="75.8556454"/>
 <node id="7695122893" visible="true" version="1" changeset="87711546" timestamp="2020-07-08T12:36:34Z" user="R42_Pratap Gurjar" uid="11435423" lat="26.8031411" lon="75.8557071"/>
 <node id="7695122894" visible="true" version="1" changeset="87711546" timestamp="2020-07-08T12:36:34Z" user="R42_Pratap Gurjar" uid="11435423" lat="26.8030866" lon="75.8555478"/>
 <node id="7695122895" visible="true" version="1" changeset="87711546" timestamp="2020-07-08T12:36:34Z" user="R42_Pratap Gurjar" uid="11435423" lat="26.8032302" lon="75.8554861"/>
 <node id="7695122896" visible="true" version="1" changeset="87711546" timestamp="2020-07-08T12:36:34Z" user="R42_Pratap Gurjar" uid="11435423" lat="26.8031098" lon="75.8559340"/>
 <node id="7695122897" visible="true" version="1" changeset="87711546" timestamp="2020-07-08T12:36:34Z" user="R42_Pratap Gurjar" uid="11435423" lat="26.8030092" lon="75.8559743"/>
 <node id="7695122898" visible="true" version="1" changeset="87711546" timestamp="2020-07-08T12:36:34Z" user="R42_Pratap Gurjar" uid="11435423" lat="26.8029489" lon="75.8557852"/>
 <node id="7695122899" visible="true" version="1" changeset="87711546" timestamp="2020-07-08T12:36:34Z" user="R42_Pratap Gurjar" uid="11435423" lat="26.8030495" lon="75.8557449"/>
 <node id="7695122998" visible="true" version="1" changeset="87711546" timestamp="2020-07-08T12:36:34Z" user="R42_Pratap Gurjar" uid="11435423" lat="26.8031836" lon="75.8555926">
  <tag k="addr:district" v="Jaipur"/>
  <tag k="addr:full" v="Jagatpura"/>
  <tag k="addr:postcode" v="302017"/>
  <tag k="addr:state" v="Rajasthan"/>
  <tag k="amenity" v="hospital"/>
  <tag k="name" v="Ramanji Hospital"/>
  <tag k="source" v="Local Knowledge"/>
 </node>
 <node id="7695123008" visible="true" version="2" changeset="163188945" timestamp="2025-03-04T07:22:38Z" user="Glitch Probe Infotech" uid="22585263" lat="26.8030325" lon="75.8558498">
  <tag k="addr:district" v="Jaipur"/>
  <tag k="addr:full" v="Mahal Yojana, Jagatpura"/>
  <tag k="addr:postcode" v="302017"/>
  <tag k="addr:state" v="Rajasthan"/>
  <tag k="name" v="Shri Kalyan Hospital"/>
  <tag k="source" v="Local Knowledge"/>
 </node>
 <node id="7695123030" visible="true" version="1" changeset="87711546" timestamp="2020-07-08T12:36:34Z" user="R42_Pratap Gurjar" uid="11435423" lat="26.7997343" lon="75.8654685">
  <tag k="addr:district" v="Jaipur"/>
  <tag k="addr:postcode" v="302033"/>
  <tag k="addr:state" v="Rajasthan"/>
  <tag k="amenity" v="clinic"/>
  <tag k="name" v="Panwar Clinic"/>
  <tag k="source" v="Local Knowledge"/>
 </node>
 <node id="7695123051" visible="true" version="1" changeset="87711546" timestamp="2020-07-08T12:36:34Z" user="R42_Pratap Gurjar" uid="11435423" lat="26.8028860" lon="75.8660880">
  <tag k="addr:district" v="Jaipur"/>
  <tag k="addr:full" v="Nilay Kunj Road, Jagatpura, Jaipur"/>
  <tag k="addr:postcode" v="303905"/>
  <tag k="addr:state" v="Rajasthan"/>
  <tag k="amenity" v="hospital"/>
  <tag k="name" v="SG Hospital"/>
  <tag k="source" v="Local Knowledge"/>
 </node>
 <node id="7807037709" visible="true" version="1" changeset="89311418" timestamp="2020-08-12T15:09:48Z" user="ratrun" uid="474183" lat="26.8171987" lon="75.8743591"/>
 <node id="8042637354" visible="true" version="1" changeset="92994634" timestamp="2020-10-24T17:00:44Z" user="variable90" uid="9379644" lat="26.8000524" lon="75.8635891"/>
 <node id="8042637355" visible="true" version="1" changeset="92994634" timestamp="2020-10-24T17:00:44Z" user="variable90" uid="9379644" lat="26.7965820" lon="75.8634463"/>
 <node id="8042637356" visible="true" version="1" changeset="92994634" timestamp="2020-10-24T17:00:44Z" user="variable90" uid="9379644" lat="26.7938013" lon="75.8633290"/>
 <node id="8059215251" visible="true" version="1" changeset="93184083" timestamp="2020-10-28T14:00:33Z" user="variable90" uid="9379644" lat="26.7993170" lon="75.8569411"/>
 <node id="8059215252" visible="true" version="1" changeset="93184083" timestamp="2020-10-28T14:00:33Z" user="variable90" uid="9379644" lat="26.7969326" lon="75.8577369"/>
 <node id="8069199515" visible="true" version="2" changeset="117484903" timestamp="2022-02-16T16:48:05Z" user="BhargavKrish2122" uid="14196197" lat="26.8252912" lon="75.8466613"/>
 <node id="8069199517" visible="true" version="1" changeset="93344085" timestamp="2020-10-31T16:29:29Z" user="variable90" uid="9379644" lat="26.8254698" lon="75.8465680"/>
 <node id="8069199518" visible="true" version="3" changeset="140488412" timestamp="2023-08-28T10:47:43Z" user="nagulans" uid="19525150" lat="26.8254505" lon="75.8467445"/>
 <node id="8157530040" visible="true" version="1" changeset="94692868" timestamp="2020-11-24T09:12:08Z" user="manojkmohan" uid="323677" lat="26.7859392" lon="75.8625698"/>
 <node id="8157531464" visible="true" version="1" changeset="94692868" timestamp="2020-11-24T09:12:07Z" user="manojkmohan" uid="323677" lat="26.8055141" lon="75.8561539"/>
 <node id="8157531465" visible="true" version="1" changeset="94692868" timestamp="2020-11-24T09:12:07Z" user="manojkmohan" uid="323677" lat="26.8210644" lon="75.8431721"/>
 <node id="8157531466" visible="true" version="1" changeset="94692868" timestamp="2020-11-24T09:12:07Z" user="manojkmohan" uid="323677" lat="26.8215048" lon="75.8467555"/>
 <node id="8157540073" visible="true" version="1" changeset="94692868" timestamp="2020-11-24T09:16:04Z" user="manojkmohan" uid="323677" lat="26.8033079" lon="75.8570753"/>
 <node id="8157540663" visible="true" version="1" changeset="94692868" timestamp="2020-11-24T09:16:53Z" user="manojkmohan" uid="323677" lat="26.8179677" lon="75.8501910"/>
 <node id="8157541211" visible="true" version="1" changeset="94692868" timestamp="2020-11-24T09:16:07Z" user="manojkmohan" uid="323677" lat="26.8152650" lon="75.8514227"/>
 <node id="8157541213" visible="true" version="1" changeset="94692868" timestamp="2020-11-24T09:16:43Z" user="manojkmohan" uid="323677" lat="26.7989146" lon="75.8583961"/>
 <node id="8157542187" visible="true" version="1" changeset="94692868" timestamp="2020-11-24T09:16:21Z" user="manojkmohan" uid="323677" lat="26.7888890" lon="75.8616899"/>
 <node id="8157542488" visible="true" version="1" changeset="94692868" timestamp="2020-11-24T09:16:50Z" user="manojkmohan" uid="323677" lat="26.8076629" lon="75.8551347"/>
 <node id="8157544185" visible="true" version="1" changeset="94692868" timestamp="2020-11-24T09:17:02Z" user="manojkmohan" uid="323677" lat="26.8213488" lon="75.8448959"/>
 <node id="8157544195" visible="true" version="1" changeset="94692868" timestamp="2020-11-24T09:17:15Z" user="manojkmohan" uid="323677" lat="26.8212011" lon="75.8414029"/>
 <node id="8157547934" visible="true" version="1" changeset="94692868" timestamp="2020-11-24T09:16:37Z" user="manojkmohan" uid="323677" lat="26.8209768" lon="75.8381741"/>
 <node id="8157548411" visible="true" version="1" changeset="94692868" timestamp="2020-11-24T09:16:00Z" user="manojkmohan" uid="323677" lat="26.8209440" lon="75.8351789"/>
 <node id="8157550873" visible="true" version="1" changeset="94692868" timestamp="2020-11-24T09:16:12Z" user="manojkmohan" uid="323677" lat="26.8114461" lon="75.8534063"/>
 <node id="8157552340" visible="true" version="1" changeset="94692868" timestamp="2020-11-24T09:16:30Z" user="manojkmohan" uid="323677" lat="26.7944337" lon="75.8598559"/>
 <node id="8157552636" visible="true" version="1" changeset="94692868" timestamp="2020-11-24T09:16:15Z" user="manojkmohan" uid="323677" lat="26.8217154" lon="75.8485857"/>
 <node id="8157553434" visible="true" version="1" changeset="94692868" timestamp="2020-11-24T09:16:59Z" user="manojkmohan" uid="323677" lat="26.7869252" lon="75.8622773"/>
 <node id="8157554128" visible="true" version="1" changeset="94692868" timestamp="2020-11-24T09:16:46Z" user="manojkmohan" uid="323677" lat="26.8206595" lon="75.8319422"/>
 <node id="8157554139" visible="true" version="1" changeset="94692868" timestamp="2020-11-24T09:17:08Z" user="manojkmohan" uid="323677" lat="26.7919582" lon="75.8606224"/>
 <node id="8436636517" visible="true" version="2" changeset="104615247" timestamp="2021-05-13T07:00:02Z" user="Varun Batra" uid="12692831" lat="26.8056168" lon="75.8689845">
  <tag k="addr:city" v="Jaipur"/>
  <tag k="addr:postcode" v="302017"/>
  <tag k="addr:street" v="Approva Homes, Lotus Villa, Jagatpura"/>
  <tag k="amenity" v="parking_space"/>
  <tag k="capacity" v="8"/>
  <tag k="name" v="Approva Alokik Homes Guest Parting"/>
  <tag k="parking_space" v="visitor"/>
  <tag k="wheelchair" v="limited"/>
 </node>
 <node id="8436644017" visible="true" version="3" changeset="175929035" timestamp="2025-12-14T17:59:02Z" user="I-76" uid="14893052" lat="26.8056823" lon="75.8697622">
  <tag k="addr:city" v="Jaipur"/>
  <tag k="addr:postcode" v="302017"/>
  <tag k="addr:street" v="Lotus Villa, Jagatpura"/>
  <tag k="leisure" v="sports_centre"/>
  <tag k="name" v="YONIX Badminton Academy"/>
  <tag k="opening_hours" v="Mo-Su 08:00-18:00"/>
 </node>
 <node id="8436650117" visible="true" version="2" changeset="104615182" timestamp="2021-05-13T06:59:08Z" user="Varun Batra" uid="12692831" lat="26.8057470" lon="75.8689870">
  <tag k="addr:city" v="Jaipur"/>
  <tag k="addr:postcode" v="302017"/>
  <tag k="addr:street" v="Approva Alokik Home, Lotus Villa, Jagatpuras"/>
  <tag k="amenity" v="social_centre"/>
  <tag k="internet_access" v="wlan"/>
  <tag k="name" v="Approva Alokik Homes Society Hall"/>
  <tag k="population" v="22"/>
  <tag k="religion" v="hindu"/>
  <tag k="toilets" v="yes"/>
  <tag k="wheelchair" v="limited"/>
 </node>
 <node id="8436651517" visible="true" version="2" changeset="154061840" timestamp="2024-07-17T14:40:37Z" user="VLD177" uid="13462600" lat="26.8064491" lon="75.8689723"/>
 <node id="8628471884" visible="true" version="1" changeset="102916595" timestamp="2021-04-14T09:07:23Z" user="VLD143" uid="10797439" lat="26.8292382" lon="75.8440874"/>
 <node id="8727162202" visible="true" version="3" changeset="116975627" timestamp="2022-02-03T18:19:09Z" user="Varun Batra" uid="12692831" lat="26.8054082" lon="75.8707901">
  <tag k="access:conditional" v="yes @ wet"/>
  <tag k="barrier" v="gate"/>
  <tag k="vehicle" v="permissive"/>
 </node>
 <node id="8727252665" visible="true" version="2" changeset="104617028" timestamp="2021-05-13T07:29:09Z" user="Varun Batra" uid="12692831" lat="26.8059665" lon="75.8688577"/>
 <node id="8727252666" visible="true" version="1" changeset="104615497" timestamp="2021-05-13T07:03:51Z" user="Varun Batra" uid="12692831" lat="26.8059404" lon="75.8691695"/>
 <node id="8727252667" visible="true" version="1" changeset="104615497" timestamp="2021-05-13T07:03:51Z" user="Varun Batra" uid="12692831" lat="26.8056915" lon="75.8691461"/>
 <node id="8727252669" visible="true" version="1" changeset="104615497" timestamp="2021-05-13T07:03:51Z" user="Varun Batra" uid="12692831" lat="26.8055571" lon="75.8688297"/>
 <node id="8727255438" visible="true" version="1" changeset="104615080" timestamp="2021-05-13T06:57:32Z" user="Varun Batra" uid="12692831" lat="26.8060424" lon="75.8689313"/>
 <node id="8727255439" visible="true" version="1" changeset="104615080" timestamp="2021-05-13T06:57:32Z" user="Varun Batra" uid="12692831" lat="26.8059885" lon="75.8695533"/>
 <node id="8727255440" visible="true" version="1" changeset="104615080" timestamp="2021-05-13T06:57:32Z" user="Varun Batra" uid="12692831" lat="26.8064096" lon="75.8695892"/>
 <node id="8727275172" visible="true" version="1" changeset="104616088" timestamp="2021-05-13T07:13:13Z" user="Varun Batra" uid="12692831" lat="26.8005562" lon="75.8622712">
  <tag k="name" v="Medical Store"/>
  <tag k="opening_hours" v="Mo-Su 09:00-21:00"/>
  <tag k="opening_hours:covid19" v="restricted"/>
  <tag k="shop" v="medical_supply"/>
 </node>
 <node id="8727286559" visible="true" version="1" changeset="104615853" timestamp="2021-05-13T07:09:38Z" user="Varun Batra" uid="12692831" lat="26.8057051" lon="75.8688529"/>
 <node id="8727286560" visible="true" version="1" changeset="104615853" timestamp="2021-05-13T07:09:38Z" user="Varun Batra" uid="12692831" lat="26.8055561" lon="75.8688442"/>
 <node id="8727287606" visible="true" version="2" changeset="140127655" timestamp="2023-08-20T11:07:25Z" user="Mateusz Konieczny - bot account" uid="3199858" lat="26.8009368" lon="75.8620701">
  <tag k="name" v="Jeevan Rekha Medical Store"/>
  <tag k="opening_hours" v="24/7"/>
  <tag k="shop" v="medical_supply"/>
 </node>
 <node id="8727305001" visible="true" version="1" changeset="104616375" timestamp="2021-05-13T07:17:53Z" user="Varun Batra" uid="12692831" lat="26.8046265" lon="75.8690062"/>
 <node id="8727305002" visible="true" version="1" changeset="104616375" timestamp="2021-05-13T07:17:53Z" user="Varun Batra" uid="12692831" lat="26.8041194" lon="75.8691004"/>
 <node id="8727305003" visible="true" version="2" changeset="104616525" timestamp="2021-05-13T07:20:28Z" user="Varun Batra" uid="12692831" lat="26.8041692" lon="75.8704403"/>
 <node id="8727305004" visible="true" version="2" changeset="104616525" timestamp="2021-05-13T07:20:28Z" user="Varun Batra" uid="12692831" lat="26.8045401" lon="75.8704978"/>
 <node id="8727308338" visible="true" version="1" changeset="104616225" timestamp="2021-05-13T07:15:27Z" user="Varun Batra" uid="12692831" lat="26.8026605" lon="75.8597283">
  <tag k="name" v="Liquor Store"/>
  <tag k="shop" v="alcohol"/>
 </node>
 <node id="8727320036" visible="true" version="1" changeset="104616498" timestamp="2021-05-13T07:20:02Z" user="Varun Batra" uid="12692831" lat="26.8046933" lon="75.8690067"/>
 <node id="8727320037" visible="true" version="1" changeset="104616498" timestamp="2021-05-13T07:20:02Z" user="Varun Batra" uid="12692831" lat="26.8045830" lon="75.8707279"/>
 <node id="8727328805" visible="true" version="2" changeset="104778688" timestamp="2021-05-16T17:27:16Z" user="Varun Batra" uid="12692831" lat="26.8057081" lon="75.8690990">
  <tag k="addr:city" v="Jagatpura"/>
  <tag k="addr:housenumber" v="105"/>
  <tag k="addr:postcode" v="302017"/>
  <tag k="addr:street" v="Apporva Homes"/>
  <tag k="name" v="Web Application Consultant"/>
  <tag k="office" v="it"/>
  <tag k="opening_hours" v="Mo-Fr 11:00-19:00"/>
  <tag k="opening_hours:covid19" v="restricted"/>
  <tag k="phone" v="+918882082786"/>
  <tag k="website" v="https://webapplicationconsultant.com"/>
 </node>
 <node id="8727337923" visible="true" version="1" changeset="104616997" timestamp="2021-05-13T07:28:39Z" user="Varun Batra" uid="12692831" lat="26.8059476" lon="75.8691873"/>
 <node id="8727337924" visible="true" version="1" changeset="104616997" timestamp="2021-05-13T07:28:39Z" user="Varun Batra" uid="12692831" lat="26.8056140" lon="75.8691598"/>
 <node id="8727337925" visible="true" version="2" changeset="104617028" timestamp="2021-05-13T07:29:09Z" user="Varun Batra" uid="12692831" lat="26.8056370" lon="75.8688263"/>
 <node id="8826518935" visible="true" version="1" changeset="106239356" timestamp="2021-06-12T04:43:58Z" user="Varun Batra" uid="12692831" lat="26.8041298" lon="75.8652380"/>
 <node id="8826518936" visible="true" version="1" changeset="106239356" timestamp="2021-06-12T04:43:58Z" user="Varun Batra" uid="12692831" lat="26.8041257" lon="75.8656677"/>
 <node id="8826518937" visible="true" version="1" changeset="106239356" timestamp="2021-06-12T04:43:58Z" user="Varun Batra" uid="12692831" lat="26.8039245" lon="75.8656700"/>
 <node id="8826518938" visible="true" version="1" changeset="106239356" timestamp="2021-06-12T04:43:58Z" user="Varun Batra" uid="12692831" lat="26.8039370" lon="75.8652298"/>
 <node id="8840176823" visible="true" version="1" changeset="106490185" timestamp="2021-06-16T20:58:28Z" user="Varun Batra" uid="12692831" lat="26.8050632" lon="75.8686066">
  <tag k="barrier" v="gate"/>
  <tag k="vehicle" v="no"/>
 </node>
 <node id="8883763422" visible="true" version="1" changeset="107276539" timestamp="2021-07-01T19:20:46Z" user="Varun Batra" uid="12692831" lat="26.8032504" lon="75.8598257">
  <tag k="amenity" v="fuel"/>
  <tag k="name" v="Bharat Petrol Pump"/>
 </node>
 <node id="9501910885" visible="true" version="1" changeset="117341647" timestamp="2022-02-13T04:01:15Z" user="Varun Batra" uid="12692831" lat="26.8050342" lon="75.8554521">
  <tag k="amenity" v="place_of_worship"/>
  <tag k="denomination" v="vaishnavism"/>
  <tag k="name" v="Akshaya Patra"/>
  <tag k="religion" v="hindu"/>
  <tag k="wheelchair" v="no"/>
 </node>
 <node id="9510941909" visible="true" version="1" changeset="117484903" timestamp="2022-02-16T16:48:05Z" user="BhargavKrish2122" uid="14196197" lat="26.8255210" lon="75.8465484"/>
 <node id="9510941910" visible="true" version="1" changeset="117484903" timestamp="2022-02-16T16:48:05Z" user="BhargavKrish2122" uid="14196197" lat="26.8255623" lon="75.8466741"/>
 <node id="9510941911" visible="true" version="2" changeset="140488412" timestamp="2023-08-28T10:47:43Z" user="nagulans" uid="19525150" lat="26.8253998" lon="75.8465985"/>
 <node id="9766923064" visible="true" version="1" changeset="121419842" timestamp="2022-05-24T11:57:15Z" user="user_10604185" uid="10604185" lat="26.7910799" lon="75.8669981"/>
 <node id="9771929366" visible="true" version="1" changeset="121509444" timestamp="2022-05-26T08:31:26Z" user="Nissa S" uid="15089619" lat="26.8105020" lon="75.8536581"/>
 <node id="9819738795" visible="true" version="1" changeset="122415850" timestamp="2022-06-15T12:12:58Z" user="YataGeo" uid="15458620" lat="26.7836302" lon="75.8631482"/>
 <node id="9819738796" visible="true" version="1" changeset="122415850" timestamp="2022-06-15T12:12:58Z" user="YataGeo" uid="15458620" lat="26.7836204" lon="75.8631728"/>
 <node id="9819738797" visible="true" version="1" changeset="122415850" timestamp="2022-06-15T12:12:58Z" user="YataGeo" uid="15458620" lat="26.7836153" lon="75.8632122"/>
 <node id="9840528805" visible="true" version="1" changeset="122739640" timestamp="2022-06-23T06:16:24Z" user="Manithak" uid="10516176" lat="26.7870217" lon="75.8649039"/>
 <node id="9918998148" visible="true" version="1" changeset="124226285" timestamp="2022-07-29T11:19:11Z" user="Manithak" uid="10516176" lat="26.7913395" lon="75.8611516"/>
 <node id="9930907526" visible="true" version="1" changeset="124460822" timestamp="2022-08-04T04:54:38Z" user="user_10603760" uid="10603760" lat="26.8062791" lon="75.8515656"/>
 <node id="9930907541" visible="true" version="1" changeset="124460822" timestamp="2022-08-04T04:54:38Z" user="user_10603760" uid="10603760" lat="26.8062706" lon="75.8515299"/>
 <node id="10004125191" visible="true" version="1" changeset="125855418" timestamp="2022-09-06T11:58:32Z" user="Kavithaptpm" uid="12266079" lat="26.8111636" lon="75.8535339"/>
 <node id="10008913197" visible="true" version="1" changeset="125942506" timestamp="2022-09-08T13:04:22Z" user="amitranjan" uid="16471961" lat="26.7991332" lon="75.8665620"/>
 <node id="10008913198" visible="true" version="3" changeset="141847559" timestamp="2023-09-28T06:02:11Z" user="nileshbarawkar" uid="16275544" lat="26.7982402" lon="75.8664048"/>
 <node id="10008913199" visible="true" version="3" changeset="141847559" timestamp="2023-09-28T06:02:11Z" user="nileshbarawkar" uid="16275544" lat="26.7979444" lon="75.8663913"/>
 <node id="10008913200" visible="true" version="2" changeset="139557096" timestamp="2023-08-07T10:27:28Z" user="chandrashekaru" uid="19582889" lat="26.7974178" lon="75.8664209"/>
 <node id="10008913201" visible="true" version="2" changeset="139557096" timestamp="2023-08-07T10:27:28Z" user="chandrashekaru" uid="19582889" lat="26.7974116" lon="75.8667078"/>
 <node id="10008913202" visible="true" version="1" changeset="125942506" timestamp="2022-09-08T13:04:22Z" user="amitranjan" uid="16471961" lat="26.7959025" lon="75.8691848"/>
 <node id="10008913207" visible="true" version="1" changeset="125942506" timestamp="2022-09-08T13:04:22Z" user="amitranjan" uid="16471961" lat="26.7971210" lon="75.8674428"/>
 <node id="10097492724" visible="true" version="1" changeset="127461164" timestamp="2022-10-13T10:30:24Z" user="user_10989856" uid="10989856" lat="26.8037450" lon="75.8557775"/>
 <node id="10097492725" visible="true" version="1" changeset="127461164" timestamp="2022-10-13T10:30:24Z" user="user_10989856" uid="10989856" lat="26.8040086" lon="75.8564711"/>
 <node id="10097492726" visible="true" version="1" changeset="127461164" timestamp="2022-10-13T10:30:24Z" user="user_10989856" uid="10989856" lat="26.8040113" lon="75.8565427"/>
 <node id="10097492727" visible="true" version="1" changeset="127461164" timestamp="2022-10-13T10:30:24Z" user="user_10989856" uid="10989856" lat="26.8039377" lon="75.8565786"/>
 <node id="10097492728" visible="true" version="1" changeset="127461164" timestamp="2022-10-13T10:30:24Z" user="user_10989856" uid="10989856" lat="26.8037085" lon="75.8566673"/>
 <node id="10097492729" visible="true" version="1" changeset="127461164" timestamp="2022-10-13T10:30:24Z" user="user_10989856" uid="10989856" lat="26.8036448" lon="75.8566695"/>
 <node id="10097492730" visible="true" version="1" changeset="127461164" timestamp="2022-10-13T10:30:24Z" user="user_10989856" uid="10989856" lat="26.8036001" lon="75.8566346"/>
 <node id="10097492731" visible="true" version="1" changeset="127461164" timestamp="2022-10-13T10:30:24Z" user="user_10989856" uid="10989856" lat="26.8034500" lon="75.8562143"/>
 <node id="10097492732" visible="true" version="1" changeset="127461164" timestamp="2022-10-13T10:30:24Z" user="user_10989856" uid="10989856" lat="26.8034500" lon="75.8561629"/>
 <node id="10097492733" visible="true" version="1" changeset="127461164" timestamp="2022-10-13T10:30:24Z" user="user_10989856" uid="10989856" lat="26.8035001" lon="75.8561069"/>
 <node id="10097492734" visible="true" version="1" changeset="127461164" timestamp="2022-10-13T10:30:24Z" user="user_10989856" uid="10989856" lat="26.8038197" lon="75.8559741"/>
 <node id="10116941178" visible="true" version="2" changeset="141818479" timestamp="2023-09-27T12:44:05Z" user="nileshbarawkar" uid="16275544" lat="26.8075150" lon="75.8638810"/>
 <node id="10116941179" visible="true" version="2" changeset="141818479" timestamp="2023-09-27T12:44:05Z" user="nileshbarawkar" uid="16275544" lat="26.8074835" lon="75.8645350"/>
 <node id="10127524061" visible="true" version="1" changeset="128024108" timestamp="2022-10-25T06:53:17Z" user="Nissa S" uid="15089619" lat="26.8039578" lon="75.8570177"/>
 <node id="10127524062" visible="true" version="1" changeset="128024108" timestamp="2022-10-25T06:53:17Z" user="Nissa S" uid="15089619" lat="26.8039798" lon="75.8571143"/>
 <node id="10127524063" visible="true" version="1" changeset="128024108" timestamp="2022-10-25T06:53:17Z" user="Nissa S" uid="15089619" lat="26.8045396" lon="75.8587322"/>
 <node id="10127524064" visible="true" version="1" changeset="128024108" timestamp="2022-10-25T06:53:17Z" user="Nissa S" uid="15089619" lat="26.8057554" lon="75.8581405"/>
 <node id="10127524065" visible="true" version="1" changeset="128024108" timestamp="2022-10-25T06:53:17Z" user="Nissa S" uid="15089619" lat="26.8068638" lon="75.8576800"/>
 <node id="10153960556" visible="true" version="1" changeset="128422180" timestamp="2022-11-03T07:11:59Z" user="Madhubala S" uid="15097560" lat="26.8161295" lon="75.8509777"/>
 <node id="10153960582" visible="true" version="1" changeset="128422180" timestamp="2022-11-03T07:11:59Z" user="Madhubala S" uid="15097560" lat="26.8144045" lon="75.8518007"/>
 <node id="10196645087" visible="true" version="1" changeset="129030099" timestamp="2022-11-17T09:20:30Z" user="Manithak" uid="10516176" lat="26.8017962" lon="75.8565584"/>
 <node id="10196645088" visible="true" version="1" changeset="129030099" timestamp="2022-11-17T09:20:30Z" user="Manithak" uid="10516176" lat="26.8020194" lon="75.8575348"/>
 <node id="10196645089" visible="true" version="1" changeset="129030099" timestamp="2022-11-17T09:20:30Z" user="Manithak" uid="10516176" lat="26.8019966" lon="75.8574351"/>
 <node id="10196645090" visible="true" version="1" changeset="129030099" timestamp="2022-11-17T09:20:30Z" user="Manithak" uid="10516176" lat="26.8009620" lon="75.8577244"/>
 <node id="10211431832" visible="true" version="1" changeset="129267313" timestamp="2022-11-23T07:33:08Z" user="Madhubala S" uid="15097560" lat="26.8012631" lon="75.8661837"/>
 <node id="10253639279" visible="true" version="1" changeset="129971856" timestamp="2022-12-11T18:30:50Z" user="Madhubala S" uid="15097560" lat="26.8202219" lon="75.8745787"/>
 <node id="10262380611" visible="true" version="1" changeset="130074095" timestamp="2022-12-14T12:28:23Z" user="user_10603760" uid="10603760" lat="26.8190049" lon="75.8744896"/>
 <node id="10264220068" visible="true" version="1" changeset="130097287" timestamp="2022-12-15T05:13:12Z" user="BhargavKrish2122" uid="14196197" lat="26.8166236" lon="75.8508953"/>
 <node id="10266973797" visible="true" version="1" changeset="130145419" timestamp="2022-12-16T08:46:43Z" user="Madhubala S" uid="15097560" lat="26.8073478" lon="75.8585253"/>
 <node id="10315576303" visible="true" version="1" changeset="131030559" timestamp="2023-01-08T20:57:30Z" user="Madhubala S" uid="15097560" lat="26.8036997" lon="75.8621446"/>
 <node id="10315576304" visible="true" version="1" changeset="131030559" timestamp="2023-01-08T20:57:30Z" user="Madhubala S" uid="15097560" lat="26.8038489" lon="75.8624068"/>
 <node id="10315576305" visible="true" version="1" changeset="131030559" timestamp="2023-01-08T20:57:30Z" user="Madhubala S" uid="15097560" lat="26.8038380" lon="75.8613581"/>
 <node id="10315576306" visible="true" version="2" changeset="141818479" timestamp="2023-09-27T12:44:05Z" user="nileshbarawkar" uid="16275544" lat="26.8032812" lon="75.8646199"/>
 <node id="10562330404" visible="true" version="1" changeset="131382778" timestamp="2023-01-17T14:36:56Z" user="Madhubala S" uid="15097560" lat="26.8040294" lon="75.8566096"/>
 <node id="10562330405" visible="true" version="1" changeset="131382778" timestamp="2023-01-17T14:36:56Z" user="Madhubala S" uid="15097560" lat="26.8040701" lon="75.8567571"/>
 <node id="10562330406" visible="true" version="1" changeset="131382778" timestamp="2023-01-17T14:36:56Z" user="Madhubala S" uid="15097560" lat="26.8030880" lon="75.8570324"/>
 <node id="10562330407" visible="true" version="1" changeset="131382778" timestamp="2023-01-17T14:36:56Z" user="Madhubala S" uid="15097560" lat="26.8047271" lon="75.8562836"/>
 <node id="10562330408" visible="true" version="1" changeset="131382778" timestamp="2023-01-17T14:36:56Z" user="Madhubala S" uid="15097560" lat="26.8053543" lon="75.8560181"/>
 <node id="10562330409" visible="true" version="1" changeset="131382778" timestamp="2023-01-17T14:36:56Z" user="Madhubala S" uid="15097560" lat="26.8062377" lon="75.8556345"/>
 <node id="10562330410" visible="true" version="1" changeset="131382778" timestamp="2023-01-17T14:36:56Z" user="Madhubala S" uid="15097560" lat="26.8069117" lon="75.8553230"/>
 <node id="10562330411" visible="true" version="1" changeset="131382778" timestamp="2023-01-17T14:36:56Z" user="Madhubala S" uid="15097560" lat="26.8051897" lon="75.8560878"/>
 <node id="10562330412" visible="true" version="1" changeset="131382778" timestamp="2023-01-17T14:36:56Z" user="Madhubala S" uid="15097560" lat="26.8052373" lon="75.8562388"/>
 <node id="10562330413" visible="true" version="1" changeset="131382778" timestamp="2023-01-17T14:36:56Z" user="Madhubala S" uid="15097560" lat="26.8044101" lon="75.8564317"/>
 <node id="10562330414" visible="true" version="1" changeset="131382778" timestamp="2023-01-17T14:36:56Z" user="Madhubala S" uid="15097560" lat="26.8044456" lon="75.8565904"/>
 <node id="10572801862" visible="true" version="1" changeset="131544414" timestamp="2023-01-21T15:11:30Z" user="user_10989856" uid="10989856" lat="26.8027457" lon="75.8571824"/>
 <node id="10572801863" visible="true" version="1" changeset="131544414" timestamp="2023-01-21T15:11:30Z" user="user_10989856" uid="10989856" lat="26.8015106" lon="75.8575710"/>
 <node id="10572801864" visible="true" version="1" changeset="131544414" timestamp="2023-01-21T15:11:30Z" user="user_10989856" uid="10989856" lat="26.8015359" lon="75.8576829"/>
 <node id="10572801865" visible="true" version="1" changeset="131544414" timestamp="2023-01-21T15:11:30Z" user="user_10989856" uid="10989856" lat="26.8021920" lon="75.8576767"/>
 <node id="10572801866" visible="true" version="1" changeset="131544414" timestamp="2023-01-21T15:11:30Z" user="user_10989856" uid="10989856" lat="26.8022223" lon="75.8578006"/>
 <node id="11066145092" visible="true" version="1" changeset="138967579" timestamp="2023-07-25T04:42:47Z" user="The Nawabs" uid="19974781" lat="26.7988952" lon="75.8575987">
  <tag k="addr:city" v="Jaipur Municipal Corporation"/>
  <tag k="addr:district" v="Jaipur"/>
  <tag k="addr:housenumber" v="Shop No. H - LGH - 10 &amp; 11, Lower Ground Floor,"/>
  <tag k="addr:postcode" v="302017"/>
  <tag k="addr:street" v="Mahal Road"/>
  <tag k="amenity" v="Hyderabadi restaurant"/>
  <tag k="cuisine" v="hyderabadi_dum_biryani;arabian_mandi;arabian_kabsa"/>
  <tag k="diet:halal" v="yes"/>
  <tag k="diet:non-vegetarian" v="yes"/>
  <tag k="diet:vegetarian" v="yes"/>
  <tag k="name" v="The nawabs Hyderabadi Biryani and Arabian Mandi"/>
  <tag k="opening_hours" v="Mo-Fr 13:00-24:00"/>
  <tag k="phone" v="+91-8302228908"/>
  <tag k="website" v="https://thenawabsbiryani.com/"/>
 </node>
 <node id="11072326605" visible="true" version="2" changeset="141818479" timestamp="2023-09-27T12:44:05Z" user="nileshbarawkar" uid="16275544" lat="26.8056745" lon="75.8666602"/>
 <node id="11083558129" visible="true" version="1" changeset="139345435" timestamp="2023-08-02T12:25:14Z" user="chandrashekaru" uid="19582889" lat="26.7927949" lon="75.8553974"/>
 <node id="11085170348" visible="true" version="1" changeset="139380379" timestamp="2023-08-03T08:24:45Z" user="chandrashekaru" uid="19582889" lat="26.8042830" lon="75.8809315"/>
 <node id="11096714100" visible="true" version="1" changeset="139555583" timestamp="2023-08-07T09:53:31Z" user="chandrashekaru" uid="19582889" lat="26.8068244" lon="75.8689631"/>
 <node id="11096714101" visible="true" version="1" changeset="139555583" timestamp="2023-08-07T09:53:31Z" user="chandrashekaru" uid="19582889" lat="26.8064716" lon="75.8689547"/>
 <node id="11096714102" visible="true" version="1" changeset="139555583" timestamp="2023-08-07T09:53:31Z" user="chandrashekaru" uid="19582889" lat="26.8067982" lon="75.8696658"/>
 <node id="11096714103" visible="true" version="1" changeset="139555583" timestamp="2023-08-07T09:53:31Z" user="chandrashekaru" uid="19582889" lat="26.8068811" lon="75.8689642">
  <tag k="access" v="private"/>
  <tag k="barrier" v="gate"/>
 </node>
 <node id="11096714104" visible="true" version="1" changeset="139555583" timestamp="2023-08-07T09:53:31Z" user="chandrashekaru" uid="19582889" lat="26.8055745" lon="75.8686738">
  <tag k="access" v="private"/>
  <tag k="barrier" v="gate"/>
 </node>
 <node id="11096736025" visible="true" version="1" changeset="139556229" timestamp="2023-08-07T10:06:57Z" user="chandrashekaru" uid="19582889" lat="26.8036697" lon="75.8717003"/>
 <node id="11096736026" visible="true" version="1" changeset="139556229" timestamp="2023-08-07T10:06:57Z" user="chandrashekaru" uid="19582889" lat="26.8036641" lon="75.8724710"/>
 <node id="11096743570" visible="true" version="1" changeset="139556328" timestamp="2023-08-07T10:09:11Z" user="chandrashekaru" uid="19582889" lat="26.8030779" lon="75.8673667"/>
 <node id="11096752267" visible="true" version="1" changeset="139557254" timestamp="2023-08-07T10:30:47Z" user="chandrashekaru" uid="19582889" lat="26.7989587" lon="75.8558835"/>
 <node id="11096752268" visible="true" version="1" changeset="139557254" timestamp="2023-08-07T10:30:47Z" user="chandrashekaru" uid="19582889" lat="26.7996700" lon="75.8557182"/>
 <node id="11096752269" visible="true" version="1" changeset="139557254" timestamp="2023-08-07T10:30:47Z" user="chandrashekaru" uid="19582889" lat="26.7996078" lon="75.8555335"/>
 <node id="11096752270" visible="true" version="1" changeset="139557254" timestamp="2023-08-07T10:30:47Z" user="chandrashekaru" uid="19582889" lat="26.7993607" lon="75.8548062"/>
 <node id="11096752271" visible="true" version="1" changeset="139557254" timestamp="2023-08-07T10:30:47Z" user="chandrashekaru" uid="19582889" lat="26.8001705" lon="75.8556410"/>
 <node id="11096752272" visible="true" version="1" changeset="139557254" timestamp="2023-08-07T10:30:47Z" user="chandrashekaru" uid="19582889" lat="26.8001497" lon="75.8556138"/>
 <node id="11096754355" visible="true" version="1" changeset="139556437" timestamp="2023-08-07T10:11:51Z" user="chandrashekaru" uid="19582889" lat="26.8006385" lon="75.8642741"/>
 <node id="11096754356" visible="true" version="1" changeset="139556437" timestamp="2023-08-07T10:11:51Z" user="chandrashekaru" uid="19582889" lat="26.8004225" lon="75.8642463"/>
 <node id="11096758475" visible="true" version="1" changeset="139556735" timestamp="2023-08-07T10:19:19Z" user="chandrashekaru" uid="19582889" lat="26.7981263" lon="75.8605262"/>
 <node id="11096762307" visible="true" version="1" changeset="139556667" timestamp="2023-08-07T10:17:25Z" user="chandrashekaru" uid="19582889" lat="26.8011960" lon="75.8618626"/>
 <node id="11096762308" visible="true" version="1" changeset="139556667" timestamp="2023-08-07T10:17:25Z" user="chandrashekaru" uid="19582889" lat="26.8003516" lon="75.8618190"/>
 <node id="11096762309" visible="true" version="1" changeset="139556667" timestamp="2023-08-07T10:17:25Z" user="chandrashekaru" uid="19582889" lat="26.8004540" lon="75.8618256">
  <tag k="barrier" v="lift_gate"/>
 </node>
 <node id="11096766143" visible="true" version="1" changeset="139556493" timestamp="2023-08-07T10:13:13Z" user="chandrashekaru" uid="19582889" lat="26.7997639" lon="75.8646548"/>
 <node id="11096766144" visible="true" version="1" changeset="139556493" timestamp="2023-08-07T10:13:13Z" user="chandrashekaru" uid="19582889" lat="26.8003691" lon="75.8647328"/>
 <node id="11096766145" visible="true" version="1" changeset="139556493" timestamp="2023-08-07T10:13:13Z" user="chandrashekaru" uid="19582889" lat="26.8008991" lon="75.8647928"/>
 <node id="11098786525" visible="true" version="1" changeset="139593699" timestamp="2023-08-08T05:22:53Z" user="arshadnawaz" uid="19368668" lat="26.7942956" lon="75.8685833"/>
 <node id="11098786532" visible="true" version="1" changeset="139593699" timestamp="2023-08-08T05:22:53Z" user="arshadnawaz" uid="19368668" lat="26.7932925" lon="75.8680882"/>
 <node id="11149949202" visible="true" version="1" changeset="140487875" timestamp="2023-08-28T10:34:01Z" user="mithungowda" uid="19554676" lat="26.8027246" lon="75.8570763"/>
 <node id="11149949203" visible="true" version="2" changeset="141716494" timestamp="2023-09-25T07:17:16Z" user="manojnobi" uid="19376976" lat="26.8026115" lon="75.8571123"/>
 <node id="11149949204" visible="true" version="2" changeset="141716494" timestamp="2023-09-25T07:17:16Z" user="manojnobi" uid="19376976" lat="26.8024572" lon="75.8565464"/>
 <node id="11149969505" visible="true" version="1" changeset="140487875" timestamp="2023-08-28T10:34:01Z" user="mithungowda" uid="19554676" lat="26.8026008" lon="75.8564636"/>
 <node id="11149969506" visible="true" version="2" changeset="141716494" timestamp="2023-09-25T07:17:16Z" user="manojnobi" uid="19376976" lat="26.8025076" lon="75.8565239">
  <tag k="access" v="private"/>
  <tag k="barrier" v="gate"/>
 </node>
 <node id="11149969507" visible="true" version="2" changeset="141716494" timestamp="2023-09-25T07:17:16Z" user="manojnobi" uid="19376976" lat="26.8026521" lon="75.8570997">
  <tag k="access" v="private"/>
  <tag k="barrier" v="gate"/>
 </node>
 <node id="11211496929" visible="true" version="1" changeset="141631780" timestamp="2023-09-23T07:36:42Z" user="sakeebhussain" uid="19368709" lat="26.8035273" lon="75.8686187"/>
 <node id="11211496930" visible="true" version="1" changeset="141631780" timestamp="2023-09-23T07:36:42Z" user="sakeebhussain" uid="19368709" lat="26.8035503" lon="75.8675569"/>
 <node id="11211496931" visible="true" version="1" changeset="141631780" timestamp="2023-09-23T07:36:42Z" user="sakeebhussain" uid="19368709" lat="26.8042740" lon="75.8675746"/>
 <node id="11211496932" visible="true" version="1" changeset="141631780" timestamp="2023-09-23T07:36:42Z" user="sakeebhussain" uid="19368709" lat="26.8042646" lon="75.8686427"/>
 <node id="11211496933" visible="true" version="1" changeset="141631780" timestamp="2023-09-23T07:36:42Z" user="sakeebhussain" uid="19368709" lat="26.8035127" lon="75.8681455"/>
 <node id="11211496934" visible="true" version="1" changeset="141631780" timestamp="2023-09-23T07:36:42Z" user="sakeebhussain" uid="19368709" lat="26.8032606" lon="75.8681398"/>
 <node id="11211496935" visible="true" version="1" changeset="141631780" timestamp="2023-09-23T07:36:42Z" user="sakeebhussain" uid="19368709" lat="26.8034742" lon="75.8680482">
  <tag k="access" v="private"/>
  <tag k="barrier" v="gate"/>
 </node>
 <node id="11211496936" visible="true" version="1" changeset="141631780" timestamp="2023-09-23T07:36:42Z" user="sakeebhussain" uid="19368709" lat="26.8034743" lon="75.8681446">
  <tag k="access" v="private"/>
  <tag k="barrier" v="gate"/>
 </node>
 <node id="11211813437" visible="true" version="1" changeset="141631780" timestamp="2023-09-23T07:36:42Z" user="sakeebhussain" uid="19368709" lat="26.8039386" lon="75.8686452"/>
 <node id="11211813438" visible="true" version="1" changeset="141631780" timestamp="2023-09-23T07:36:42Z" user="sakeebhussain" uid="19368709" lat="26.8039353" lon="75.8683391"/>
 <node id="11211813439" visible="true" version="1" changeset="141631780" timestamp="2023-09-23T07:36:42Z" user="sakeebhussain" uid="19368709" lat="26.8039315" lon="75.8683122"/>
 <node id="11211813440" visible="true" version="1" changeset="141631780" timestamp="2023-09-23T07:36:42Z" user="sakeebhussain" uid="19368709" lat="26.8039002" lon="75.8682938"/>
 <node id="11211813441" visible="true" version="1" changeset="141631780" timestamp="2023-09-23T07:36:42Z" user="sakeebhussain" uid="19368709" lat="26.8035106" lon="75.8682704"/>
 <node id="11211813442" visible="true" version="1" changeset="141631780" timestamp="2023-09-23T07:36:42Z" user="sakeebhussain" uid="19368709" lat="26.8039167" lon="75.8682993"/>
 <node id="11217288761" visible="true" version="1" changeset="141716494" timestamp="2023-09-25T07:17:16Z" user="manojnobi" uid="19376976" lat="26.8025879" lon="75.8571040"/>
 <node id="11217288762" visible="true" version="1" changeset="141716494" timestamp="2023-09-25T07:17:16Z" user="manojnobi" uid="19376976" lat="26.8024456" lon="75.8565673"/>
 <node id="11217288763" visible="true" version="1" changeset="141716494" timestamp="2023-09-25T07:17:16Z" user="manojnobi" uid="19376976" lat="26.8026067" lon="75.8564929"/>
 <node id="11224277734" visible="true" version="1" changeset="141847685" timestamp="2023-09-28T06:07:08Z" user="nileshbarawkar" uid="16275544" lat="26.8016836" lon="75.8679510"/>
 <node id="11224277735" visible="true" version="1" changeset="141847685" timestamp="2023-09-28T06:07:08Z" user="nileshbarawkar" uid="16275544" lat="26.8019945" lon="75.8696260"/>
 <node id="11224277736" visible="true" version="1" changeset="141847685" timestamp="2023-09-28T06:07:08Z" user="nileshbarawkar" uid="16275544" lat="26.7994014" lon="75.8657246"/>
 <node id="11224325710" visible="true" version="1" changeset="141847559" timestamp="2023-09-28T06:02:11Z" user="nileshbarawkar" uid="16275544" lat="26.7986011" lon="75.8668811"/>
 <node id="11224325711" visible="true" version="1" changeset="141847559" timestamp="2023-09-28T06:02:11Z" user="nileshbarawkar" uid="16275544" lat="26.7977655" lon="75.8667365"/>
 <node id="11224325712" visible="true" version="1" changeset="141847559" timestamp="2023-09-28T06:02:11Z" user="nileshbarawkar" uid="16275544" lat="26.7984833" lon="75.8672290"/>
 <node id="11224325713" visible="true" version="1" changeset="141847559" timestamp="2023-09-28T06:02:11Z" user="nileshbarawkar" uid="16275544" lat="26.7977297" lon="75.8671034"/>
 <node id="11224325714" visible="true" version="1" changeset="141847559" timestamp="2023-09-28T06:02:11Z" user="nileshbarawkar" uid="16275544" lat="26.7992303" lon="75.8698759"/>
 <node id="11224325715" visible="true" version="1" changeset="141847559" timestamp="2023-09-28T06:02:11Z" user="nileshbarawkar" uid="16275544" lat="26.7995187" lon="75.8699603"/>
 <node id="11224325716" visible="true" version="1" changeset="141847559" timestamp="2023-09-28T06:02:11Z" user="nileshbarawkar" uid="16275544" lat="26.7994663" lon="75.8701880"/>
 <node id="11224325717" visible="true" version="1" changeset="141847559" timestamp="2023-09-28T06:02:11Z" user="nileshbarawkar" uid="16275544" lat="26.7979771" lon="75.8698623"/>
 <node id="11224325718" visible="true" version="1" changeset="141847559" timestamp="2023-09-28T06:02:11Z" user="nileshbarawkar" uid="16275544" lat="26.7995828" lon="75.8699765"/>
 <node id="11224325719" visible="true" version="1" changeset="141847559" timestamp="2023-09-28T06:02:11Z" user="nileshbarawkar" uid="16275544" lat="26.7981075" lon="75.8698920">
  <tag k="access" v="private"/>
  <tag k="barrier" v="gate"/>
 </node>
 <node id="11224325720" visible="true" version="1" changeset="141847559" timestamp="2023-09-28T06:02:11Z" user="nileshbarawkar" uid="16275544" lat="26.7995508" lon="75.8699684">
  <tag k="access" v="private"/>
  <tag k="barrier" v="gate"/>
 </node>
 <node id="11224325721" visible="true" version="2" changeset="141847685" timestamp="2023-09-28T06:07:08Z" user="nileshbarawkar" uid="16275544" lat="26.7993674" lon="75.8678735"/>
 <node id="11224325722" visible="true" version="1" changeset="141847559" timestamp="2023-09-28T06:02:11Z" user="nileshbarawkar" uid="16275544" lat="26.7992627" lon="75.8685454"/>
 <node id="11224325723" visible="true" version="1" changeset="141847559" timestamp="2023-09-28T06:02:11Z" user="nileshbarawkar" uid="16275544" lat="26.8007356" lon="75.8708934"/>
 <node id="11224325724" visible="true" version="1" changeset="141847559" timestamp="2023-09-28T06:02:11Z" user="nileshbarawkar" uid="16275544" lat="26.8003325" lon="75.8706951"/>
 <node id="11224325725" visible="true" version="1" changeset="141847559" timestamp="2023-09-28T06:02:11Z" user="nileshbarawkar" uid="16275544" lat="26.8008479" lon="75.8704226"/>
 <node id="11224325726" visible="true" version="1" changeset="141847559" timestamp="2023-09-28T06:02:11Z" user="nileshbarawkar" uid="16275544" lat="26.8003128" lon="75.8702912"/>
 <node id="11224325727" visible="true" version="1" changeset="141847559" timestamp="2023-09-28T06:02:11Z" user="nileshbarawkar" uid="16275544" lat="26.8001548" lon="75.8698135"/>
 <node id="11224325728" visible="true" version="1" changeset="141847559" timestamp="2023-09-28T06:02:11Z" user="nileshbarawkar" uid="16275544" lat="26.8000965" lon="75.8701223"/>
 <node id="11224325729" visible="true" version="1" changeset="141847559" timestamp="2023-09-28T06:02:11Z" user="nileshbarawkar" uid="16275544" lat="26.8025623" lon="75.8718647"/>
 <node id="11224344737" visible="true" version="1" changeset="141847685" timestamp="2023-09-28T06:07:08Z" user="nileshbarawkar" uid="16275544" lat="26.8006916" lon="75.8657994"/>
 <node id="11224344738" visible="true" version="1" changeset="141847685" timestamp="2023-09-28T06:07:08Z" user="nileshbarawkar" uid="16275544" lat="26.7986839" lon="75.8689060"/>
 <node id="11224356673" visible="true" version="1" changeset="141848356" timestamp="2023-09-28T06:26:24Z" user="nileshbarawkar" uid="16275544" lat="26.7913798" lon="75.8671440"/>
 <node id="11373044499" visible="true" version="1" changeset="144402573" timestamp="2023-11-24T10:42:59Z" user="syedk" uid="19820024" lat="26.8057962" lon="75.8571890"/>
 <node id="11373044500" visible="true" version="1" changeset="144402573" timestamp="2023-11-24T10:42:59Z" user="syedk" uid="19820024" lat="26.8042533" lon="75.8579048"/>
 <node id="11575875514" visible="true" version="1" changeset="146933900" timestamp="2024-02-01T07:29:37Z" user="pavithralashu" uid="19574787" lat="26.8209284" lon="75.8746284"/>
 <node id="11578131801" visible="true" version="1" changeset="146970111" timestamp="2024-02-02T05:01:07Z" user="mansoorkhankhan" uid="19574799" lat="26.8036465" lon="75.8726156"/>
 <node id="11578131802" visible="true" version="1" changeset="146970111" timestamp="2024-02-02T05:01:07Z" user="mansoorkhankhan" uid="19574799" lat="26.8036127" lon="75.8727014"/>
 <node id="11578131803" visible="true" version="1" changeset="146970111" timestamp="2024-02-02T05:01:07Z" user="mansoorkhankhan" uid="19574799" lat="26.8034902" lon="75.8729235"/>
 <node id="11578131804" visible="true" version="1" changeset="146970111" timestamp="2024-02-02T05:01:07Z" user="mansoorkhankhan" uid="19574799" lat="26.8036763" lon="75.8713329"/>
 <node id="11578131805" visible="true" version="1" changeset="146970111" timestamp="2024-02-02T05:01:07Z" user="mansoorkhankhan" uid="19574799" lat="26.8041765" lon="75.8713314"/>
 <node id="11578131806" visible="true" version="1" changeset="146970111" timestamp="2024-02-02T05:01:07Z" user="mansoorkhankhan" uid="19574799" lat="26.8036688" lon="75.8718196"/>
 <node id="11578131807" visible="true" version="1" changeset="146970111" timestamp="2024-02-02T05:01:07Z" user="mansoorkhankhan" uid="19574799" lat="26.8041443" lon="75.8718162"/>
 <node id="11578131808" visible="true" version="1" changeset="146970111" timestamp="2024-02-02T05:01:07Z" user="mansoorkhankhan" uid="19574799" lat="26.8036654" lon="75.8722926"/>
 <node id="11578152489" visible="true" version="1" changeset="146970283" timestamp="2024-02-02T05:10:11Z" user="mansoorkhankhan" uid="19574799" lat="26.8046163" lon="75.8733625"/>
 <node id="11578180281" visible="true" version="1" changeset="146970427" timestamp="2024-02-02T05:17:17Z" user="mansoorkhankhan" uid="19574799" lat="26.8038375" lon="75.8688678"/>
 <node id="11578180282" visible="true" version="1" changeset="146970427" timestamp="2024-02-02T05:17:17Z" user="mansoorkhankhan" uid="19574799" lat="26.8038378" lon="75.8686415"/>
 <node id="11578180283" visible="true" version="1" changeset="146970427" timestamp="2024-02-02T05:17:17Z" user="mansoorkhankhan" uid="19574799" lat="26.8038377" lon="75.8687307">
  <tag k="access" v="private"/>
  <tag k="barrier" v="gate"/>
 </node>
 <node id="11578751877" visible="true" version="1" changeset="146981813" timestamp="2024-02-02T11:44:54Z" user="sambreen" uid="19574772" lat="26.8099402" lon="75.8605661"/>
 <node id="11578806297" visible="true" version="1" changeset="146982427" timestamp="2024-02-02T12:01:30Z" user="sambreen" uid="19574772" lat="26.8100386" lon="75.8611772"/>
 <node id="11578806298" visible="true" version="1" changeset="146982427" timestamp="2024-02-02T12:01:30Z" user="sambreen" uid="19574772" lat="26.8099576" lon="75.8613629"/>
 <node id="11578806299" visible="true" version="1" changeset="146982427" timestamp="2024-02-02T12:01:30Z" user="sambreen" uid="19574772" lat="26.8099712" lon="75.8613051"/>
 <node id="11578806300" visible="true" version="2" changeset="147213604" timestamp="2024-02-08T11:34:38Z" user="mithungowda" uid="19554676" lat="26.8081595" lon="75.8620901">
  <tag k="access" v="private"/>
  <tag k="barrier" v="gate"/>
 </node>
 <node id="11578806305" visible="true" version="2" changeset="147241587" timestamp="2024-02-09T05:21:26Z" user="nileshbarawkar" uid="16275544" lat="26.8081176" lon="75.8625604"/>
 <node id="11578806306" visible="true" version="1" changeset="146982650" timestamp="2024-02-02T12:08:07Z" user="sambreen" uid="19574772" lat="26.8068785" lon="75.8626332"/>
 <node id="11578806307" visible="true" version="1" changeset="146982650" timestamp="2024-02-02T12:08:07Z" user="sambreen" uid="19574772" lat="26.8068340" lon="75.8626376"/>
 <node id="11578806308" visible="true" version="1" changeset="146982650" timestamp="2024-02-02T12:08:07Z" user="sambreen" uid="19574772" lat="26.8067814" lon="75.8626403"/>
 <node id="11578806309" visible="true" version="1" changeset="146982650" timestamp="2024-02-02T12:08:07Z" user="sambreen" uid="19574772" lat="26.8067374" lon="75.8626249"/>
 <node id="11578806310" visible="true" version="1" changeset="146982650" timestamp="2024-02-02T12:08:07Z" user="sambreen" uid="19574772" lat="26.8067112" lon="75.8625854"/>
 <node id="11578806311" visible="true" version="1" changeset="146982650" timestamp="2024-02-02T12:08:07Z" user="sambreen" uid="19574772" lat="26.8066853" lon="75.8623325"/>
 <node id="11578806312" visible="true" version="1" changeset="146982650" timestamp="2024-02-02T12:08:07Z" user="sambreen" uid="19574772" lat="26.8066900" lon="75.8622799"/>
 <node id="11578806313" visible="true" version="1" changeset="146982650" timestamp="2024-02-02T12:08:07Z" user="sambreen" uid="19574772" lat="26.8067054" lon="75.8622331"/>
 <node id="11578806314" visible="true" version="1" changeset="146982650" timestamp="2024-02-02T12:08:07Z" user="sambreen" uid="19574772" lat="26.8067409" lon="75.8622117"/>
 <node id="11578806315" visible="true" version="1" changeset="146982650" timestamp="2024-02-02T12:08:07Z" user="sambreen" uid="19574772" lat="26.8068290" lon="75.8622044"/>
 <node id="11578806316" visible="true" version="1" changeset="146982650" timestamp="2024-02-02T12:08:07Z" user="sambreen" uid="19574772" lat="26.8080603" lon="75.8625590">
  <tag k="access" v="private"/>
  <tag k="barrier" v="gate"/>
 </node>
 <node id="11578852581" visible="true" version="3" changeset="147241587" timestamp="2024-02-09T05:21:26Z" user="nileshbarawkar" uid="16275544" lat="26.8076982" lon="75.8616234"/>
 <node id="11578870813" visible="true" version="1" changeset="146983092" timestamp="2024-02-02T12:21:42Z" user="sambreen" uid="19574772" lat="26.8057091" lon="75.8581640"/>
 <node id="11578870814" visible="true" version="1" changeset="146983092" timestamp="2024-02-02T12:21:42Z" user="sambreen" uid="19574772" lat="26.8059549" lon="75.8588660"/>
 <node id="11578892089" visible="true" version="1" changeset="146983037" timestamp="2024-02-02T12:19:43Z" user="sambreen" uid="19574772" lat="26.8068663" lon="75.8575948"/>
 <node id="11578892090" visible="true" version="1" changeset="146983037" timestamp="2024-02-02T12:19:43Z" user="sambreen" uid="19574772" lat="26.8074902" lon="75.8575572"/>
 <node id="11578892091" visible="true" version="1" changeset="146983037" timestamp="2024-02-02T12:19:43Z" user="sambreen" uid="19574772" lat="26.8071857" lon="75.8575756"/>
 <node id="11578892092" visible="true" version="1" changeset="146983037" timestamp="2024-02-02T12:19:43Z" user="sambreen" uid="19574772" lat="26.8072198" lon="75.8579535"/>
 <node id="11578911469" visible="true" version="1" changeset="146983251" timestamp="2024-02-02T12:27:34Z" user="sambreen" uid="19574772" lat="26.8031559" lon="75.8596254"/>
 <node id="11578911470" visible="true" version="1" changeset="146983251" timestamp="2024-02-02T12:27:34Z" user="sambreen" uid="19574772" lat="26.8031927" lon="75.8596515"/>
 <node id="11578911471" visible="true" version="1" changeset="146983251" timestamp="2024-02-02T12:27:34Z" user="sambreen" uid="19574772" lat="26.8032293" lon="75.8596764"/>
 <node id="11578911472" visible="true" version="1" changeset="146983251" timestamp="2024-02-02T12:27:34Z" user="sambreen" uid="19574772" lat="26.8032530" lon="75.8596866"/>
 <node id="11578911473" visible="true" version="1" changeset="146983251" timestamp="2024-02-02T12:27:34Z" user="sambreen" uid="19574772" lat="26.8032678" lon="75.8597032"/>
 <node id="11578911474" visible="true" version="1" changeset="146983251" timestamp="2024-02-02T12:27:34Z" user="sambreen" uid="19574772" lat="26.8032720" lon="75.8597269"/>
 <node id="11578911475" visible="true" version="1" changeset="146983251" timestamp="2024-02-02T12:27:34Z" user="sambreen" uid="19574772" lat="26.8032729" lon="75.8597574"/>
 <node id="11578911476" visible="true" version="1" changeset="146983251" timestamp="2024-02-02T12:27:34Z" user="sambreen" uid="19574772" lat="26.8032695" lon="75.8597843"/>
 <node id="11578911477" visible="true" version="1" changeset="146983251" timestamp="2024-02-02T12:27:34Z" user="sambreen" uid="19574772" lat="26.8032512" lon="75.8597991"/>
 <node id="11578911478" visible="true" version="1" changeset="146983251" timestamp="2024-02-02T12:27:34Z" user="sambreen" uid="19574772" lat="26.8032282" lon="75.8598026"/>
 <node id="11578911479" visible="true" version="1" changeset="146983251" timestamp="2024-02-02T12:27:34Z" user="sambreen" uid="19574772" lat="26.8031855" lon="75.8598095"/>
 <node id="11578911480" visible="true" version="1" changeset="146983251" timestamp="2024-02-02T12:27:34Z" user="sambreen" uid="19574772" lat="26.8031439" lon="75.8598225"/>
 <node id="11578911481" visible="true" version="1" changeset="146983251" timestamp="2024-02-02T12:27:34Z" user="sambreen" uid="19574772" lat="26.8031192" lon="75.8598338"/>
 <node id="11578911482" visible="true" version="1" changeset="146983251" timestamp="2024-02-02T12:27:34Z" user="sambreen" uid="19574772" lat="26.8030786" lon="75.8598578"/>
 <node id="11581644750" visible="true" version="2" changeset="147241587" timestamp="2024-02-09T05:21:26Z" user="nileshbarawkar" uid="16275544" lat="26.8077463" lon="75.8614042"/>
 <node id="11581644751" visible="true" version="2" changeset="147241587" timestamp="2024-02-09T05:21:26Z" user="nileshbarawkar" uid="16275544" lat="26.8076583" lon="75.8614397"/>
 <node id="11597789270" visible="true" version="1" changeset="147210226" timestamp="2024-02-08T10:04:32Z" user="mithungowda" uid="19554676" lat="26.8064949" lon="75.8733522"/>
 <node id="11597789271" visible="true" version="1" changeset="147210226" timestamp="2024-02-08T10:04:32Z" user="mithungowda" uid="19554676" lat="26.8065368" lon="75.8731676"/>
 <node id="11597789272" visible="true" version="1" changeset="147210226" timestamp="2024-02-08T10:04:32Z" user="mithungowda" uid="19554676" lat="26.8067774" lon="75.8720204"/>
 <node id="11597789273" visible="true" version="1" changeset="147210226" timestamp="2024-02-08T10:04:32Z" user="mithungowda" uid="19554676" lat="26.8069556" lon="75.8713237"/>
 <node id="11597789274" visible="true" version="1" changeset="147210226" timestamp="2024-02-08T10:04:32Z" user="mithungowda" uid="19554676" lat="26.8069985" lon="75.8711685"/>
 <node id="11597789275" visible="true" version="2" changeset="147210681" timestamp="2024-02-08T10:16:48Z" user="mithungowda" uid="19554676" lat="26.8070467" lon="75.8710152"/>
 <node id="11597789276" visible="true" version="1" changeset="147210226" timestamp="2024-02-08T10:04:32Z" user="mithungowda" uid="19554676" lat="26.8076169" lon="75.8700825"/>
 <node id="11597789277" visible="true" version="1" changeset="147210226" timestamp="2024-02-08T10:04:32Z" user="mithungowda" uid="19554676" lat="26.8081331" lon="75.8692292"/>
 <node id="11597789278" visible="true" version="1" changeset="147210226" timestamp="2024-02-08T10:04:32Z" user="mithungowda" uid="19554676" lat="26.8086367" lon="75.8684657"/>
 <node id="11597789279" visible="true" version="1" changeset="147210226" timestamp="2024-02-08T10:04:32Z" user="mithungowda" uid="19554676" lat="26.8091148" lon="75.8678177"/>
 <node id="11597789280" visible="true" version="1" changeset="147210226" timestamp="2024-02-08T10:04:32Z" user="mithungowda" uid="19554676" lat="26.8094676" lon="75.8672084"/>
 <node id="11597789281" visible="true" version="1" changeset="147210226" timestamp="2024-02-08T10:04:32Z" user="mithungowda" uid="19554676" lat="26.8096647" lon="75.8668172"/>
 <node id="11597789282" visible="true" version="2" changeset="147241587" timestamp="2024-02-09T05:21:26Z" user="nileshbarawkar" uid="16275544" lat="26.8100032" lon="75.8659481"/>
 <node id="11597789283" visible="true" version="1" changeset="147210226" timestamp="2024-02-08T10:04:32Z" user="mithungowda" uid="19554676" lat="26.8096007" lon="75.8669443"/>
 <node id="11597789284" visible="true" version="1" changeset="147210226" timestamp="2024-02-08T10:04:32Z" user="mithungowda" uid="19554676" lat="26.8088984" lon="75.8681110"/>
 <node id="11597789285" visible="true" version="1" changeset="147210226" timestamp="2024-02-08T10:04:32Z" user="mithungowda" uid="19554676" lat="26.8085359" lon="75.8686185"/>
 <node id="11597789286" visible="true" version="1" changeset="147210226" timestamp="2024-02-08T10:04:32Z" user="mithungowda" uid="19554676" lat="26.8079364" lon="75.8695544"/>
 <node id="11597789287" visible="true" version="1" changeset="147210226" timestamp="2024-02-08T10:04:32Z" user="mithungowda" uid="19554676" lat="26.8073386" lon="75.8705374"/>
 <node id="11597789289" visible="true" version="1" changeset="147210226" timestamp="2024-02-08T10:04:32Z" user="mithungowda" uid="19554676" lat="26.8081384" lon="75.8692211"/>
 <node id="11597803910" visible="true" version="1" changeset="147210828" timestamp="2024-02-08T10:20:22Z" user="mithungowda" uid="19554676" lat="26.8085084" lon="75.8684929"/>
 <node id="11597803911" visible="true" version="1" changeset="147210828" timestamp="2024-02-08T10:20:22Z" user="mithungowda" uid="19554676" lat="26.8084065" lon="75.8684539"/>
 <node id="11597803912" visible="true" version="1" changeset="147210828" timestamp="2024-02-08T10:20:22Z" user="mithungowda" uid="19554676" lat="26.8082940" lon="75.8684346"/>
 <node id="11597803913" visible="true" version="1" changeset="147210828" timestamp="2024-02-08T10:20:22Z" user="mithungowda" uid="19554676" lat="26.8079590" lon="75.8683995"/>
 <node id="11597803914" visible="true" version="1" changeset="147210828" timestamp="2024-02-08T10:20:22Z" user="mithungowda" uid="19554676" lat="26.8075762" lon="75.8683988"/>
 <node id="11597822961" visible="true" version="2" changeset="147241587" timestamp="2024-02-09T05:21:26Z" user="nileshbarawkar" uid="16275544" lat="26.8082924" lon="75.8628578"/>
 <node id="11597822962" visible="true" version="1" changeset="147211345" timestamp="2024-02-08T10:34:47Z" user="mithungowda" uid="19554676" lat="26.8081947" lon="75.8628801"/>
 <node id="11597822963" visible="true" version="1" changeset="147211345" timestamp="2024-02-08T10:34:47Z" user="mithungowda" uid="19554676" lat="26.8080733" lon="75.8628862"/>
 <node id="11597822964" visible="true" version="1" changeset="147211345" timestamp="2024-02-08T10:34:47Z" user="mithungowda" uid="19554676" lat="26.8079638" lon="75.8628907"/>
 <node id="11597822965" visible="true" version="1" changeset="147211345" timestamp="2024-02-08T10:34:47Z" user="mithungowda" uid="19554676" lat="26.8079170" lon="75.8629279"/>
 <node id="11597822966" visible="true" version="1" changeset="147211345" timestamp="2024-02-08T10:34:47Z" user="mithungowda" uid="19554676" lat="26.8079183" lon="75.8632057"/>
 <node id="11597822967" visible="true" version="1" changeset="147211345" timestamp="2024-02-08T10:34:47Z" user="mithungowda" uid="19554676" lat="26.8079286" lon="75.8632489"/>
 <node id="11597822968" visible="true" version="1" changeset="147211345" timestamp="2024-02-08T10:34:47Z" user="mithungowda" uid="19554676" lat="26.8079896" lon="75.8632777"/>
 <node id="11597838581" visible="true" version="1" changeset="147211013" timestamp="2024-02-08T10:25:59Z" user="mithungowda" uid="19554676" lat="26.8074299" lon="75.8677313"/>
 <node id="11597838582" visible="true" version="1" changeset="147211013" timestamp="2024-02-08T10:25:59Z" user="mithungowda" uid="19554676" lat="26.8082983" lon="75.8677717"/>
 <node id="11597838583" visible="true" version="1" changeset="147211013" timestamp="2024-02-08T10:25:59Z" user="mithungowda" uid="19554676" lat="26.8083490" lon="75.8677328"/>
 <node id="11597838584" visible="true" version="1" changeset="147211013" timestamp="2024-02-08T10:25:59Z" user="mithungowda" uid="19554676" lat="26.8084323" lon="75.8677298"/>
 <node id="11597838585" visible="true" version="1" changeset="147211013" timestamp="2024-02-08T10:25:59Z" user="mithungowda" uid="19554676" lat="26.8085258" lon="75.8677924"/>
 <node id="11597838586" visible="true" version="1" changeset="147211013" timestamp="2024-02-08T10:25:59Z" user="mithungowda" uid="19554676" lat="26.8086360" lon="75.8678881"/>
 <node id="11597838587" visible="true" version="1" changeset="147211013" timestamp="2024-02-08T10:25:59Z" user="mithungowda" uid="19554676" lat="26.8087122" lon="75.8679145"/>
 <node id="11597838588" visible="true" version="1" changeset="147211013" timestamp="2024-02-08T10:25:59Z" user="mithungowda" uid="19554676" lat="26.8088524" lon="75.8679659"/>
 <node id="11597869669" visible="true" version="1" changeset="147211345" timestamp="2024-02-08T10:34:47Z" user="mithungowda" uid="19554676" lat="26.8083147" lon="75.8633064"/>
 <node id="11597869670" visible="true" version="1" changeset="147211345" timestamp="2024-02-08T10:34:47Z" user="mithungowda" uid="19554676" lat="26.8083645" lon="75.8633006"/>
 <node id="11597869671" visible="true" version="1" changeset="147211345" timestamp="2024-02-08T10:34:47Z" user="mithungowda" uid="19554676" lat="26.8083706" lon="75.8632481"/>
 <node id="11597869672" visible="true" version="1" changeset="147211345" timestamp="2024-02-08T10:34:47Z" user="mithungowda" uid="19554676" lat="26.8083024" lon="75.8631007"/>
 <node id="11597869673" visible="true" version="1" changeset="147211345" timestamp="2024-02-08T10:34:47Z" user="mithungowda" uid="19554676" lat="26.8082095" lon="75.8629644"/>
 <node id="11597869674" visible="true" version="1" changeset="147211345" timestamp="2024-02-08T10:34:47Z" user="mithungowda" uid="19554676" lat="26.8081405" lon="75.8628828"/>
 <node id="11597869675" visible="true" version="2" changeset="147241587" timestamp="2024-02-09T05:21:26Z" user="nileshbarawkar" uid="16275544" lat="26.8083889" lon="75.8630218"/>
 <node id="11597869676" visible="true" version="1" changeset="147211345" timestamp="2024-02-08T10:34:47Z" user="mithungowda" uid="19554676" lat="26.8082803" lon="75.8630684"/>
 <node id="11597869677" visible="true" version="2" changeset="147241587" timestamp="2024-02-09T05:21:26Z" user="nileshbarawkar" uid="16275544" lat="26.8084931" lon="75.8631910"/>
 <node id="11597869678" visible="true" version="1" changeset="147211345" timestamp="2024-02-08T10:34:47Z" user="mithungowda" uid="19554676" lat="26.8082620" lon="75.8628643">
  <tag k="access" v="private"/>
  <tag k="barrier" v="gate"/>
  <tag k="locked" v="yes"/>
 </node>
 <node id="11597972200" visible="true" version="1" changeset="147213604" timestamp="2024-02-08T11:34:38Z" user="mithungowda" uid="19554676" lat="26.8101293" lon="75.8620360"/>
 <node id="11597972201" visible="true" version="1" changeset="147213604" timestamp="2024-02-08T11:34:38Z" user="mithungowda" uid="19554676" lat="26.8102805" lon="75.8621602"/>
 <node id="11597972202" visible="true" version="1" changeset="147213604" timestamp="2024-02-08T11:34:38Z" user="mithungowda" uid="19554676" lat="26.8103186" lon="75.8622576"/>
 <node id="11597972203" visible="true" version="1" changeset="147213604" timestamp="2024-02-08T11:34:38Z" user="mithungowda" uid="19554676" lat="26.8103047" lon="75.8623476"/>
 <node id="11597972204" visible="true" version="1" changeset="147213604" timestamp="2024-02-08T11:34:38Z" user="mithungowda" uid="19554676" lat="26.8102405" lon="75.8624614"/>
 <node id="11601278473" visible="true" version="1" changeset="147241546" timestamp="2024-02-09T05:18:19Z" user="subhankara" uid="19574788" lat="26.8046952" lon="75.8623839"/>
 <node id="11601278474" visible="true" version="1" changeset="147241546" timestamp="2024-02-09T05:18:19Z" user="subhankara" uid="19574788" lat="26.8046873" lon="75.8618683"/>
 <node id="11601291290" visible="true" version="1" changeset="147241587" timestamp="2024-02-09T05:21:26Z" user="nileshbarawkar" uid="16275544" lat="26.8082146" lon="75.8625091"/>
 <node id="11601291291" visible="true" version="1" changeset="147241587" timestamp="2024-02-09T05:21:26Z" user="nileshbarawkar" uid="16275544" lat="26.8085085" lon="75.8630371"/>
 <node id="11601291292" visible="true" version="1" changeset="147241587" timestamp="2024-02-09T05:21:26Z" user="nileshbarawkar" uid="16275544" lat="26.8090896" lon="75.8639102"/>
 <node id="11601291293" visible="true" version="1" changeset="147241587" timestamp="2024-02-09T05:21:26Z" user="nileshbarawkar" uid="16275544" lat="26.8093686" lon="75.8643273"/>
 <node id="11601291294" visible="true" version="1" changeset="147241587" timestamp="2024-02-09T05:21:26Z" user="nileshbarawkar" uid="16275544" lat="26.8096061" lon="75.8647825"/>
 <node id="11601291295" visible="true" version="1" changeset="147241587" timestamp="2024-02-09T05:21:26Z" user="nileshbarawkar" uid="16275544" lat="26.8096426" lon="75.8650803"/>
 <node id="11607244336" visible="true" version="1" changeset="147284255" timestamp="2024-02-10T08:44:05Z" user="olarumankhan" uid="19619725" lat="26.8008759" lon="75.8530789"/>
 <node id="11607244337" visible="true" version="1" changeset="147284255" timestamp="2024-02-10T08:44:05Z" user="olarumankhan" uid="19619725" lat="26.8010330" lon="75.8539229"/>
 <node id="11607251836" visible="true" version="1" changeset="147284182" timestamp="2024-02-10T08:40:36Z" user="olarumankhan" uid="19619725" lat="26.8001131" lon="75.8532523"/>
 <node id="11607251837" visible="true" version="1" changeset="147284182" timestamp="2024-02-10T08:40:36Z" user="olarumankhan" uid="19619725" lat="26.8001073" lon="75.8532803"/>
 <node id="11607251838" visible="true" version="1" changeset="147284182" timestamp="2024-02-10T08:40:36Z" user="olarumankhan" uid="19619725" lat="26.8001499" lon="75.8536428"/>
 <node id="11607293905" visible="true" version="1" changeset="147284217" timestamp="2024-02-10T08:42:30Z" user="olarumankhan" uid="19619725" lat="26.8004901" lon="75.8531663"/>
 <node id="11607293906" visible="true" version="1" changeset="147284217" timestamp="2024-02-10T08:42:30Z" user="olarumankhan" uid="19619725" lat="26.8006059" lon="75.8540168"/>
 <node id="11607299411" visible="true" version="1" changeset="147284751" timestamp="2024-02-10T09:02:05Z" user="olarumankhan" uid="19619725" lat="26.8006507" lon="75.8557519"/>
 <node id="11607393176" visible="true" version="1" changeset="147286187" timestamp="2024-02-10T09:58:48Z" user="olarumankhan" uid="19619725" lat="26.7968467" lon="75.8555149"/>
 <node id="11607395510" visible="true" version="1" changeset="147286011" timestamp="2024-02-10T09:51:19Z" user="olarumankhan" uid="19619725" lat="26.7962673" lon="75.8558041"/>
 <node id="11607405333" visible="true" version="1" changeset="147286214" timestamp="2024-02-10T10:00:10Z" user="olarumankhan" uid="19619725" lat="26.7970854" lon="75.8553966"/>
 <node id="11607409812" visible="true" version="1" changeset="147285940" timestamp="2024-02-10T09:48:52Z" user="olarumankhan" uid="19619725" lat="26.7960638" lon="75.8559146"/>
 <node id="11607424201" visible="true" version="1" changeset="147286167" timestamp="2024-02-10T09:57:49Z" user="olarumankhan" uid="19619725" lat="26.7965634" lon="75.8556538"/>
 <node id="11612616980" visible="true" version="1" changeset="147352112" timestamp="2024-02-12T05:51:49Z" user="subhankara" uid="19574788" lat="26.8039862" lon="75.8791064"/>
 <node id="11762755774" visible="true" version="1" changeset="149157296" timestamp="2024-03-26T04:09:53Z" user="olarumankhan" uid="19619725" lat="26.7996279" lon="75.8520341"/>
 <node id="11765710217" visible="true" version="1" changeset="149214118" timestamp="2024-03-27T08:48:14Z" user="jdananda" uid="19368656" lat="26.8177218" lon="75.8743962"/>
 <node id="11765770729" visible="true" version="1" changeset="149215549" timestamp="2024-03-27T09:26:57Z" user="mdtauhid" uid="19369851" lat="26.8174293" lon="75.8503387"/>
 <node id="11768650739" visible="true" version="1" changeset="149262191" timestamp="2024-03-28T10:39:48Z" user="jdananda" uid="19368656" lat="26.8024626" lon="75.8645099"/>
 <node id="11768650740" visible="true" version="1" changeset="149262191" timestamp="2024-03-28T10:39:48Z" user="jdananda" uid="19368656" lat="26.8014228" lon="75.8644943"/>
 <node id="11768650741" visible="true" version="1" changeset="149262191" timestamp="2024-03-28T10:39:48Z" user="jdananda" uid="19368656" lat="26.8012331" lon="75.8645044"/>
 <node id="11768650742" visible="true" version="1" changeset="149262191" timestamp="2024-03-28T10:39:48Z" user="jdananda" uid="19368656" lat="26.8010809" lon="75.8653173"/>
 <node id="11768650743" visible="true" version="1" changeset="149262191" timestamp="2024-03-28T10:39:48Z" user="jdananda" uid="19368656" lat="26.8025596" lon="75.8657811"/>
 <node id="11768687307" visible="true" version="1" changeset="149263485" timestamp="2024-03-28T11:11:47Z" user="jdananda" uid="19368656" lat="26.8078898" lon="75.8662079"/>
 <node id="11768687308" visible="true" version="1" changeset="149263485" timestamp="2024-03-28T11:11:47Z" user="jdananda" uid="19368656" lat="26.8078697" lon="75.8667423"/>
 <node id="11770989358" visible="true" version="1" changeset="149304461" timestamp="2024-03-29T10:18:03Z" user="mdtauhid" uid="19369851" lat="26.8208707" lon="75.8343447"/>
 <node id="11773037863" visible="true" version="1" changeset="149339270" timestamp="2024-03-30T06:57:33Z" user="manojnobi" uid="19376976" lat="26.8060875" lon="75.8570594"/>
 <node id="11773037864" visible="true" version="1" changeset="149339270" timestamp="2024-03-30T06:57:33Z" user="manojnobi" uid="19376976" lat="26.8063843" lon="75.8578792"/>
 <node id="11777732734" visible="true" version="1" changeset="149418821" timestamp="2024-04-01T07:05:11Z" user="jyothik" uid="19574771" lat="26.7977656" lon="75.8634969"/>
 <node id="11777732735" visible="true" version="1" changeset="149418821" timestamp="2024-04-01T07:05:11Z" user="jyothik" uid="19574771" lat="26.7977681" lon="75.8637122"/>
 <node id="11777732739" visible="true" version="1" changeset="149418821" timestamp="2024-04-01T07:05:11Z" user="jyothik" uid="19574771" lat="26.7976278" lon="75.8634893"/>
 <node id="11777732742" visible="true" version="1" changeset="149418821" timestamp="2024-04-01T07:05:11Z" user="jyothik" uid="19574771" lat="26.7984242" lon="75.8635234"/>
 <node id="11777732743" visible="true" version="1" changeset="149418821" timestamp="2024-04-01T07:05:11Z" user="jyothik" uid="19574771" lat="26.7984441" lon="75.8637998"/>
 <node id="11777732744" visible="true" version="1" changeset="149418821" timestamp="2024-04-01T07:05:11Z" user="jyothik" uid="19574771" lat="26.7984975" lon="75.8638614"/>
 <node id="11777732745" visible="true" version="1" changeset="149418821" timestamp="2024-04-01T07:05:11Z" user="jyothik" uid="19574771" lat="26.7985087" lon="75.8639301"/>
 <node id="11777732746" visible="true" version="1" changeset="149418821" timestamp="2024-04-01T07:05:11Z" user="jyothik" uid="19574771" lat="26.7984750" lon="75.8640848"/>
 <node id="11777732747" visible="true" version="1" changeset="149418821" timestamp="2024-04-01T07:05:11Z" user="jyothik" uid="19574771" lat="26.7984271" lon="75.8641084"/>
 <node id="11777732748" visible="true" version="1" changeset="149418821" timestamp="2024-04-01T07:05:11Z" user="jyothik" uid="19574771" lat="26.7981984" lon="75.8640632"/>
 <node id="11777732749" visible="true" version="1" changeset="149418821" timestamp="2024-04-01T07:05:11Z" user="jyothik" uid="19574771" lat="26.7984977" lon="75.8640135"/>
 <node id="11777732750" visible="true" version="1" changeset="149418821" timestamp="2024-04-01T07:05:11Z" user="jyothik" uid="19574771" lat="26.7981706" lon="75.8640581"/>
 <node id="11777732751" visible="true" version="1" changeset="149418821" timestamp="2024-04-01T07:05:11Z" user="jyothik" uid="19574771" lat="26.7981508" lon="75.8640804"/>
 <node id="11777732752" visible="true" version="1" changeset="149418821" timestamp="2024-04-01T07:05:11Z" user="jyothik" uid="19574771" lat="26.7981455" lon="75.8641206"/>
 <node id="11777732753" visible="true" version="1" changeset="149418821" timestamp="2024-04-01T07:05:11Z" user="jyothik" uid="19574771" lat="26.7981653" lon="75.8642608"/>
 <node id="11777732754" visible="true" version="1" changeset="149418821" timestamp="2024-04-01T07:05:11Z" user="jyothik" uid="19574771" lat="26.7982254" lon="75.8642893"/>
 <node id="11777732755" visible="true" version="1" changeset="149418821" timestamp="2024-04-01T07:05:11Z" user="jyothik" uid="19574771" lat="26.7982339" lon="75.8643204"/>
 <node id="11777732756" visible="true" version="1" changeset="149418821" timestamp="2024-04-01T07:05:11Z" user="jyothik" uid="19574771" lat="26.7980617" lon="75.8652369"/>
 <node id="11777732757" visible="true" version="1" changeset="149418821" timestamp="2024-04-01T07:05:11Z" user="jyothik" uid="19574771" lat="26.7979474" lon="75.8658248"/>
 <node id="11777732758" visible="true" version="1" changeset="149418821" timestamp="2024-04-01T07:05:11Z" user="jyothik" uid="19574771" lat="26.7979140" lon="75.8658440"/>
 <node id="11777732759" visible="true" version="1" changeset="149418821" timestamp="2024-04-01T07:05:11Z" user="jyothik" uid="19574771" lat="26.7978528" lon="75.8658414"/>
 <node id="11777732760" visible="true" version="1" changeset="149418821" timestamp="2024-04-01T07:05:11Z" user="jyothik" uid="19574771" lat="26.7975256" lon="75.8657562"/>
 <node id="11777732761" visible="true" version="1" changeset="149418821" timestamp="2024-04-01T07:05:11Z" user="jyothik" uid="19574771" lat="26.7970219" lon="75.8656328"/>
 <node id="11777732762" visible="true" version="1" changeset="149418821" timestamp="2024-04-01T07:05:11Z" user="jyothik" uid="19574771" lat="26.7969827" lon="75.8656000"/>
 <node id="11777732763" visible="true" version="1" changeset="149418821" timestamp="2024-04-01T07:05:11Z" user="jyothik" uid="19574771" lat="26.7969869" lon="75.8655427"/>
 <node id="11777732764" visible="true" version="1" changeset="149418821" timestamp="2024-04-01T07:05:11Z" user="jyothik" uid="19574771" lat="26.7971532" lon="75.8644069"/>
 <node id="11777732765" visible="true" version="1" changeset="149418821" timestamp="2024-04-01T07:05:11Z" user="jyothik" uid="19574771" lat="26.7971734" lon="75.8643916"/>
 <node id="11777732766" visible="true" version="1" changeset="149418821" timestamp="2024-04-01T07:05:11Z" user="jyothik" uid="19574771" lat="26.7972063" lon="75.8643850"/>
 <node id="11777732767" visible="true" version="1" changeset="149418821" timestamp="2024-04-01T07:05:11Z" user="jyothik" uid="19574771" lat="26.7974350" lon="75.8644320"/>
 <node id="11777732768" visible="true" version="1" changeset="149418821" timestamp="2024-04-01T07:05:11Z" user="jyothik" uid="19574771" lat="26.7972327" lon="75.8634731"/>
 <node id="11777744273" visible="true" version="1" changeset="149418821" timestamp="2024-04-01T07:05:11Z" user="jyothik" uid="19574771" lat="26.7984312" lon="75.8636209">
  <tag k="access" v="private"/>
  <tag k="barrier" v="gate"/>
 </node>
 <node id="11777744274" visible="true" version="1" changeset="149418821" timestamp="2024-04-01T07:05:11Z" user="jyothik" uid="19574771" lat="26.7978356" lon="75.8641979"/>
 <node id="11777744275" visible="true" version="1" changeset="149418821" timestamp="2024-04-01T07:05:11Z" user="jyothik" uid="19574771" lat="26.7981471" lon="75.8642315"/>
 <node id="11777744276" visible="true" version="1" changeset="149418821" timestamp="2024-04-01T07:05:11Z" user="jyothik" uid="19574771" lat="26.7981636" lon="75.8646945"/>
 <node id="11777744277" visible="true" version="1" changeset="149418821" timestamp="2024-04-01T07:05:11Z" user="jyothik" uid="19574771" lat="26.7977564" lon="75.8645962"/>
 <node id="11777744278" visible="true" version="1" changeset="149418821" timestamp="2024-04-01T07:05:11Z" user="jyothik" uid="19574771" lat="26.7980529" lon="75.8652825"/>
 <node id="11777744279" visible="true" version="1" changeset="149418821" timestamp="2024-04-01T07:05:11Z" user="jyothik" uid="19574771" lat="26.7976409" lon="75.8651768"/>
 <node id="11777744280" visible="true" version="1" changeset="149418821" timestamp="2024-04-01T07:05:11Z" user="jyothik" uid="19574771" lat="26.7984387" lon="75.8637240"/>
 <node id="11777744281" visible="true" version="1" changeset="149418821" timestamp="2024-04-01T07:05:11Z" user="jyothik" uid="19574771" lat="26.7970744" lon="75.8649448"/>
 <node id="12336590743" visible="true" version="1" changeset="159079477" timestamp="2024-11-13T07:48:19Z" user="Gupt Vrindavan Dham" uid="22173104" lat="26.8054504" lon="75.8556358">
  <tag k="addr:city" v="Jaipur"/>
  <tag k="addr:district" v="Rajasthan"/>
  <tag k="addr:housenumber" v="C6,"/>
  <tag k="addr:postcode" v="302017"/>
  <tag k="addr:street" v="Hare Krishna Marg, Jagatpura"/>
  <tag k="amenity" v="place_of_worship"/>
  <tag k="denomination" v="hindu"/>
  <tag k="description" v="Gupt Vrindavan Dham, located in the heart of Jaipur, Rajasthan, is the state's largest temple and cultural complex. Inspired by the vision of Srila Prabhupada, this majestic 17-story structure encompasses the grand temple of Sri Sri Krishna Balaram."/>
  <tag k="email" v="jaiput.harekrishna@gmail.com"/>
  <tag k="mobile" v="+919799999881"/>
  <tag k="name" v="Gupt Vrindavan Dham"/>
  <tag k="religion" v="hindu"/>
  <tag k="service_times" v="04:30 Am to 08:45 Pm"/>
  <tag k="website" v="https://guptvrindavandham.org/"/>
 </node>
 <node id="12586953870" visible="true" version="1" changeset="162489747" timestamp="2025-02-14T05:45:31Z" user="jyothik" uid="19574771" lat="26.8007024" lon="75.8582436"/>
 <node id="12586953871" visible="true" version="1" changeset="162489747" timestamp="2025-02-14T05:45:31Z" user="jyothik" uid="19574771" lat="26.8007925" lon="75.8586199"/>
 <node id="12586953872" visible="true" version="1" changeset="162489747" timestamp="2025-02-14T05:45:31Z" user="jyothik" uid="19574771" lat="26.8007909" lon="75.8586445"/>
 <node id="12586953873" visible="true" version="1" changeset="162489747" timestamp="2025-02-14T05:45:31Z" user="jyothik" uid="19574771" lat="26.8007797" lon="75.8586557"/>
 <node id="12586953874" visible="true" version="1" changeset="162489747" timestamp="2025-02-14T05:45:31Z" user="jyothik" uid="19574771" lat="26.8006870" lon="75.8586751"/>
 <node id="12586953875" visible="true" version="1" changeset="162489747" timestamp="2025-02-14T05:45:31Z" user="jyothik" uid="19574771" lat="26.8006679" lon="75.8586671"/>
 <node id="12586953876" visible="true" version="1" changeset="162489747" timestamp="2025-02-14T05:45:31Z" user="jyothik" uid="19574771" lat="26.8006583" lon="75.8586471"/>
 <node id="12586953877" visible="true" version="1" changeset="162489747" timestamp="2025-02-14T05:45:31Z" user="jyothik" uid="19574771" lat="26.8005508" lon="75.8582726"/>
 <node id="12586953878" visible="true" version="1" changeset="162489747" timestamp="2025-02-14T05:45:31Z" user="jyothik" uid="19574771" lat="26.8006837" lon="75.8581248"/>
 <node id="12586953879" visible="true" version="1" changeset="162489747" timestamp="2025-02-14T05:45:31Z" user="jyothik" uid="19574771" lat="26.8005230" lon="75.8581655"/>
 <node id="12635158696" visible="true" version="3" changeset="163189132" timestamp="2025-03-04T07:29:13Z" user="Glitch Probe Infotech" uid="22585263" lat="26.8034440" lon="75.8580340">
  <tag k="addr:city" v="Jaipur"/>
  <tag k="addr:district" v="Jaipur"/>
  <tag k="addr:postcode" v="302017"/>
  <tag k="addr:street" v="1st floor, 112-113 , Above Govindam Sweets, Near Akshaya Patra Chauraha, Jagatpura, Jaipur, Raj. 302017"/>
  <tag k="company" v="software_development"/>
  <tag k="fixme" v="Here is a company called Glitch Probe Infotech, a software development company"/>
  <tag k="name" v="Glitch Probe Infotech"/>
  <tag k="website" v="https://glitchprobe.com/"/>
 </node>
 <node id="12839278882" visible="true" version="1" changeset="166288227" timestamp="2025-05-15T07:01:26Z" user="Bala1991" uid="18673267" lat="26.8038659" lon="75.8711036"/>
 <node id="12839278883" visible="true" version="1" changeset="166288227" timestamp="2025-05-15T07:01:26Z" user="Bala1991" uid="18673267" lat="26.8038650" lon="75.8712814"/>
 <node id="12839278884" visible="true" version="1" changeset="166288227" timestamp="2025-05-15T07:01:26Z" user="Bala1991" uid="18673267" lat="26.8038089" lon="75.8712810"/>
 <node id="12839278885" visible="true" version="1" changeset="166288227" timestamp="2025-05-15T07:01:26Z" user="Bala1991" uid="18673267" lat="26.8038098" lon="75.8711033"/>
 <node id="12839278886" visible="true" version="1" changeset="166288227" timestamp="2025-05-15T07:01:26Z" user="Bala1991" uid="18673267" lat="26.8038014" lon="75.8711056"/>
 <node id="12839278887" visible="true" version="1" changeset="166288227" timestamp="2025-05-15T07:01:26Z" user="Bala1991" uid="18673267" lat="26.8038005" lon="75.8712834"/>
 <node id="12839278888" visible="true" version="1" changeset="166288227" timestamp="2025-05-15T07:01:26Z" user="Bala1991" uid="18673267" lat="26.8037444" lon="75.8712830"/>
 <node id="12839278889" visible="true" version="1" changeset="166288227" timestamp="2025-05-15T07:01:26Z" user="Bala1991" uid="18673267" lat="26.8037453" lon="75.8711053"/>
 <node id="12839278890" visible="true" version="1" changeset="166288227" timestamp="2025-05-15T07:01:26Z" user="Bala1991" uid="18673267" lat="26.8040227" lon="75.8711078"/>
 <node id="12839278891" visible="true" version="1" changeset="166288227" timestamp="2025-05-15T07:01:26Z" user="Bala1991" uid="18673267" lat="26.8040231" lon="75.8712855"/>
 <node id="12839278892" visible="true" version="1" changeset="166288227" timestamp="2025-05-15T07:01:26Z" user="Bala1991" uid="18673267" lat="26.8039761" lon="75.8712856"/>
 <node id="12839278893" visible="true" version="1" changeset="166288227" timestamp="2025-05-15T07:01:26Z" user="Bala1991" uid="18673267" lat="26.8039757" lon="75.8711079"/>
 <node id="12839278894" visible="true" version="1" changeset="166288227" timestamp="2025-05-15T07:01:26Z" user="Bala1991" uid="18673267" lat="26.8040755" lon="75.8711080"/>
 <node id="12839278895" visible="true" version="1" changeset="166288227" timestamp="2025-05-15T07:01:26Z" user="Bala1991" uid="18673267" lat="26.8040760" lon="75.8712857"/>
 <node id="12839278896" visible="true" version="1" changeset="166288227" timestamp="2025-05-15T07:01:26Z" user="Bala1991" uid="18673267" lat="26.8040290" lon="75.8712858"/>
 <node id="12839278897" visible="true" version="1" changeset="166288227" timestamp="2025-05-15T07:01:26Z" user="Bala1991" uid="18673267" lat="26.8040285" lon="75.8711081"/>
 <node id="12839278898" visible="true" version="1" changeset="166288227" timestamp="2025-05-15T07:01:26Z" user="Bala1991" uid="18673267" lat="26.8041272" lon="75.8711063"/>
 <node id="12839278899" visible="true" version="1" changeset="166288227" timestamp="2025-05-15T07:01:26Z" user="Bala1991" uid="18673267" lat="26.8041276" lon="75.8712840"/>
 <node id="12839278900" visible="true" version="1" changeset="166288227" timestamp="2025-05-15T07:01:26Z" user="Bala1991" uid="18673267" lat="26.8040806" lon="75.8712841"/>
 <node id="12839373201" visible="true" version="1" changeset="166288227" timestamp="2025-05-15T07:01:26Z" user="Bala1991" uid="18673267" lat="26.8040802" lon="75.8711064"/>
 <node id="12839373202" visible="true" version="1" changeset="166288227" timestamp="2025-05-15T07:01:26Z" user="Bala1991" uid="18673267" lat="26.8041789" lon="75.8711020"/>
 <node id="12839373203" visible="true" version="1" changeset="166288227" timestamp="2025-05-15T07:01:26Z" user="Bala1991" uid="18673267" lat="26.8041793" lon="75.8712797"/>
 <node id="12839373204" visible="true" version="1" changeset="166288227" timestamp="2025-05-15T07:01:26Z" user="Bala1991" uid="18673267" lat="26.8041323" lon="75.8712799"/>
 <node id="12839373205" visible="true" version="1" changeset="166288227" timestamp="2025-05-15T07:01:26Z" user="Bala1991" uid="18673267" lat="26.8041319" lon="75.8711022"/>
 <node id="12839373214" visible="true" version="1" changeset="166288227" timestamp="2025-05-15T07:01:26Z" user="Bala1991" uid="18673267" lat="26.8041934" lon="75.8664350"/>
 <node id="12839373215" visible="true" version="1" changeset="166288227" timestamp="2025-05-15T07:01:26Z" user="Bala1991" uid="18673267" lat="26.8041938" lon="75.8666127"/>
 <node id="12839373216" visible="true" version="1" changeset="166288227" timestamp="2025-05-15T07:01:26Z" user="Bala1991" uid="18673267" lat="26.8041468" lon="75.8666128"/>
 <node id="12839373217" visible="true" version="1" changeset="166288227" timestamp="2025-05-15T07:01:26Z" user="Bala1991" uid="18673267" lat="26.8041463" lon="75.8664351"/>
 <node id="12839373218" visible="true" version="1" changeset="166288227" timestamp="2025-05-15T07:01:26Z" user="Bala1991" uid="18673267" lat="26.8042429" lon="75.8664351"/>
 <node id="12839373219" visible="true" version="1" changeset="166288227" timestamp="2025-05-15T07:01:26Z" user="Bala1991" uid="18673267" lat="26.8042433" lon="75.8666128"/>
 <node id="12839373220" visible="true" version="1" changeset="166288227" timestamp="2025-05-15T07:01:26Z" user="Bala1991" uid="18673267" lat="26.8041963" lon="75.8666130"/>
 <node id="12839373221" visible="true" version="1" changeset="166288227" timestamp="2025-05-15T07:01:26Z" user="Bala1991" uid="18673267" lat="26.8041958" lon="75.8664353"/>
 <node id="12839373222" visible="true" version="1" changeset="166288227" timestamp="2025-05-15T07:01:26Z" user="Bala1991" uid="18673267" lat="26.8042912" lon="75.8664362"/>
 <node id="12839373223" visible="true" version="1" changeset="166288227" timestamp="2025-05-15T07:01:26Z" user="Bala1991" uid="18673267" lat="26.8042917" lon="75.8666139"/>
 <node id="12839373224" visible="true" version="1" changeset="166288227" timestamp="2025-05-15T07:01:26Z" user="Bala1991" uid="18673267" lat="26.8042447" lon="75.8666140"/>
 <node id="12839373225" visible="true" version="1" changeset="166288227" timestamp="2025-05-15T07:01:26Z" user="Bala1991" uid="18673267" lat="26.8042442" lon="75.8664363"/>
 <node id="12839373226" visible="true" version="1" changeset="166288227" timestamp="2025-05-15T07:01:26Z" user="Bala1991" uid="18673267" lat="26.8043391" lon="75.8664373"/>
 <node id="12839373227" visible="true" version="1" changeset="166288227" timestamp="2025-05-15T07:01:26Z" user="Bala1991" uid="18673267" lat="26.8043396" lon="75.8666150"/>
 <node id="12839373228" visible="true" version="1" changeset="166288227" timestamp="2025-05-15T07:01:26Z" user="Bala1991" uid="18673267" lat="26.8042926" lon="75.8666152"/>
 <node id="12839373229" visible="true" version="1" changeset="166288227" timestamp="2025-05-15T07:01:26Z" user="Bala1991" uid="18673267" lat="26.8042921" lon="75.8664375"/>
 <node id="12839373230" visible="true" version="1" changeset="166288227" timestamp="2025-05-15T07:01:26Z" user="Bala1991" uid="18673267" lat="26.8043866" lon="75.8664373"/>
 <node id="12839373231" visible="true" version="1" changeset="166288227" timestamp="2025-05-15T07:01:26Z" user="Bala1991" uid="18673267" lat="26.8043871" lon="75.8666150"/>
 <node id="12839373232" visible="true" version="1" changeset="166288227" timestamp="2025-05-15T07:01:26Z" user="Bala1991" uid="18673267" lat="26.8043401" lon="75.8666152"/>
 <node id="12839373233" visible="true" version="1" changeset="166288227" timestamp="2025-05-15T07:01:26Z" user="Bala1991" uid="18673267" lat="26.8043396" lon="75.8664375"/>
 <node id="12839373234" visible="true" version="1" changeset="166288227" timestamp="2025-05-15T07:01:26Z" user="Bala1991" uid="18673267" lat="26.8043700" lon="75.8669217"/>
 <node id="12839373235" visible="true" version="1" changeset="166288227" timestamp="2025-05-15T07:01:26Z" user="Bala1991" uid="18673267" lat="26.8042867" lon="75.8669208"/>
 <node id="12839373236" visible="true" version="1" changeset="166288227" timestamp="2025-05-15T07:01:26Z" user="Bala1991" uid="18673267" lat="26.8042851" lon="75.8670994"/>
 <node id="12839373237" visible="true" version="1" changeset="166288227" timestamp="2025-05-15T07:01:26Z" user="Bala1991" uid="18673267" lat="26.8043684" lon="75.8671004"/>
 <node id="12839373238" visible="true" version="1" changeset="166288227" timestamp="2025-05-15T07:01:26Z" user="Bala1991" uid="18673267" lat="26.8041587" lon="75.8669229"/>
 <node id="12839373239" visible="true" version="1" changeset="166288227" timestamp="2025-05-15T07:01:26Z" user="Bala1991" uid="18673267" lat="26.8040534" lon="75.8669223"/>
 <node id="12839373240" visible="true" version="1" changeset="166288227" timestamp="2025-05-15T07:01:26Z" user="Bala1991" uid="18673267" lat="26.8040525" lon="75.8670988"/>
 <node id="12839373241" visible="true" version="1" changeset="166288227" timestamp="2025-05-15T07:01:26Z" user="Bala1991" uid="18673267" lat="26.8041578" lon="75.8670994"/>
 <node id="12839373242" visible="true" version="1" changeset="166288227" timestamp="2025-05-15T07:01:26Z" user="Bala1991" uid="18673267" lat="26.8042769" lon="75.8669213"/>
 <node id="12839373243" visible="true" version="1" changeset="166288227" timestamp="2025-05-15T07:01:26Z" user="Bala1991" uid="18673267" lat="26.8041716" lon="75.8669207"/>
 <node id="12839373244" visible="true" version="1" changeset="166288227" timestamp="2025-05-15T07:01:26Z" user="Bala1991" uid="18673267" lat="26.8041708" lon="75.8670972"/>
 <node id="12839373245" visible="true" version="1" changeset="166288227" timestamp="2025-05-15T07:01:26Z" user="Bala1991" uid="18673267" lat="26.8042761" lon="75.8670978"/>
 <node id="12839373246" visible="true" version="1" changeset="166288227" timestamp="2025-05-15T07:01:26Z" user="Bala1991" uid="18673267" lat="26.8042769" lon="75.8667346"/>
 <node id="12839373247" visible="true" version="1" changeset="166288227" timestamp="2025-05-15T07:01:26Z" user="Bala1991" uid="18673267" lat="26.8041716" lon="75.8667340"/>
 <node id="12839373248" visible="true" version="1" changeset="166288227" timestamp="2025-05-15T07:01:26Z" user="Bala1991" uid="18673267" lat="26.8041708" lon="75.8669105"/>
 <node id="12839373249" visible="true" version="1" changeset="166288227" timestamp="2025-05-15T07:01:26Z" user="Bala1991" uid="18673267" lat="26.8042761" lon="75.8669111"/>
 <node id="12839373250" visible="true" version="1" changeset="166288227" timestamp="2025-05-15T07:01:26Z" user="Bala1991" uid="18673267" lat="26.8041591" lon="75.8667357"/>
 <node id="12839373251" visible="true" version="1" changeset="166288227" timestamp="2025-05-15T07:01:26Z" user="Bala1991" uid="18673267" lat="26.8040538" lon="75.8667351"/>
 <node id="12839373252" visible="true" version="1" changeset="166288227" timestamp="2025-05-15T07:01:26Z" user="Bala1991" uid="18673267" lat="26.8040530" lon="75.8669115"/>
 <node id="12839373253" visible="true" version="1" changeset="166288227" timestamp="2025-05-15T07:01:26Z" user="Bala1991" uid="18673267" lat="26.8041583" lon="75.8669122"/>
 <node id="12839373254" visible="true" version="1" changeset="166288227" timestamp="2025-05-15T07:01:26Z" user="Bala1991" uid="18673267" lat="26.8043639" lon="75.8667577"/>
 <node id="12839373255" visible="true" version="1" changeset="166288227" timestamp="2025-05-15T07:01:26Z" user="Bala1991" uid="18673267" lat="26.8042919" lon="75.8667565"/>
 <node id="12839373256" visible="true" version="1" changeset="166288227" timestamp="2025-05-15T07:01:26Z" user="Bala1991" uid="18673267" lat="26.8042897" lon="75.8669135"/>
 <node id="12839373257" visible="true" version="1" changeset="166288227" timestamp="2025-05-15T07:01:26Z" user="Bala1991" uid="18673267" lat="26.8043617" lon="75.8669147"/>
 <node id="12839373258" visible="true" version="1" changeset="166288227" timestamp="2025-05-15T07:01:26Z" user="Bala1991" uid="18673267" lat="26.8049080" lon="75.8701453"/>
 <node id="12839373259" visible="true" version="1" changeset="166288227" timestamp="2025-05-15T07:01:26Z" user="Bala1991" uid="18673267" lat="26.8047905" lon="75.8701379"/>
 <node id="12839373260" visible="true" version="1" changeset="166288227" timestamp="2025-05-15T07:01:26Z" user="Bala1991" uid="18673267" lat="26.8047856" lon="75.8702332"/>
 <node id="12839373261" visible="true" version="1" changeset="166288227" timestamp="2025-05-15T07:01:26Z" user="Bala1991" uid="18673267" lat="26.8049032" lon="75.8702407"/>
 <node id="12839373262" visible="true" version="1" changeset="166288227" timestamp="2025-05-15T07:01:26Z" user="Bala1991" uid="18673267" lat="26.8047826" lon="75.8701418"/>
 <node id="12839373263" visible="true" version="1" changeset="166288227" timestamp="2025-05-15T07:01:26Z" user="Bala1991" uid="18673267" lat="26.8046650" lon="75.8701344"/>
 <node id="12839373264" visible="true" version="1" changeset="166288227" timestamp="2025-05-15T07:01:26Z" user="Bala1991" uid="18673267" lat="26.8046602" lon="75.8702298"/>
 <node id="12839373265" visible="true" version="1" changeset="166288227" timestamp="2025-05-15T07:01:26Z" user="Bala1991" uid="18673267" lat="26.8047777" lon="75.8702372"/>
 <node id="12839373266" visible="true" version="1" changeset="166288227" timestamp="2025-05-15T07:01:26Z" user="Bala1991" uid="18673267" lat="26.8049111" lon="75.8700667"/>
 <node id="12839373267" visible="true" version="1" changeset="166288227" timestamp="2025-05-15T07:01:26Z" user="Bala1991" uid="18673267" lat="26.8047936" lon="75.8700585"/>
 <node id="12839373268" visible="true" version="1" changeset="166288227" timestamp="2025-05-15T07:01:26Z" user="Bala1991" uid="18673267" lat="26.8047896" lon="75.8701293"/>
 <node id="12839373269" visible="true" version="1" changeset="166288227" timestamp="2025-05-15T07:01:26Z" user="Bala1991" uid="18673267" lat="26.8049072" lon="75.8701375"/>
 <node id="12839373270" visible="true" version="1" changeset="166288227" timestamp="2025-05-15T07:01:26Z" user="Bala1991" uid="18673267" lat="26.8047867" lon="75.8700594"/>
 <node id="12839373271" visible="true" version="1" changeset="166288227" timestamp="2025-05-15T07:01:26Z" user="Bala1991" uid="18673267" lat="26.8046691" lon="75.8700513"/>
 <node id="12839373272" visible="true" version="1" changeset="166288227" timestamp="2025-05-15T07:01:26Z" user="Bala1991" uid="18673267" lat="26.8046652" lon="75.8701220"/>
 <node id="12839373273" visible="true" version="1" changeset="166288227" timestamp="2025-05-15T07:01:26Z" user="Bala1991" uid="18673267" lat="26.8047827" lon="75.8701302"/>
 <node id="12839373274" visible="true" version="1" changeset="166288227" timestamp="2025-05-15T07:01:26Z" user="Bala1991" uid="18673267" lat="26.8049164" lon="75.8699914"/>
 <node id="12839373275" visible="true" version="1" changeset="166288227" timestamp="2025-05-15T07:01:26Z" user="Bala1991" uid="18673267" lat="26.8047989" lon="75.8699833"/>
 <node id="12839373276" visible="true" version="1" changeset="166288227" timestamp="2025-05-15T07:01:26Z" user="Bala1991" uid="18673267" lat="26.8047950" lon="75.8700540"/>
 <node id="12839373277" visible="true" version="1" changeset="166288227" timestamp="2025-05-15T07:01:26Z" user="Bala1991" uid="18673267" lat="26.8049125" lon="75.8700622"/>
 <node id="12839373278" visible="true" version="1" changeset="166288227" timestamp="2025-05-15T07:01:26Z" user="Bala1991" uid="18673267" lat="26.8047920" lon="75.8699841"/>
 <node id="12839373279" visible="true" version="1" changeset="166288227" timestamp="2025-05-15T07:01:26Z" user="Bala1991" uid="18673267" lat="26.8046745" lon="75.8699760"/>
 <node id="12839373280" visible="true" version="1" changeset="166288227" timestamp="2025-05-15T07:01:26Z" user="Bala1991" uid="18673267" lat="26.8046706" lon="75.8700468"/>
 <node id="12839373281" visible="true" version="1" changeset="166288227" timestamp="2025-05-15T07:01:26Z" user="Bala1991" uid="18673267" lat="26.8047881" lon="75.8700549"/>
 <node id="12839373282" visible="true" version="1" changeset="166288227" timestamp="2025-05-15T07:01:26Z" user="Bala1991" uid="18673267" lat="26.8049225" lon="75.8699164"/>
 <node id="12839373283" visible="true" version="1" changeset="166288227" timestamp="2025-05-15T07:01:26Z" user="Bala1991" uid="18673267" lat="26.8048049" lon="75.8699082"/>
 <node id="12839373284" visible="true" version="1" changeset="166288227" timestamp="2025-05-15T07:01:26Z" user="Bala1991" uid="18673267" lat="26.8048010" lon="75.8699790"/>
 <node id="12839373285" visible="true" version="1" changeset="166288227" timestamp="2025-05-15T07:01:26Z" user="Bala1991" uid="18673267" lat="26.8049186" lon="75.8699871"/>
 <node id="12839373286" visible="true" version="1" changeset="166288227" timestamp="2025-05-15T07:01:26Z" user="Bala1991" uid="18673267" lat="26.8047980" lon="75.8699091"/>
 <node id="12839373287" visible="true" version="1" changeset="166288227" timestamp="2025-05-15T07:01:26Z" user="Bala1991" uid="18673267" lat="26.8046805" lon="75.8699009"/>
 <node id="12839373288" visible="true" version="1" changeset="166288227" timestamp="2025-05-15T07:01:26Z" user="Bala1991" uid="18673267" lat="26.8046766" lon="75.8699717"/>
 <node id="12839373289" visible="true" version="1" changeset="166288227" timestamp="2025-05-15T07:01:26Z" user="Bala1991" uid="18673267" lat="26.8047941" lon="75.8699799"/>
 <node id="12839373290" visible="true" version="1" changeset="166288227" timestamp="2025-05-15T07:01:26Z" user="Bala1991" uid="18673267" lat="26.8049255" lon="75.8698400"/>
 <node id="12839373291" visible="true" version="1" changeset="166288227" timestamp="2025-05-15T07:01:26Z" user="Bala1991" uid="18673267" lat="26.8048080" lon="75.8698319"/>
 <node id="12839373292" visible="true" version="1" changeset="166288227" timestamp="2025-05-15T07:01:26Z" user="Bala1991" uid="18673267" lat="26.8048041" lon="75.8699026"/>
 <node id="12839373293" visible="true" version="1" changeset="166288227" timestamp="2025-05-15T07:01:26Z" user="Bala1991" uid="18673267" lat="26.8049216" lon="75.8699108"/>
 <node id="12839373294" visible="true" version="1" changeset="166288227" timestamp="2025-05-15T07:01:26Z" user="Bala1991" uid="18673267" lat="26.8048011" lon="75.8698327"/>
 <node id="12839373295" visible="true" version="1" changeset="166288227" timestamp="2025-05-15T07:01:26Z" user="Bala1991" uid="18673267" lat="26.8046835" lon="75.8698246"/>
 <node id="12839373296" visible="true" version="1" changeset="166288227" timestamp="2025-05-15T07:01:26Z" user="Bala1991" uid="18673267" lat="26.8046796" lon="75.8698954"/>
 <node id="12839373297" visible="true" version="1" changeset="166288227" timestamp="2025-05-15T07:01:26Z" user="Bala1991" uid="18673267" lat="26.8047972" lon="75.8699035"/>
 <node id="12839373298" visible="true" version="1" changeset="166288227" timestamp="2025-05-15T07:01:26Z" user="Bala1991" uid="18673267" lat="26.8049273" lon="75.8697623"/>
 <node id="12839373299" visible="true" version="1" changeset="166288227" timestamp="2025-05-15T07:01:26Z" user="Bala1991" uid="18673267" lat="26.8048098" lon="75.8697541"/>
 <node id="12839373300" visible="true" version="1" changeset="166288227" timestamp="2025-05-15T07:01:26Z" user="Bala1991" uid="18673267" lat="26.8048059" lon="75.8698249"/>
 <node id="12839373301" visible="true" version="1" changeset="166288227" timestamp="2025-05-15T07:01:26Z" user="Bala1991" uid="18673267" lat="26.8049234" lon="75.8698330"/>
 <node id="12839373302" visible="true" version="1" changeset="166288227" timestamp="2025-05-15T07:01:26Z" user="Bala1991" uid="18673267" lat="26.8048029" lon="75.8697550"/>
 <node id="12839373303" visible="true" version="1" changeset="166288227" timestamp="2025-05-15T07:01:26Z" user="Bala1991" uid="18673267" lat="26.8046854" lon="75.8697468"/>
 <node id="12839373304" visible="true" version="1" changeset="166288227" timestamp="2025-05-15T07:01:26Z" user="Bala1991" uid="18673267" lat="26.8046814" lon="75.8698176"/>
 <node id="12839373305" visible="true" version="1" changeset="166288227" timestamp="2025-05-15T07:01:26Z" user="Bala1991" uid="18673267" lat="26.8047990" lon="75.8698258"/>
 <node id="12839373306" visible="true" version="1" changeset="166288227" timestamp="2025-05-15T07:01:26Z" user="Bala1991" uid="18673267" lat="26.8049327" lon="75.8696866"/>
 <node id="12839373307" visible="true" version="1" changeset="166288227" timestamp="2025-05-15T07:01:26Z" user="Bala1991" uid="18673267" lat="26.8048152" lon="75.8696784"/>
 <node id="12839373308" visible="true" version="1" changeset="166288227" timestamp="2025-05-15T07:01:26Z" user="Bala1991" uid="18673267" lat="26.8048113" lon="75.8697492"/>
 <node id="12839373309" visible="true" version="1" changeset="166288227" timestamp="2025-05-15T07:01:26Z" user="Bala1991" uid="18673267" lat="26.8049288" lon="75.8697573"/>
 <node id="12839373310" visible="true" version="1" changeset="166288227" timestamp="2025-05-15T07:01:26Z" user="Bala1991" uid="18673267" lat="26.8048083" lon="75.8696793"/>
 <node id="12839373311" visible="true" version="1" changeset="166288227" timestamp="2025-05-15T07:01:26Z" user="Bala1991" uid="18673267" lat="26.8046908" lon="75.8696711"/>
 <node id="12839373312" visible="true" version="1" changeset="166288227" timestamp="2025-05-15T07:01:26Z" user="Bala1991" uid="18673267" lat="26.8046869" lon="75.8697419"/>
 <node id="12839373313" visible="true" version="1" changeset="166288227" timestamp="2025-05-15T07:01:26Z" user="Bala1991" uid="18673267" lat="26.8048044" lon="75.8697501"/>
 <node id="12839373314" visible="true" version="1" changeset="166288227" timestamp="2025-05-15T07:01:26Z" user="Bala1991" uid="18673267" lat="26.8049448" lon="75.8696109"/>
 <node id="12839373315" visible="true" version="1" changeset="166288227" timestamp="2025-05-15T07:01:26Z" user="Bala1991" uid="18673267" lat="26.8048273" lon="75.8696027"/>
 <node id="12839373316" visible="true" version="1" changeset="166288227" timestamp="2025-05-15T07:01:26Z" user="Bala1991" uid="18673267" lat="26.8048234" lon="75.8696735"/>
 <node id="12839373317" visible="true" version="1" changeset="166288227" timestamp="2025-05-15T07:01:26Z" user="Bala1991" uid="18673267" lat="26.8049409" lon="75.8696817"/>
 <node id="12839373318" visible="true" version="1" changeset="166288227" timestamp="2025-05-15T07:01:26Z" user="Bala1991" uid="18673267" lat="26.8048204" lon="75.8696036"/>
 <node id="12839373319" visible="true" version="1" changeset="166288227" timestamp="2025-05-15T07:01:26Z" user="Bala1991" uid="18673267" lat="26.8047028" lon="75.8695955"/>
 <node id="12839373320" visible="true" version="1" changeset="166288227" timestamp="2025-05-15T07:01:26Z" user="Bala1991" uid="18673267" lat="26.8046989" lon="75.8696662"/>
 <node id="12839373321" visible="true" version="1" changeset="166288227" timestamp="2025-05-15T07:01:26Z" user="Bala1991" uid="18673267" lat="26.8048165" lon="75.8696744"/>
 <node id="12839373322" visible="true" version="1" changeset="166288227" timestamp="2025-05-15T07:01:26Z" user="Bala1991" uid="18673267" lat="26.8049466" lon="75.8695332"/>
 <node id="12839373323" visible="true" version="1" changeset="166288227" timestamp="2025-05-15T07:01:26Z" user="Bala1991" uid="18673267" lat="26.8048291" lon="75.8695250"/>
 <node id="12839373324" visible="true" version="1" changeset="166288227" timestamp="2025-05-15T07:01:26Z" user="Bala1991" uid="18673267" lat="26.8048252" lon="75.8695958"/>
 <node id="12839373325" visible="true" version="1" changeset="166288227" timestamp="2025-05-15T07:01:26Z" user="Bala1991" uid="18673267" lat="26.8049427" lon="75.8696039"/>
 <node id="12839373326" visible="true" version="1" changeset="166288227" timestamp="2025-05-15T07:01:26Z" user="Bala1991" uid="18673267" lat="26.8048222" lon="75.8695259"/>
 <node id="12839373327" visible="true" version="1" changeset="166288227" timestamp="2025-05-15T07:01:26Z" user="Bala1991" uid="18673267" lat="26.8047047" lon="75.8695177"/>
 <node id="12839373328" visible="true" version="1" changeset="166288227" timestamp="2025-05-15T07:01:26Z" user="Bala1991" uid="18673267" lat="26.8047007" lon="75.8695885"/>
 <node id="12839373329" visible="true" version="1" changeset="166288227" timestamp="2025-05-15T07:01:26Z" user="Bala1991" uid="18673267" lat="26.8048183" lon="75.8695966"/>
 <node id="12839373330" visible="true" version="1" changeset="166288227" timestamp="2025-05-15T07:01:26Z" user="Bala1991" uid="18673267" lat="26.8049508" lon="75.8694561"/>
 <node id="12839373331" visible="true" version="1" changeset="166288227" timestamp="2025-05-15T07:01:26Z" user="Bala1991" uid="18673267" lat="26.8048333" lon="75.8694480"/>
 <node id="12839373332" visible="true" version="1" changeset="166288227" timestamp="2025-05-15T07:01:26Z" user="Bala1991" uid="18673267" lat="26.8048294" lon="75.8695187"/>
 <node id="12839373333" visible="true" version="1" changeset="166288227" timestamp="2025-05-15T07:01:26Z" user="Bala1991" uid="18673267" lat="26.8049469" lon="75.8695269"/>
 <node id="12839373334" visible="true" version="1" changeset="166288227" timestamp="2025-05-15T07:01:26Z" user="Bala1991" uid="18673267" lat="26.8048264" lon="75.8694488"/>
 <node id="12839373335" visible="true" version="1" changeset="166288227" timestamp="2025-05-15T07:01:26Z" user="Bala1991" uid="18673267" lat="26.8047089" lon="75.8694407"/>
 <node id="12839373336" visible="true" version="1" changeset="166288227" timestamp="2025-05-15T07:01:26Z" user="Bala1991" uid="18673267" lat="26.8047050" lon="75.8695115"/>
 <node id="12839373337" visible="true" version="1" changeset="166288227" timestamp="2025-05-15T07:01:26Z" user="Bala1991" uid="18673267" lat="26.8048225" lon="75.8695196"/>
 <node id="12839373338" visible="true" version="1" changeset="166288227" timestamp="2025-05-15T07:01:26Z" user="Bala1991" uid="18673267" lat="26.8049526" lon="75.8693757"/>
 <node id="12839373339" visible="true" version="1" changeset="166288227" timestamp="2025-05-15T07:01:26Z" user="Bala1991" uid="18673267" lat="26.8048351" lon="75.8693675"/>
 <node id="12839373340" visible="true" version="1" changeset="166288227" timestamp="2025-05-15T07:01:26Z" user="Bala1991" uid="18673267" lat="26.8048312" lon="75.8694383"/>
 <node id="12839373341" visible="true" version="1" changeset="166288227" timestamp="2025-05-15T07:01:26Z" user="Bala1991" uid="18673267" lat="26.8049487" lon="75.8694464"/>
 <node id="12839373342" visible="true" version="1" changeset="166288227" timestamp="2025-05-15T07:01:26Z" user="Bala1991" uid="18673267" lat="26.8048282" lon="75.8693684"/>
 <node id="12839373343" visible="true" version="1" changeset="166288227" timestamp="2025-05-15T07:01:26Z" user="Bala1991" uid="18673267" lat="26.8047107" lon="75.8693602"/>
 <node id="12839373344" visible="true" version="1" changeset="166288227" timestamp="2025-05-15T07:01:26Z" user="Bala1991" uid="18673267" lat="26.8047068" lon="75.8694310"/>
 <node id="12839373345" visible="true" version="1" changeset="166288227" timestamp="2025-05-15T07:01:26Z" user="Bala1991" uid="18673267" lat="26.8048243" lon="75.8694392"/>
 <node id="12839373346" visible="true" version="1" changeset="166288227" timestamp="2025-05-15T07:01:26Z" user="Bala1991" uid="18673267" lat="26.8049556" lon="75.8693020"/>
 <node id="12839373347" visible="true" version="1" changeset="166288227" timestamp="2025-05-15T07:01:26Z" user="Bala1991" uid="18673267" lat="26.8048381" lon="75.8692939"/>
 <node id="12839373348" visible="true" version="1" changeset="166288227" timestamp="2025-05-15T07:01:26Z" user="Bala1991" uid="18673267" lat="26.8048342" lon="75.8693646"/>
 <node id="12839373349" visible="true" version="1" changeset="166288227" timestamp="2025-05-15T07:01:26Z" user="Bala1991" uid="18673267" lat="26.8049517" lon="75.8693728"/>
 <node id="12839373350" visible="true" version="1" changeset="166288227" timestamp="2025-05-15T07:01:26Z" user="Bala1991" uid="18673267" lat="26.8048312" lon="75.8692947"/>
 <node id="12839373351" visible="true" version="1" changeset="166288227" timestamp="2025-05-15T07:01:26Z" user="Bala1991" uid="18673267" lat="26.8047137" lon="75.8692866"/>
 <node id="12839373352" visible="true" version="1" changeset="166288227" timestamp="2025-05-15T07:01:26Z" user="Bala1991" uid="18673267" lat="26.8047098" lon="75.8693574"/>
 <node id="12839373353" visible="true" version="1" changeset="166288227" timestamp="2025-05-15T07:01:26Z" user="Bala1991" uid="18673267" lat="26.8048273" lon="75.8693655"/>
 <node id="12839373354" visible="true" version="1" changeset="166288227" timestamp="2025-05-15T07:01:26Z" user="Bala1991" uid="18673267" lat="26.8049683" lon="75.8692236"/>
 <node id="12839373355" visible="true" version="1" changeset="166288227" timestamp="2025-05-15T07:01:26Z" user="Bala1991" uid="18673267" lat="26.8048508" lon="75.8692155"/>
 <node id="12839373356" visible="true" version="1" changeset="166288227" timestamp="2025-05-15T07:01:26Z" user="Bala1991" uid="18673267" lat="26.8048469" lon="75.8692862"/>
 <node id="12839373357" visible="true" version="1" changeset="166288227" timestamp="2025-05-15T07:01:26Z" user="Bala1991" uid="18673267" lat="26.8049644" lon="75.8692944"/>
 <node id="12839373358" visible="true" version="1" changeset="166288227" timestamp="2025-05-15T07:01:26Z" user="Bala1991" uid="18673267" lat="26.8048439" lon="75.8692163"/>
 <node id="12839373359" visible="true" version="1" changeset="166288227" timestamp="2025-05-15T07:01:26Z" user="Bala1991" uid="18673267" lat="26.8047264" lon="75.8692082"/>
 <node id="12839373360" visible="true" version="1" changeset="166288227" timestamp="2025-05-15T07:01:26Z" user="Bala1991" uid="18673267" lat="26.8047225" lon="75.8692790"/>
 <node id="12839373361" visible="true" version="1" changeset="166288227" timestamp="2025-05-15T07:01:26Z" user="Bala1991" uid="18673267" lat="26.8048400" lon="75.8692871"/>
 <node id="12839373362" visible="true" version="1" changeset="166288227" timestamp="2025-05-15T07:01:26Z" user="Bala1991" uid="18673267" lat="26.8049867" lon="75.8691094"/>
 <node id="12839373363" visible="true" version="1" changeset="166288227" timestamp="2025-05-15T07:01:26Z" user="Bala1991" uid="18673267" lat="26.8048720" lon="75.8690977"/>
 <node id="12839373364" visible="true" version="1" changeset="166288227" timestamp="2025-05-15T07:01:26Z" user="Bala1991" uid="18673267" lat="26.8048640" lon="75.8691967"/>
 <node id="12839373365" visible="true" version="1" changeset="166288227" timestamp="2025-05-15T07:01:26Z" user="Bala1991" uid="18673267" lat="26.8049786" lon="75.8692083"/>
 <node id="12839373366" visible="true" version="1" changeset="166288227" timestamp="2025-05-15T07:01:26Z" user="Bala1991" uid="18673267" lat="26.8048587" lon="75.8690819"/>
 <node id="12839373367" visible="true" version="1" changeset="166288227" timestamp="2025-05-15T07:01:26Z" user="Bala1991" uid="18673267" lat="26.8047391" lon="75.8690758"/>
 <node id="12839373368" visible="true" version="1" changeset="166288227" timestamp="2025-05-15T07:01:26Z" user="Bala1991" uid="18673267" lat="26.8047343" lon="75.8691945"/>
 <node id="12839373369" visible="true" version="1" changeset="166288227" timestamp="2025-05-15T07:01:26Z" user="Bala1991" uid="18673267" lat="26.8048539" lon="75.8692006"/>
 <node id="12839373370" visible="true" version="1" changeset="166288227" timestamp="2025-05-15T07:01:26Z" user="Bala1991" uid="18673267" lat="26.8051411" lon="75.8714016"/>
 <node id="12839373371" visible="true" version="1" changeset="166288227" timestamp="2025-05-15T07:01:26Z" user="Bala1991" uid="18673267" lat="26.8051340" lon="75.8715170"/>
 <node id="12839373372" visible="true" version="1" changeset="166288227" timestamp="2025-05-15T07:01:26Z" user="Bala1991" uid="18673267" lat="26.8050909" lon="75.8715136"/>
 <node id="12839373373" visible="true" version="1" changeset="166288227" timestamp="2025-05-15T07:01:26Z" user="Bala1991" uid="18673267" lat="26.8050980" lon="75.8713983"/>
 <node id="12839373374" visible="true" version="1" changeset="166288227" timestamp="2025-05-15T07:01:26Z" user="Bala1991" uid="18673267" lat="26.8051887" lon="75.8714042"/>
 <node id="12839373375" visible="true" version="1" changeset="166288227" timestamp="2025-05-15T07:01:26Z" user="Bala1991" uid="18673267" lat="26.8051816" lon="75.8715195"/>
 <node id="12839373376" visible="true" version="1" changeset="166288227" timestamp="2025-05-15T07:01:26Z" user="Bala1991" uid="18673267" lat="26.8051385" lon="75.8715162"/>
 <node id="12839373377" visible="true" version="1" changeset="166288227" timestamp="2025-05-15T07:01:26Z" user="Bala1991" uid="18673267" lat="26.8051456" lon="75.8714009"/>
 <node id="12839373378" visible="true" version="1" changeset="166288227" timestamp="2025-05-15T07:01:26Z" user="Bala1991" uid="18673267" lat="26.8052347" lon="75.8714085"/>
 <node id="12839373379" visible="true" version="1" changeset="166288227" timestamp="2025-05-15T07:01:26Z" user="Bala1991" uid="18673267" lat="26.8052276" lon="75.8715238"/>
 <node id="12839373380" visible="true" version="1" changeset="166288227" timestamp="2025-05-15T07:01:26Z" user="Bala1991" uid="18673267" lat="26.8051845" lon="75.8715205"/>
 <node id="12839373381" visible="true" version="1" changeset="166288227" timestamp="2025-05-15T07:01:26Z" user="Bala1991" uid="18673267" lat="26.8051916" lon="75.8714052"/>
 <node id="12839373382" visible="true" version="1" changeset="166288227" timestamp="2025-05-15T07:01:26Z" user="Bala1991" uid="18673267" lat="26.8051006" lon="75.8709933"/>
 <node id="12839373383" visible="true" version="1" changeset="166288227" timestamp="2025-05-15T07:01:26Z" user="Bala1991" uid="18673267" lat="26.8050927" lon="75.8711172"/>
 <node id="12839373384" visible="true" version="1" changeset="166288227" timestamp="2025-05-15T07:01:26Z" user="Bala1991" uid="18673267" lat="26.8050495" lon="75.8711137"/>
 <node id="12839373385" visible="true" version="1" changeset="166288227" timestamp="2025-05-15T07:01:26Z" user="Bala1991" uid="18673267" lat="26.8050574" lon="75.8709898"/>
 <node id="12839373386" visible="true" version="1" changeset="166288227" timestamp="2025-05-15T07:01:26Z" user="Bala1991" uid="18673267" lat="26.8050532" lon="75.8709902"/>
 <node id="12839373387" visible="true" version="1" changeset="166288227" timestamp="2025-05-15T07:01:26Z" user="Bala1991" uid="18673267" lat="26.8050453" lon="75.8711140"/>
 <node id="12839373388" visible="true" version="1" changeset="166288227" timestamp="2025-05-15T07:01:26Z" user="Bala1991" uid="18673267" lat="26.8050021" lon="75.8711106"/>
 <node id="12839373389" visible="true" version="1" changeset="166288227" timestamp="2025-05-15T07:01:26Z" user="Bala1991" uid="18673267" lat="26.8050100" lon="75.8709867"/>
 <node id="12839373390" visible="true" version="1" changeset="166288227" timestamp="2025-05-15T07:01:26Z" user="Bala1991" uid="18673267" lat="26.8050075" lon="75.8709865"/>
 <node id="12839373391" visible="true" version="1" changeset="166288227" timestamp="2025-05-15T07:01:26Z" user="Bala1991" uid="18673267" lat="26.8049996" lon="75.8711104"/>
 <node id="12839373392" visible="true" version="1" changeset="166288227" timestamp="2025-05-15T07:01:26Z" user="Bala1991" uid="18673267" lat="26.8049564" lon="75.8711069"/>
 <node id="12839373393" visible="true" version="1" changeset="166288227" timestamp="2025-05-15T07:01:26Z" user="Bala1991" uid="18673267" lat="26.8049643" lon="75.8709830"/>
 <node id="12839373394" visible="true" version="1" changeset="166288227" timestamp="2025-05-15T07:01:26Z" user="Bala1991" uid="18673267" lat="26.8049626" lon="75.8709839"/>
 <node id="12839373395" visible="true" version="1" changeset="166288227" timestamp="2025-05-15T07:01:26Z" user="Bala1991" uid="18673267" lat="26.8049547" lon="75.8711077"/>
 <node id="12839373396" visible="true" version="1" changeset="166288227" timestamp="2025-05-15T07:01:26Z" user="Bala1991" uid="18673267" lat="26.8049115" lon="75.8711042"/>
 <node id="12839373397" visible="true" version="1" changeset="166288227" timestamp="2025-05-15T07:01:26Z" user="Bala1991" uid="18673267" lat="26.8049195" lon="75.8709804"/>
 <node id="12839373398" visible="true" version="1" changeset="166288227" timestamp="2025-05-15T07:01:26Z" user="Bala1991" uid="18673267" lat="26.8049171" lon="75.8709801"/>
 <node id="12839373399" visible="true" version="1" changeset="166288227" timestamp="2025-05-15T07:01:26Z" user="Bala1991" uid="18673267" lat="26.8049092" lon="75.8711039"/>
 <node id="12839373400" visible="true" version="1" changeset="166288227" timestamp="2025-05-15T07:01:26Z" user="Bala1991" uid="18673267" lat="26.8048661" lon="75.8711005"/>
 <node id="12839373401" visible="true" version="1" changeset="166288227" timestamp="2025-05-15T07:01:26Z" user="Bala1991" uid="18673267" lat="26.8048740" lon="75.8709766"/>
 <node id="12839373402" visible="true" version="1" changeset="166288227" timestamp="2025-05-15T07:01:26Z" user="Bala1991" uid="18673267" lat="26.8048853" lon="75.8711240"/>
 <node id="12839373403" visible="true" version="1" changeset="166288227" timestamp="2025-05-15T07:01:26Z" user="Bala1991" uid="18673267" lat="26.8048773" lon="75.8712478"/>
 <node id="12839373404" visible="true" version="1" changeset="166288227" timestamp="2025-05-15T07:01:26Z" user="Bala1991" uid="18673267" lat="26.8048342" lon="75.8712444"/>
 <node id="12839373405" visible="true" version="1" changeset="166288227" timestamp="2025-05-15T07:01:26Z" user="Bala1991" uid="18673267" lat="26.8048421" lon="75.8711205"/>
 <node id="12839373406" visible="true" version="1" changeset="166288227" timestamp="2025-05-15T07:01:26Z" user="Bala1991" uid="18673267" lat="26.8049309" lon="75.8711270"/>
 <node id="12839373407" visible="true" version="1" changeset="166288227" timestamp="2025-05-15T07:01:26Z" user="Bala1991" uid="18673267" lat="26.8049230" lon="75.8712508"/>
 <node id="12839373408" visible="true" version="1" changeset="166288227" timestamp="2025-05-15T07:01:26Z" user="Bala1991" uid="18673267" lat="26.8048798" lon="75.8712473"/>
 <node id="12839373409" visible="true" version="1" changeset="166288227" timestamp="2025-05-15T07:01:26Z" user="Bala1991" uid="18673267" lat="26.8048877" lon="75.8711235"/>
 <node id="12839373410" visible="true" version="1" changeset="166288227" timestamp="2025-05-15T07:01:26Z" user="Bala1991" uid="18673267" lat="26.8050666" lon="75.8711385"/>
 <node id="12839373411" visible="true" version="1" changeset="166288227" timestamp="2025-05-15T07:01:26Z" user="Bala1991" uid="18673267" lat="26.8050587" lon="75.8712623"/>
 <node id="12839373412" visible="true" version="1" changeset="166288227" timestamp="2025-05-15T07:01:26Z" user="Bala1991" uid="18673267" lat="26.8050155" lon="75.8712588"/>
 <node id="12839373413" visible="true" version="1" changeset="166288227" timestamp="2025-05-15T07:01:26Z" user="Bala1991" uid="18673267" lat="26.8050235" lon="75.8711350"/>
 <node id="12839373414" visible="true" version="1" changeset="166288227" timestamp="2025-05-15T07:01:26Z" user="Bala1991" uid="18673267" lat="26.8051125" lon="75.8711412"/>
 <node id="12839373415" visible="true" version="1" changeset="166288227" timestamp="2025-05-15T07:01:26Z" user="Bala1991" uid="18673267" lat="26.8051045" lon="75.8712650"/>
 <node id="12839373416" visible="true" version="1" changeset="166288227" timestamp="2025-05-15T07:01:26Z" user="Bala1991" uid="18673267" lat="26.8050614" lon="75.8712615"/>
 <node id="12839373417" visible="true" version="1" changeset="166288227" timestamp="2025-05-15T07:01:26Z" user="Bala1991" uid="18673267" lat="26.8050693" lon="75.8711377"/>
 <node id="12839373418" visible="true" version="1" changeset="166288227" timestamp="2025-05-15T07:01:26Z" user="Bala1991" uid="18673267" lat="26.8051631" lon="75.8711486"/>
 <node id="12839373419" visible="true" version="1" changeset="166288227" timestamp="2025-05-15T07:01:26Z" user="Bala1991" uid="18673267" lat="26.8051552" lon="75.8712724"/>
 <node id="12839373420" visible="true" version="1" changeset="166288227" timestamp="2025-05-15T07:01:26Z" user="Bala1991" uid="18673267" lat="26.8051121" lon="75.8712690"/>
 <node id="12839373421" visible="true" version="1" changeset="166288227" timestamp="2025-05-15T07:01:26Z" user="Bala1991" uid="18673267" lat="26.8051200" lon="75.8711451"/>
 <node id="12839373422" visible="true" version="1" changeset="166288227" timestamp="2025-05-15T07:01:26Z" user="Bala1991" uid="18673267" lat="26.8048810" lon="75.8717466"/>
 <node id="12839373423" visible="true" version="1" changeset="166288227" timestamp="2025-05-15T07:01:26Z" user="Bala1991" uid="18673267" lat="26.8048731" lon="75.8718705"/>
 <node id="12839373424" visible="true" version="1" changeset="166288227" timestamp="2025-05-15T07:01:26Z" user="Bala1991" uid="18673267" lat="26.8048299" lon="75.8718670"/>
 <node id="12839373425" visible="true" version="1" changeset="166288227" timestamp="2025-05-15T07:01:26Z" user="Bala1991" uid="18673267" lat="26.8048378" lon="75.8717432"/>
 <node id="12839373426" visible="true" version="1" changeset="166288227" timestamp="2025-05-15T07:01:26Z" user="Bala1991" uid="18673267" lat="26.8049317" lon="75.8717509"/>
 <node id="12839373427" visible="true" version="1" changeset="166288227" timestamp="2025-05-15T07:01:26Z" user="Bala1991" uid="18673267" lat="26.8049238" lon="75.8718747"/>
 <node id="12839373428" visible="true" version="1" changeset="166288227" timestamp="2025-05-15T07:01:26Z" user="Bala1991" uid="18673267" lat="26.8048806" lon="75.8718713"/>
 <node id="12839373429" visible="true" version="1" changeset="166288227" timestamp="2025-05-15T07:01:26Z" user="Bala1991" uid="18673267" lat="26.8048886" lon="75.8717474"/>
 <node id="12839373430" visible="true" version="1" changeset="166288227" timestamp="2025-05-15T07:01:26Z" user="Bala1991" uid="18673267" lat="26.8048752" lon="75.8718743"/>
 <node id="12839373431" visible="true" version="1" changeset="166288227" timestamp="2025-05-15T07:01:26Z" user="Bala1991" uid="18673267" lat="26.8048673" lon="75.8719981"/>
 <node id="12839373432" visible="true" version="1" changeset="166288227" timestamp="2025-05-15T07:01:26Z" user="Bala1991" uid="18673267" lat="26.8048241" lon="75.8719947"/>
 <node id="12839373433" visible="true" version="1" changeset="166288227" timestamp="2025-05-15T07:01:26Z" user="Bala1991" uid="18673267" lat="26.8048321" lon="75.8718708"/>
 <node id="12839373434" visible="true" version="1" changeset="166288227" timestamp="2025-05-15T07:01:26Z" user="Bala1991" uid="18673267" lat="26.8049221" lon="75.8718786"/>
 <node id="12839373435" visible="true" version="1" changeset="166288227" timestamp="2025-05-15T07:01:26Z" user="Bala1991" uid="18673267" lat="26.8049142" lon="75.8720024"/>
 <node id="12839373436" visible="true" version="1" changeset="166288227" timestamp="2025-05-15T07:01:26Z" user="Bala1991" uid="18673267" lat="26.8048711" lon="75.8719990"/>
 <node id="12839373437" visible="true" version="1" changeset="166288227" timestamp="2025-05-15T07:01:26Z" user="Bala1991" uid="18673267" lat="26.8048790" lon="75.8718751"/>
 <node id="12839373438" visible="true" version="1" changeset="166288227" timestamp="2025-05-15T07:01:26Z" user="Bala1991" uid="18673267" lat="26.8050299" lon="75.8717557"/>
 <node id="12839373439" visible="true" version="1" changeset="166288227" timestamp="2025-05-15T07:01:26Z" user="Bala1991" uid="18673267" lat="26.8050220" lon="75.8718796"/>
 <node id="12839373440" visible="true" version="1" changeset="166288227" timestamp="2025-05-15T07:01:26Z" user="Bala1991" uid="18673267" lat="26.8049788" lon="75.8718761"/>
 <node id="12839373441" visible="true" version="1" changeset="166288227" timestamp="2025-05-15T07:01:26Z" user="Bala1991" uid="18673267" lat="26.8049867" lon="75.8717523"/>
 <node id="12839373442" visible="true" version="1" changeset="166288227" timestamp="2025-05-15T07:01:26Z" user="Bala1991" uid="18673267" lat="26.8050203" lon="75.8718834"/>
 <node id="12839373443" visible="true" version="1" changeset="166288227" timestamp="2025-05-15T07:01:26Z" user="Bala1991" uid="18673267" lat="26.8050124" lon="75.8720072"/>
 <node id="12839373444" visible="true" version="1" changeset="166288227" timestamp="2025-05-15T07:01:26Z" user="Bala1991" uid="18673267" lat="26.8049692" lon="75.8720038"/>
 <node id="12839373445" visible="true" version="1" changeset="166288227" timestamp="2025-05-15T07:01:26Z" user="Bala1991" uid="18673267" lat="26.8049771" lon="75.8718799"/>
 <node id="12839373446" visible="true" version="1" changeset="166288227" timestamp="2025-05-15T07:01:26Z" user="Bala1991" uid="18673267" lat="26.8049791" lon="75.8717514"/>
 <node id="12839373447" visible="true" version="1" changeset="166288227" timestamp="2025-05-15T07:01:26Z" user="Bala1991" uid="18673267" lat="26.8049712" lon="75.8718753"/>
 <node id="12839373448" visible="true" version="1" changeset="166288227" timestamp="2025-05-15T07:01:26Z" user="Bala1991" uid="18673267" lat="26.8049280" lon="75.8718718"/>
 <node id="12839373449" visible="true" version="1" changeset="166288227" timestamp="2025-05-15T07:01:26Z" user="Bala1991" uid="18673267" lat="26.8049360" lon="75.8717480"/>
 <node id="12839373450" visible="true" version="1" changeset="166288227" timestamp="2025-05-15T07:01:26Z" user="Bala1991" uid="18673267" lat="26.8049734" lon="75.8718791"/>
 <node id="12839373451" visible="true" version="1" changeset="166288227" timestamp="2025-05-15T07:01:26Z" user="Bala1991" uid="18673267" lat="26.8049655" lon="75.8720030"/>
 <node id="12839373452" visible="true" version="1" changeset="166288227" timestamp="2025-05-15T07:01:26Z" user="Bala1991" uid="18673267" lat="26.8049223" lon="75.8719995"/>
 <node id="12839373453" visible="true" version="1" changeset="166288227" timestamp="2025-05-15T07:01:26Z" user="Bala1991" uid="18673267" lat="26.8049302" lon="75.8718757"/>
 <node id="12839373454" visible="true" version="1" changeset="166288227" timestamp="2025-05-15T07:01:26Z" user="Bala1991" uid="18673267" lat="26.8051216" lon="75.8717661"/>
 <node id="12839373455" visible="true" version="1" changeset="166288227" timestamp="2025-05-15T07:01:26Z" user="Bala1991" uid="18673267" lat="26.8051136" lon="75.8718899"/>
 <node id="12839373456" visible="true" version="1" changeset="166288227" timestamp="2025-05-15T07:01:26Z" user="Bala1991" uid="18673267" lat="26.8050705" lon="75.8718865"/>
 <node id="12839373457" visible="true" version="1" changeset="166288227" timestamp="2025-05-15T07:01:26Z" user="Bala1991" uid="18673267" lat="26.8050784" lon="75.8717626"/>
 <node id="12839373458" visible="true" version="1" changeset="166288227" timestamp="2025-05-15T07:01:26Z" user="Bala1991" uid="18673267" lat="26.8051135" lon="75.8718929"/>
 <node id="12839373459" visible="true" version="1" changeset="166288227" timestamp="2025-05-15T07:01:26Z" user="Bala1991" uid="18673267" lat="26.8051056" lon="75.8720168"/>
 <node id="12839373460" visible="true" version="1" changeset="166288227" timestamp="2025-05-15T07:01:26Z" user="Bala1991" uid="18673267" lat="26.8050624" lon="75.8720133"/>
 <node id="12839373461" visible="true" version="1" changeset="166288227" timestamp="2025-05-15T07:01:26Z" user="Bala1991" uid="18673267" lat="26.8050703" lon="75.8718895"/>
 <node id="12839373462" visible="true" version="1" changeset="166288227" timestamp="2025-05-15T07:01:26Z" user="Bala1991" uid="18673267" lat="26.8050758" lon="75.8717611"/>
 <node id="12839373463" visible="true" version="1" changeset="166288227" timestamp="2025-05-15T07:01:26Z" user="Bala1991" uid="18673267" lat="26.8050679" lon="75.8718849"/>
 <node id="12839373464" visible="true" version="1" changeset="166288227" timestamp="2025-05-15T07:01:26Z" user="Bala1991" uid="18673267" lat="26.8050248" lon="75.8718815"/>
 <node id="12839373465" visible="true" version="1" changeset="166288227" timestamp="2025-05-15T07:01:26Z" user="Bala1991" uid="18673267" lat="26.8050327" lon="75.8717576"/>
 <node id="12839373466" visible="true" version="1" changeset="166288227" timestamp="2025-05-15T07:01:26Z" user="Bala1991" uid="18673267" lat="26.8050683" lon="75.8718894"/>
 <node id="12839373467" visible="true" version="1" changeset="166288227" timestamp="2025-05-15T07:01:26Z" user="Bala1991" uid="18673267" lat="26.8050604" lon="75.8720133"/>
 <node id="12839373468" visible="true" version="1" changeset="166288227" timestamp="2025-05-15T07:01:26Z" user="Bala1991" uid="18673267" lat="26.8050172" lon="75.8720098"/>
 <node id="12839373469" visible="true" version="1" changeset="166288227" timestamp="2025-05-15T07:01:26Z" user="Bala1991" uid="18673267" lat="26.8050251" lon="75.8718860"/>
 <node id="12839373470" visible="true" version="1" changeset="166288227" timestamp="2025-05-15T07:01:26Z" user="Bala1991" uid="18673267" lat="26.8052166" lon="75.8717729"/>
 <node id="12839373471" visible="true" version="1" changeset="166288227" timestamp="2025-05-15T07:01:26Z" user="Bala1991" uid="18673267" lat="26.8052087" lon="75.8718967"/>
 <node id="12839373472" visible="true" version="1" changeset="166288227" timestamp="2025-05-15T07:01:26Z" user="Bala1991" uid="18673267" lat="26.8051655" lon="75.8718933"/>
 <node id="12839373473" visible="true" version="1" changeset="166288227" timestamp="2025-05-15T07:01:26Z" user="Bala1991" uid="18673267" lat="26.8051735" lon="75.8717694"/>
 <node id="12839373474" visible="true" version="1" changeset="166288227" timestamp="2025-05-15T07:01:26Z" user="Bala1991" uid="18673267" lat="26.8052070" lon="75.8719006"/>
 <node id="12839373475" visible="true" version="1" changeset="166288227" timestamp="2025-05-15T07:01:26Z" user="Bala1991" uid="18673267" lat="26.8051991" lon="75.8720244"/>
 <node id="12839373476" visible="true" version="1" changeset="166288227" timestamp="2025-05-15T07:01:26Z" user="Bala1991" uid="18673267" lat="26.8051560" lon="75.8720209"/>
 <node id="12839373477" visible="true" version="1" changeset="166288227" timestamp="2025-05-15T07:01:26Z" user="Bala1991" uid="18673267" lat="26.8051639" lon="75.8718971"/>
 <node id="12839373478" visible="true" version="1" changeset="166288227" timestamp="2025-05-15T07:01:26Z" user="Bala1991" uid="18673267" lat="26.8051659" lon="75.8717686"/>
 <node id="12839373479" visible="true" version="1" changeset="166288227" timestamp="2025-05-15T07:01:26Z" user="Bala1991" uid="18673267" lat="26.8051579" lon="75.8718925"/>
 <node id="12839373480" visible="true" version="1" changeset="166288227" timestamp="2025-05-15T07:01:26Z" user="Bala1991" uid="18673267" lat="26.8051148" lon="75.8718890"/>
 <node id="12839373481" visible="true" version="1" changeset="166288227" timestamp="2025-05-15T07:01:26Z" user="Bala1991" uid="18673267" lat="26.8051227" lon="75.8717651"/>
 <node id="12839373482" visible="true" version="1" changeset="166288227" timestamp="2025-05-15T07:01:26Z" user="Bala1991" uid="18673267" lat="26.8051601" lon="75.8718963"/>
 <node id="12839373483" visible="true" version="1" changeset="166288227" timestamp="2025-05-15T07:01:26Z" user="Bala1991" uid="18673267" lat="26.8051522" lon="75.8720201"/>
 <node id="12839373484" visible="true" version="1" changeset="166288227" timestamp="2025-05-15T07:01:26Z" user="Bala1991" uid="18673267" lat="26.8051090" lon="75.8720167"/>
 <node id="12839373485" visible="true" version="1" changeset="166288227" timestamp="2025-05-15T07:01:26Z" user="Bala1991" uid="18673267" lat="26.8051170" lon="75.8718928"/>
 <node id="12839373534" visible="true" version="1" changeset="166288227" timestamp="2025-05-15T07:01:26Z" user="Bala1991" uid="18673267" lat="26.8052227" lon="75.8715468"/>
 <node id="12839373535" visible="true" version="1" changeset="166288227" timestamp="2025-05-15T07:01:26Z" user="Bala1991" uid="18673267" lat="26.8052195" lon="75.8716546"/>
 <node id="12839373536" visible="true" version="1" changeset="166288227" timestamp="2025-05-15T07:01:26Z" user="Bala1991" uid="18673267" lat="26.8051774" lon="75.8716531"/>
 <node id="12839373537" visible="true" version="1" changeset="166288227" timestamp="2025-05-15T07:01:26Z" user="Bala1991" uid="18673267" lat="26.8051806" lon="75.8715453"/>
 <node id="12839373538" visible="true" version="1" changeset="166288227" timestamp="2025-05-15T07:01:26Z" user="Bala1991" uid="18673267" lat="26.8051747" lon="75.8715404"/>
 <node id="12839373539" visible="true" version="1" changeset="166288227" timestamp="2025-05-15T07:01:26Z" user="Bala1991" uid="18673267" lat="26.8051716" lon="75.8716482"/>
 <node id="12839373540" visible="true" version="1" changeset="166288227" timestamp="2025-05-15T07:01:26Z" user="Bala1991" uid="18673267" lat="26.8051294" lon="75.8716467"/>
 <node id="12839373541" visible="true" version="1" changeset="166288227" timestamp="2025-05-15T07:01:26Z" user="Bala1991" uid="18673267" lat="26.8051326" lon="75.8715389"/>
 <node id="12839373542" visible="true" version="1" changeset="166288227" timestamp="2025-05-15T07:01:26Z" user="Bala1991" uid="18673267" lat="26.8051253" lon="75.8715370"/>
 <node id="12839373543" visible="true" version="1" changeset="166288227" timestamp="2025-05-15T07:01:26Z" user="Bala1991" uid="18673267" lat="26.8051222" lon="75.8716448"/>
 <node id="12839373544" visible="true" version="1" changeset="166288227" timestamp="2025-05-15T07:01:26Z" user="Bala1991" uid="18673267" lat="26.8050800" lon="75.8716433"/>
 <node id="12839373545" visible="true" version="1" changeset="166288227" timestamp="2025-05-15T07:01:26Z" user="Bala1991" uid="18673267" lat="26.8050832" lon="75.8715355"/>
 <node id="12839373614" visible="true" version="1" changeset="166288227" timestamp="2025-05-15T07:01:26Z" user="Bala1991" uid="18673267" lat="26.8047164" lon="75.8719122"/>
 <node id="12839373615" visible="true" version="1" changeset="166288227" timestamp="2025-05-15T07:01:26Z" user="Bala1991" uid="18673267" lat="26.8046130" lon="75.8719091"/>
 <node id="12839373616" visible="true" version="1" changeset="166288227" timestamp="2025-05-15T07:01:26Z" user="Bala1991" uid="18673267" lat="26.8046119" lon="75.8719565"/>
 <node id="12839373617" visible="true" version="1" changeset="166288227" timestamp="2025-05-15T07:01:26Z" user="Bala1991" uid="18673267" lat="26.8047153" lon="75.8719597"/>
 <node id="12839373618" visible="true" version="1" changeset="166288227" timestamp="2025-05-15T07:01:26Z" user="Bala1991" uid="18673267" lat="26.8047174" lon="75.8718622"/>
 <node id="12839373619" visible="true" version="1" changeset="166288227" timestamp="2025-05-15T07:01:26Z" user="Bala1991" uid="18673267" lat="26.8046140" lon="75.8718591"/>
 <node id="12839373620" visible="true" version="1" changeset="166288227" timestamp="2025-05-15T07:01:26Z" user="Bala1991" uid="18673267" lat="26.8046129" lon="75.8719065"/>
 <node id="12839373621" visible="true" version="1" changeset="166288227" timestamp="2025-05-15T07:01:26Z" user="Bala1991" uid="18673267" lat="26.8047162" lon="75.8719097"/>
 <node id="12839373622" visible="true" version="1" changeset="166288227" timestamp="2025-05-15T07:01:26Z" user="Bala1991" uid="18673267" lat="26.8047202" lon="75.8718081"/>
 <node id="12839373623" visible="true" version="1" changeset="166288227" timestamp="2025-05-15T07:01:26Z" user="Bala1991" uid="18673267" lat="26.8046169" lon="75.8718050"/>
 <node id="12839373624" visible="true" version="1" changeset="166288227" timestamp="2025-05-15T07:01:26Z" user="Bala1991" uid="18673267" lat="26.8046157" lon="75.8718525"/>
 <node id="12839373625" visible="true" version="1" changeset="166288227" timestamp="2025-05-15T07:01:26Z" user="Bala1991" uid="18673267" lat="26.8047191" lon="75.8718556"/>
 <node id="12839373626" visible="true" version="1" changeset="166288227" timestamp="2025-05-15T07:01:26Z" user="Bala1991" uid="18673267" lat="26.8047212" lon="75.8717581"/>
 <node id="12839373627" visible="true" version="1" changeset="166288227" timestamp="2025-05-15T07:01:26Z" user="Bala1991" uid="18673267" lat="26.8046178" lon="75.8717550"/>
 <node id="12839373628" visible="true" version="1" changeset="166288227" timestamp="2025-05-15T07:01:26Z" user="Bala1991" uid="18673267" lat="26.8046167" lon="75.8718025"/>
 <node id="12839373629" visible="true" version="1" changeset="166288227" timestamp="2025-05-15T07:01:26Z" user="Bala1991" uid="18673267" lat="26.8047200" lon="75.8718056"/>
 <node id="12839373630" visible="true" version="1" changeset="166288227" timestamp="2025-05-15T07:01:26Z" user="Bala1991" uid="18673267" lat="26.8047217" lon="75.8717051"/>
 <node id="12839373631" visible="true" version="1" changeset="166288227" timestamp="2025-05-15T07:01:26Z" user="Bala1991" uid="18673267" lat="26.8046183" lon="75.8717020"/>
 <node id="12839373632" visible="true" version="1" changeset="166288227" timestamp="2025-05-15T07:01:26Z" user="Bala1991" uid="18673267" lat="26.8046172" lon="75.8717495"/>
 <node id="12839373633" visible="true" version="1" changeset="166288227" timestamp="2025-05-15T07:01:26Z" user="Bala1991" uid="18673267" lat="26.8047205" lon="75.8717526"/>
 <node id="12839373634" visible="true" version="1" changeset="166288227" timestamp="2025-05-15T07:01:26Z" user="Bala1991" uid="18673267" lat="26.8047226" lon="75.8716551"/>
 <node id="12839373635" visible="true" version="1" changeset="166288227" timestamp="2025-05-15T07:01:26Z" user="Bala1991" uid="18673267" lat="26.8046193" lon="75.8716520"/>
 <node id="12839373636" visible="true" version="1" changeset="166288227" timestamp="2025-05-15T07:01:26Z" user="Bala1991" uid="18673267" lat="26.8046181" lon="75.8716995"/>
 <node id="12839373637" visible="true" version="1" changeset="166288227" timestamp="2025-05-15T07:01:26Z" user="Bala1991" uid="18673267" lat="26.8047215" lon="75.8717026"/>
 <node id="12839373638" visible="true" version="1" changeset="166288227" timestamp="2025-05-15T07:01:26Z" user="Bala1991" uid="18673267" lat="26.8047212" lon="75.8716011"/>
 <node id="12839373639" visible="true" version="1" changeset="166288227" timestamp="2025-05-15T07:01:26Z" user="Bala1991" uid="18673267" lat="26.8046178" lon="75.8715979"/>
 <node id="12839373640" visible="true" version="1" changeset="166288227" timestamp="2025-05-15T07:01:26Z" user="Bala1991" uid="18673267" lat="26.8046167" lon="75.8716454"/>
 <node id="12839373641" visible="true" version="1" changeset="166288227" timestamp="2025-05-15T07:01:26Z" user="Bala1991" uid="18673267" lat="26.8047201" lon="75.8716485"/>
 <node id="12839373642" visible="true" version="1" changeset="166288227" timestamp="2025-05-15T07:01:26Z" user="Bala1991" uid="18673267" lat="26.8047221" lon="75.8715511"/>
 <node id="12839373643" visible="true" version="1" changeset="166288227" timestamp="2025-05-15T07:01:26Z" user="Bala1991" uid="18673267" lat="26.8046188" lon="75.8715479"/>
 <node id="12839373644" visible="true" version="1" changeset="166288227" timestamp="2025-05-15T07:01:26Z" user="Bala1991" uid="18673267" lat="26.8046176" lon="75.8715954"/>
 <node id="12839373645" visible="true" version="1" changeset="166288227" timestamp="2025-05-15T07:01:26Z" user="Bala1991" uid="18673267" lat="26.8047210" lon="75.8715985"/>
 <node id="12839373646" visible="true" version="1" changeset="166288227" timestamp="2025-05-15T07:01:26Z" user="Bala1991" uid="18673267" lat="26.8047236" lon="75.8715002"/>
 <node id="12839373647" visible="true" version="1" changeset="166288227" timestamp="2025-05-15T07:01:26Z" user="Bala1991" uid="18673267" lat="26.8046202" lon="75.8714971"/>
 <node id="12839373648" visible="true" version="1" changeset="166288227" timestamp="2025-05-15T07:01:26Z" user="Bala1991" uid="18673267" lat="26.8046191" lon="75.8715446"/>
 <node id="12839373649" visible="true" version="1" changeset="166288227" timestamp="2025-05-15T07:01:26Z" user="Bala1991" uid="18673267" lat="26.8047224" lon="75.8715477"/>
 <node id="12839373650" visible="true" version="1" changeset="166288227" timestamp="2025-05-15T07:01:26Z" user="Bala1991" uid="18673267" lat="26.8047245" lon="75.8714502"/>
 <node id="12839373651" visible="true" version="1" changeset="166288227" timestamp="2025-05-15T07:01:26Z" user="Bala1991" uid="18673267" lat="26.8046212" lon="75.8714471"/>
 <node id="12839373652" visible="true" version="1" changeset="166288227" timestamp="2025-05-15T07:01:26Z" user="Bala1991" uid="18673267" lat="26.8046200" lon="75.8714946"/>
 <node id="12839373653" visible="true" version="1" changeset="166288227" timestamp="2025-05-15T07:01:26Z" user="Bala1991" uid="18673267" lat="26.8047234" lon="75.8714977"/>
 <node id="12839373654" visible="true" version="1" changeset="166288227" timestamp="2025-05-15T07:01:26Z" user="Bala1991" uid="18673267" lat="26.8047265" lon="75.8714004"/>
 <node id="12839373655" visible="true" version="1" changeset="166288227" timestamp="2025-05-15T07:01:26Z" user="Bala1991" uid="18673267" lat="26.8046231" lon="75.8713973"/>
 <node id="12839373656" visible="true" version="1" changeset="166288227" timestamp="2025-05-15T07:01:26Z" user="Bala1991" uid="18673267" lat="26.8046220" lon="75.8714448"/>
 <node id="12839373657" visible="true" version="1" changeset="166288227" timestamp="2025-05-15T07:01:26Z" user="Bala1991" uid="18673267" lat="26.8047253" lon="75.8714479"/>
 <node id="12839373658" visible="true" version="1" changeset="166288227" timestamp="2025-05-15T07:01:26Z" user="Bala1991" uid="18673267" lat="26.8047274" lon="75.8713504"/>
 <node id="12839373659" visible="true" version="1" changeset="166288227" timestamp="2025-05-15T07:01:26Z" user="Bala1991" uid="18673267" lat="26.8046240" lon="75.8713473"/>
 <node id="12839373660" visible="true" version="1" changeset="166288227" timestamp="2025-05-15T07:01:26Z" user="Bala1991" uid="18673267" lat="26.8046229" lon="75.8713948"/>
 <node id="12839373661" visible="true" version="1" changeset="166288227" timestamp="2025-05-15T07:01:26Z" user="Bala1991" uid="18673267" lat="26.8047263" lon="75.8713979"/>
 <node id="12839373662" visible="true" version="1" changeset="166288227" timestamp="2025-05-15T07:01:26Z" user="Bala1991" uid="18673267" lat="26.8047279" lon="75.8713017"/>
 <node id="12839373663" visible="true" version="1" changeset="166288227" timestamp="2025-05-15T07:01:26Z" user="Bala1991" uid="18673267" lat="26.8046245" lon="75.8712986"/>
 <node id="12839373664" visible="true" version="1" changeset="166288227" timestamp="2025-05-15T07:01:26Z" user="Bala1991" uid="18673267" lat="26.8046234" lon="75.8713461"/>
 <node id="12839373665" visible="true" version="1" changeset="166288227" timestamp="2025-05-15T07:01:26Z" user="Bala1991" uid="18673267" lat="26.8047268" lon="75.8713492"/>
 <node id="12839373666" visible="true" version="1" changeset="166288227" timestamp="2025-05-15T07:01:26Z" user="Bala1991" uid="18673267" lat="26.8047288" lon="75.8712517"/>
 <node id="12839373667" visible="true" version="1" changeset="166288227" timestamp="2025-05-15T07:01:26Z" user="Bala1991" uid="18673267" lat="26.8046255" lon="75.8712486"/>
 <node id="12839373668" visible="true" version="1" changeset="166288227" timestamp="2025-05-15T07:01:26Z" user="Bala1991" uid="18673267" lat="26.8046243" lon="75.8712961"/>
 <node id="12839373669" visible="true" version="1" changeset="166288227" timestamp="2025-05-15T07:01:26Z" user="Bala1991" uid="18673267" lat="26.8047277" lon="75.8712992"/>
 <node id="12839373670" visible="true" version="1" changeset="166288227" timestamp="2025-05-15T07:01:26Z" user="Bala1991" uid="18673267" lat="26.8047284" lon="75.8712020"/>
 <node id="12839373671" visible="true" version="1" changeset="166288227" timestamp="2025-05-15T07:01:26Z" user="Bala1991" uid="18673267" lat="26.8046250" lon="75.8711988"/>
 <node id="12839373672" visible="true" version="1" changeset="166288227" timestamp="2025-05-15T07:01:26Z" user="Bala1991" uid="18673267" lat="26.8046239" lon="75.8712463"/>
 <node id="12839373673" visible="true" version="1" changeset="166288227" timestamp="2025-05-15T07:01:26Z" user="Bala1991" uid="18673267" lat="26.8047272" lon="75.8712494"/>
 <node id="12839373674" visible="true" version="1" changeset="166288227" timestamp="2025-05-15T07:01:26Z" user="Bala1991" uid="18673267" lat="26.8047293" lon="75.8711520"/>
 <node id="12839373675" visible="true" version="1" changeset="166288227" timestamp="2025-05-15T07:01:26Z" user="Bala1991" uid="18673267" lat="26.8046260" lon="75.8711488"/>
 <node id="12839373676" visible="true" version="1" changeset="166288227" timestamp="2025-05-15T07:01:26Z" user="Bala1991" uid="18673267" lat="26.8046248" lon="75.8711963"/>
 <node id="12839373677" visible="true" version="1" changeset="166288227" timestamp="2025-05-15T07:01:26Z" user="Bala1991" uid="18673267" lat="26.8047282" lon="75.8711994"/>
 <node id="12839373678" visible="true" version="1" changeset="166288227" timestamp="2025-05-15T07:01:26Z" user="Bala1991" uid="18673267" lat="26.8047279" lon="75.8711027"/>
 <node id="12839373679" visible="true" version="1" changeset="166288227" timestamp="2025-05-15T07:01:26Z" user="Bala1991" uid="18673267" lat="26.8046245" lon="75.8710996"/>
 <node id="12839373680" visible="true" version="1" changeset="166288227" timestamp="2025-05-15T07:01:26Z" user="Bala1991" uid="18673267" lat="26.8046234" lon="75.8711471"/>
 <node id="12839373681" visible="true" version="1" changeset="166288227" timestamp="2025-05-15T07:01:26Z" user="Bala1991" uid="18673267" lat="26.8047268" lon="75.8711502"/>
 <node id="12839373682" visible="true" version="1" changeset="166288227" timestamp="2025-05-15T07:01:26Z" user="Bala1991" uid="18673267" lat="26.8047288" lon="75.8710527"/>
 <node id="12839373683" visible="true" version="1" changeset="166288227" timestamp="2025-05-15T07:01:26Z" user="Bala1991" uid="18673267" lat="26.8046255" lon="75.8710496"/>
 <node id="12839373684" visible="true" version="1" changeset="166288227" timestamp="2025-05-15T07:01:26Z" user="Bala1991" uid="18673267" lat="26.8046243" lon="75.8710971"/>
 <node id="12839373685" visible="true" version="1" changeset="166288227" timestamp="2025-05-15T07:01:26Z" user="Bala1991" uid="18673267" lat="26.8047277" lon="75.8711002"/>
 <node id="12839373686" visible="true" version="1" changeset="166288227" timestamp="2025-05-15T07:01:26Z" user="Bala1991" uid="18673267" lat="26.8047279" lon="75.8709986"/>
 <node id="12839373687" visible="true" version="1" changeset="166288227" timestamp="2025-05-15T07:01:26Z" user="Bala1991" uid="18673267" lat="26.8046245" lon="75.8709955"/>
 <node id="12839373688" visible="true" version="1" changeset="166288227" timestamp="2025-05-15T07:01:26Z" user="Bala1991" uid="18673267" lat="26.8046234" lon="75.8710430"/>
 <node id="12839373689" visible="true" version="1" changeset="166288227" timestamp="2025-05-15T07:01:26Z" user="Bala1991" uid="18673267" lat="26.8047268" lon="75.8710461"/>
 <node id="12839373690" visible="true" version="1" changeset="166288227" timestamp="2025-05-15T07:01:26Z" user="Bala1991" uid="18673267" lat="26.8047288" lon="75.8709486"/>
 <node id="12839373691" visible="true" version="1" changeset="166288227" timestamp="2025-05-15T07:01:26Z" user="Bala1991" uid="18673267" lat="26.8046255" lon="75.8709455"/>
 <node id="12839373692" visible="true" version="1" changeset="166288227" timestamp="2025-05-15T07:01:26Z" user="Bala1991" uid="18673267" lat="26.8046243" lon="75.8709930"/>
 <node id="12839373693" visible="true" version="1" changeset="166288227" timestamp="2025-05-15T07:01:26Z" user="Bala1991" uid="18673267" lat="26.8047277" lon="75.8709961"/>
 <node id="12839373694" visible="true" version="1" changeset="166288227" timestamp="2025-05-15T07:01:26Z" user="Bala1991" uid="18673267" lat="26.8050198" lon="75.8711343"/>
 <node id="12839373695" visible="true" version="1" changeset="166288227" timestamp="2025-05-15T07:01:26Z" user="Bala1991" uid="18673267" lat="26.8050137" lon="75.8712594"/>
 <node id="12839373696" visible="true" version="1" changeset="166288227" timestamp="2025-05-15T07:01:26Z" user="Bala1991" uid="18673267" lat="26.8049344" lon="75.8712545"/>
 <node id="12839373697" visible="true" version="1" changeset="166288227" timestamp="2025-05-15T07:01:26Z" user="Bala1991" uid="18673267" lat="26.8049405" lon="75.8711294"/>
 <node id="12839373698" visible="true" version="1" changeset="166288227" timestamp="2025-05-15T07:01:26Z" user="Bala1991" uid="18673267" lat="26.8064993" lon="75.8675569"/>
 <node id="12839373699" visible="true" version="1" changeset="166288227" timestamp="2025-05-15T07:01:26Z" user="Bala1991" uid="18673267" lat="26.8064984" lon="75.8677063"/>
 <node id="12839373700" visible="true" version="1" changeset="166288227" timestamp="2025-05-15T07:01:26Z" user="Bala1991" uid="18673267" lat="26.8064531" lon="75.8677059"/>
 <node id="12839373701" visible="true" version="1" changeset="166288227" timestamp="2025-05-15T07:01:26Z" user="Bala1991" uid="18673267" lat="26.8064540" lon="75.8675566"/>
 <node id="12839373702" visible="true" version="1" changeset="166288227" timestamp="2025-05-15T07:01:26Z" user="Bala1991" uid="18673267" lat="26.8064468" lon="75.8675536"/>
 <node id="12839373703" visible="true" version="1" changeset="166288227" timestamp="2025-05-15T07:01:26Z" user="Bala1991" uid="18673267" lat="26.8064459" lon="75.8677029"/>
 <node id="12839373704" visible="true" version="1" changeset="166288227" timestamp="2025-05-15T07:01:26Z" user="Bala1991" uid="18673267" lat="26.8064006" lon="75.8677026"/>
 <node id="12839373705" visible="true" version="1" changeset="166288227" timestamp="2025-05-15T07:01:26Z" user="Bala1991" uid="18673267" lat="26.8064015" lon="75.8675532"/>
 <node id="12839373706" visible="true" version="1" changeset="166288227" timestamp="2025-05-15T07:01:26Z" user="Bala1991" uid="18673267" lat="26.8063973" lon="75.8675495"/>
 <node id="12839373707" visible="true" version="1" changeset="166288227" timestamp="2025-05-15T07:01:26Z" user="Bala1991" uid="18673267" lat="26.8063964" lon="75.8676988"/>
 <node id="12839373708" visible="true" version="1" changeset="166288227" timestamp="2025-05-15T07:01:26Z" user="Bala1991" uid="18673267" lat="26.8063512" lon="75.8676985"/>
 <node id="12839373709" visible="true" version="1" changeset="166288227" timestamp="2025-05-15T07:01:26Z" user="Bala1991" uid="18673267" lat="26.8063521" lon="75.8675492"/>
 <node id="13176854728" visible="true" version="1" changeset="172569818" timestamp="2025-09-28T14:27:59Z" user="someoneeeeyyy" uid="23337497" lat="26.8047047" lon="75.8551501"/>
 <node id="13176854729" visible="true" version="2" changeset="174466849" timestamp="2025-11-10T14:41:38Z" user="googlenaut" uid="519916" lat="26.8045181" lon="75.8552423"/>
 <node id="13176854730" visible="true" version="2" changeset="174466849" timestamp="2025-11-10T14:41:38Z" user="googlenaut" uid="519916" lat="26.8044437" lon="75.8550478"/>
 <node id="13176854731" visible="true" version="2" changeset="174466849" timestamp="2025-11-10T14:41:38Z" user="googlenaut" uid="519916" lat="26.8046302" lon="75.8549555"/>
 <node id="13176854732" visible="true" version="1" changeset="172569818" timestamp="2025-09-28T14:27:59Z" user="someoneeeeyyy" uid="23337497" lat="26.8044821" lon="75.8548489"/>
 <node id="13176854733" visible="true" version="1" changeset="172569818" timestamp="2025-09-28T14:27:59Z" user="someoneeeeyyy" uid="23337497" lat="26.8045390" lon="75.8549941"/>
 <node id="13176854734" visible="true" version="1" changeset="172569818" timestamp="2025-09-28T14:27:59Z" user="someoneeeeyyy" uid="23337497" lat="26.8044387" lon="75.8550434"/>
 <node id="13176854735" visible="true" version="1" changeset="172569818" timestamp="2025-09-28T14:27:59Z" user="someoneeeeyyy" uid="23337497" lat="26.8043818" lon="75.8548981"/>
 <node id="13176854736" visible="true" version="1" changeset="172569818" timestamp="2025-09-28T14:27:59Z" user="someoneeeeyyy" uid="23337497" lat="26.8042704" lon="75.8548939"/>
 <node id="13176854737" visible="true" version="1" changeset="172569818" timestamp="2025-09-28T14:27:59Z" user="someoneeeeyyy" uid="23337497" lat="26.8043207" lon="75.8550327"/>
 <node id="13176854738" visible="true" version="1" changeset="172569818" timestamp="2025-09-28T14:27:59Z" user="someoneeeeyyy" uid="23337497" lat="26.8042241" lon="75.8550767"/>
 <node id="13176854739" visible="true" version="1" changeset="172569818" timestamp="2025-09-28T14:27:59Z" user="someoneeeeyyy" uid="23337497" lat="26.8041737" lon="75.8549378"/>
 <node id="13176854740" visible="true" version="1" changeset="172569818" timestamp="2025-09-28T14:27:59Z" user="someoneeeeyyy" uid="23337497" lat="26.8042381" lon="75.8551438"/>
 <node id="13176854741" visible="true" version="1" changeset="172569818" timestamp="2025-09-28T14:27:59Z" user="someoneeeeyyy" uid="23337497" lat="26.8041410" lon="75.8551961"/>
 <node id="13176854742" visible="true" version="1" changeset="172569818" timestamp="2025-09-28T14:27:59Z" user="someoneeeeyyy" uid="23337497" lat="26.8040778" lon="75.8550271"/>
 <node id="13176854743" visible="true" version="1" changeset="172569818" timestamp="2025-09-28T14:27:59Z" user="someoneeeeyyy" uid="23337497" lat="26.8041799" lon="75.8549772"/>
 <node id="13176854744" visible="true" version="1" changeset="172569818" timestamp="2025-09-28T14:27:59Z" user="someoneeeeyyy" uid="23337497" lat="26.8042114" lon="75.8553801"/>
 <node id="13176854745" visible="true" version="1" changeset="172569818" timestamp="2025-09-28T14:27:59Z" user="someoneeeeyyy" uid="23337497" lat="26.8041147" lon="75.8554265"/>
 <node id="13176854746" visible="true" version="1" changeset="172569818" timestamp="2025-09-28T14:27:59Z" user="someoneeeeyyy" uid="23337497" lat="26.8040443" lon="75.8552425"/>
 <node id="13176854747" visible="true" version="1" changeset="172569818" timestamp="2025-09-28T14:27:59Z" user="someoneeeeyyy" uid="23337497" lat="26.8043470" lon="75.8550895"/>
 <node id="13176854748" visible="true" version="1" changeset="172569818" timestamp="2025-09-28T14:27:59Z" user="someoneeeeyyy" uid="23337497" lat="26.8043151" lon="75.8553374"/>
 <node id="13176854749" visible="true" version="1" changeset="172569818" timestamp="2025-09-28T14:27:59Z" user="someoneeeeyyy" uid="23337497" lat="26.8044239" lon="75.8552831"/>
 <node id="13176854750" visible="true" version="1" changeset="172569818" timestamp="2025-09-28T14:27:59Z" user="someoneeeeyyy" uid="23337497" lat="26.8038496" lon="75.8551288"/>
 <node id="13176854751" visible="true" version="1" changeset="172569818" timestamp="2025-09-28T14:27:59Z" user="someoneeeeyyy" uid="23337497" lat="26.8037696" lon="75.8551629"/>
 <node id="13176854752" visible="true" version="1" changeset="172569818" timestamp="2025-09-28T14:27:59Z" user="someoneeeeyyy" uid="23337497" lat="26.8038062" lon="75.8552812"/>
 <node id="13176854753" visible="true" version="1" changeset="172569818" timestamp="2025-09-28T14:27:59Z" user="someoneeeeyyy" uid="23337497" lat="26.8038896" lon="75.8552416"/>
 <node id="13176854754" visible="true" version="1" changeset="172569818" timestamp="2025-09-28T14:27:59Z" user="someoneeeeyyy" uid="23337497" lat="26.8038856" lon="75.8552308"/>
 <node id="13176854755" visible="true" version="1" changeset="172569818" timestamp="2025-09-28T14:27:59Z" user="someoneeeeyyy" uid="23337497" lat="26.8039110" lon="75.8552187"/>
 <node id="13176854756" visible="true" version="1" changeset="172569818" timestamp="2025-09-28T14:27:59Z" user="someoneeeeyyy" uid="23337497" lat="26.8039369" lon="75.8552871"/>
 <node id="13176854757" visible="true" version="1" changeset="172569818" timestamp="2025-09-28T14:27:59Z" user="someoneeeeyyy" uid="23337497" lat="26.8038280" lon="75.8553388"/>
 <node id="13176854758" visible="true" version="1" changeset="172569818" timestamp="2025-09-28T14:27:59Z" user="someoneeeeyyy" uid="23337497" lat="26.8039707" lon="75.8553655"/>
 <node id="13176854759" visible="true" version="1" changeset="172569818" timestamp="2025-09-28T14:27:59Z" user="someoneeeeyyy" uid="23337497" lat="26.8039104" lon="75.8553934"/>
 <node id="13176854760" visible="true" version="1" changeset="172569818" timestamp="2025-09-28T14:27:59Z" user="someoneeeeyyy" uid="23337497" lat="26.8039346" lon="75.8554590"/>
 <node id="13176854761" visible="true" version="1" changeset="172569818" timestamp="2025-09-28T14:27:59Z" user="someoneeeeyyy" uid="23337497" lat="26.8039866" lon="75.8554349"/>
 <node id="13176854762" visible="true" version="1" changeset="172569818" timestamp="2025-09-28T14:27:59Z" user="someoneeeeyyy" uid="23337497" lat="26.8040043" lon="75.8554829"/>
 <node id="13176854763" visible="true" version="1" changeset="172569818" timestamp="2025-09-28T14:27:59Z" user="someoneeeeyyy" uid="23337497" lat="26.8038962" lon="75.8555330"/>
 <node id="13176854764" visible="true" version="1" changeset="172569818" timestamp="2025-09-28T14:27:59Z" user="someoneeeeyyy" uid="23337497" lat="26.8037325" lon="75.8553978"/>
 <node id="13176854765" visible="true" version="1" changeset="172569818" timestamp="2025-09-28T14:27:59Z" user="someoneeeeyyy" uid="23337497" lat="26.8036291" lon="75.8554449"/>
 <node id="13176854766" visible="true" version="1" changeset="172569818" timestamp="2025-09-28T14:27:59Z" user="someoneeeeyyy" uid="23337497" lat="26.8036951" lon="75.8556266"/>
 <node id="13176854767" visible="true" version="1" changeset="172569818" timestamp="2025-09-28T14:27:59Z" user="someoneeeeyyy" uid="23337497" lat="26.8037984" lon="75.8555795"/>
 <node id="13176854768" visible="true" version="1" changeset="172569818" timestamp="2025-09-28T14:27:59Z" user="someoneeeeyyy" uid="23337497" lat="26.8035182" lon="75.8554940"/>
 <node id="13176854769" visible="true" version="1" changeset="172569818" timestamp="2025-09-28T14:27:59Z" user="someoneeeeyyy" uid="23337497" lat="26.8035892" lon="75.8556776"/>
 <node id="13176854770" visible="true" version="1" changeset="172569818" timestamp="2025-09-28T14:27:59Z" user="someoneeeeyyy" uid="23337497" lat="26.8034101" lon="75.8555482"/>
 <node id="13176854771" visible="true" version="1" changeset="172569818" timestamp="2025-09-28T14:27:59Z" user="someoneeeeyyy" uid="23337497" lat="26.8034794" lon="75.8557290"/>
 <node id="13176854772" visible="true" version="1" changeset="172569818" timestamp="2025-09-28T14:27:59Z" user="someoneeeeyyy" uid="23337497" lat="26.8033696" lon="75.8553513"/>
 <node id="13176854773" visible="true" version="1" changeset="172569818" timestamp="2025-09-28T14:27:59Z" user="someoneeeeyyy" uid="23337497" lat="26.8032848" lon="75.8553862"/>
 <node id="13176854774" visible="true" version="1" changeset="172569818" timestamp="2025-09-28T14:27:59Z" user="someoneeeeyyy" uid="23337497" lat="26.8033442" lon="75.8555670"/>
 <node id="13176854775" visible="true" version="1" changeset="172569818" timestamp="2025-09-28T14:27:59Z" user="someoneeeeyyy" uid="23337497" lat="26.8034290" lon="75.8555321"/>
 <node id="13179725601" visible="true" version="1" changeset="172594713" timestamp="2025-09-29T06:13:34Z" user="ptahiliani" uid="23342313" lat="26.7987473" lon="75.8570864">
  <tag k="addr:housenumber" v="CP4-228"/>
  <tag k="addr:postcode" v="302017"/>
  <tag k="addr:street" v="Mahal Road"/>
  <tag k="name" v="Dotsquares Technologies"/>
  <tag k="office" v="company"/>
  <tag k="opening_hours" v="Mo-Fr 00:00-24:00"/>
  <tag k="website" v="https://dotsquares.com"/>
 </node>
 <node id="13304599864" visible="true" version="1" changeset="174646924" timestamp="2025-11-14T12:50:20Z" user="pawan_gautam21" uid="23505702" lat="26.8049050" lon="75.8555345"/>
 <node id="13304599865" visible="true" version="1" changeset="174646924" timestamp="2025-11-14T12:50:20Z" user="pawan_gautam21" uid="23505702" lat="26.8050342" lon="75.8559306"/>
 <node id="13304599866" visible="true" version="1" changeset="174646924" timestamp="2025-11-14T12:50:20Z" user="pawan_gautam21" uid="23505702" lat="26.8047989" lon="75.8560311"/>
 <node id="13304599867" visible="true" version="1" changeset="174646924" timestamp="2025-11-14T12:50:20Z" user="pawan_gautam21" uid="23505702" lat="26.8046662" lon="75.8556237"/>
 <node id="13399417215" visible="true" version="1" changeset="176340617" timestamp="2025-12-24T07:36:17Z" user="naveenbihali" uid="23598049" lat="26.8000522" lon="75.8563742">
  <tag k="addr:city" v="jagatpura"/>
  <tag k="addr:district" v="Jaipur"/>
  <tag k="addr:postcode" v="302017"/>
  <tag k="name" v="Dogma soft limited"/>
  <tag k="office" v="company"/>
  <tag k="website" v="https://dogmaindia.com/"/>
 </node>
 <way id="163691111" visible="true" version="8" changeset="66058165" timestamp="2019-01-05T21:54:07Z" user="seichter" uid="66497">
  <nd ref="2043554014"/>
  <nd ref="2043554015"/>
  <nd ref="2043554018"/>
  <nd ref="2043554020"/>
  <nd ref="2043554022"/>
  <nd ref="2043554025"/>
  <nd ref="2043554026"/>
  <nd ref="2043554029"/>
  <nd ref="2043554030"/>
  <nd ref="2043554034"/>
  <nd ref="2043554036"/>
  <nd ref="2043554039"/>
  <nd ref="2043554076"/>
  <nd ref="2043554079"/>
  <nd ref="2043554083"/>
  <nd ref="2043554089"/>
  <nd ref="2043554093"/>
  <nd ref="2043554098"/>
  <nd ref="2043554108"/>
  <nd ref="2043554115"/>
  <nd ref="2043554121"/>
  <nd ref="2043554130"/>
  <nd ref="2043554136"/>
  <nd ref="2043554148"/>
  <nd ref="2043554158"/>
  <nd ref="2043554164"/>
  <nd ref="2043554171"/>
  <nd ref="2043554178"/>
  <nd ref="2043554184"/>
  <nd ref="2043554190"/>
  <nd ref="2043554199"/>
  <nd ref="2043554205"/>
  <nd ref="2043554210"/>
  <nd ref="2043554216"/>
  <nd ref="2043554220"/>
  <nd ref="2043554221"/>
  <nd ref="2043554223"/>
  <nd ref="2043554225"/>
  <nd ref="2043554229"/>
  <nd ref="2043554234"/>
  <tag k="cables" v="6"/>
  <tag k="power" v="line"/>
  <tag k="voltage" v="220000"/>
 </way>
 <way id="193847184" visible="true" version="34" changeset="149214118" timestamp="2024-03-27T08:48:14Z" user="jdananda" uid="19368656">
  <nd ref="7087384278"/>
  <nd ref="11575875514"/>
  <nd ref="10253639279"/>
  <nd ref="10262380611"/>
  <nd ref="11765710217"/>
  <nd ref="2043554175"/>
  <nd ref="7807037709"/>
  <nd ref="2043554166"/>
  <nd ref="3833786317"/>
  <nd ref="3833786322"/>
  <nd ref="4815339093"/>
  <nd ref="4815321024"/>
  <nd ref="2043554157"/>
  <nd ref="4815320883"/>
  <nd ref="4815320426"/>
  <nd ref="4807506456"/>
  <nd ref="4815279708"/>
  <nd ref="2043554146"/>
  <nd ref="2043554142"/>
  <nd ref="4815278698"/>
  <nd ref="2043554138"/>
  <nd ref="2043554135"/>
  <nd ref="4815278685"/>
  <nd ref="4815005032"/>
  <nd ref="3778236905"/>
  <nd ref="3778236899"/>
  <nd ref="4815005030"/>
  <nd ref="4815124954"/>
  <nd ref="4814923512"/>
  <nd ref="4815124981"/>
  <nd ref="4815124986"/>
  <nd ref="4814927909"/>
  <nd ref="4815124990"/>
  <nd ref="6731888297"/>
  <nd ref="2043554120"/>
  <nd ref="4807305988"/>
  <nd ref="6728781559"/>
  <nd ref="6728781561"/>
  <nd ref="2043554105"/>
  <nd ref="11098786525"/>
  <nd ref="11098786532"/>
  <nd ref="11224356673"/>
  <nd ref="3833792084"/>
  <nd ref="3833792099"/>
  <nd ref="9766923064"/>
  <nd ref="4807269543"/>
  <nd ref="4807209116"/>
  <nd ref="4807209103"/>
  <nd ref="2043554088"/>
  <nd ref="7087765996"/>
  <nd ref="2043554081"/>
  <nd ref="2043554080"/>
  <tag k="highway" v="tertiary"/>
  <tag k="oneway" v="yes"/>
  <tag k="surface" v="asphalt"/>
 </way>
 <way id="193847185" visible="true" version="37" changeset="147210681" timestamp="2024-02-08T10:16:48Z" user="mithungowda" uid="19554676">
  <nd ref="2043554080"/>
  <nd ref="2043554082"/>
  <nd ref="2043554085"/>
  <nd ref="4807167385"/>
  <nd ref="9840528805"/>
  <nd ref="4807209102"/>
  <nd ref="4807209115"/>
  <nd ref="2043554092"/>
  <nd ref="6734766741"/>
  <nd ref="3833792098"/>
  <nd ref="3833792083"/>
  <nd ref="2043554099"/>
  <nd ref="2043554106"/>
  <nd ref="10008913202"/>
  <nd ref="6728781562"/>
  <nd ref="2043554113"/>
  <nd ref="4807305985"/>
  <nd ref="6731888298"/>
  <nd ref="2043554123"/>
  <nd ref="6333817500"/>
  <nd ref="6333800589"/>
  <nd ref="2043554132"/>
  <nd ref="6333817496"/>
  <nd ref="6333817498"/>
  <nd ref="3778236897"/>
  <nd ref="3778236902"/>
  <nd ref="4815005033"/>
  <nd ref="2043554134"/>
  <nd ref="11578131803"/>
  <nd ref="2043554137"/>
  <nd ref="4815278697"/>
  <nd ref="2043554141"/>
  <nd ref="11578152489"/>
  <nd ref="4815278709"/>
  <nd ref="4807506457"/>
  <tag k="highway" v="tertiary"/>
  <tag k="oneway" v="yes"/>
  <tag k="surface" v="asphalt"/>
 </way>
 <way id="311797100" visible="true" version="12" changeset="93028653" timestamp="2020-10-25T20:37:56Z" user="variable90" uid="9379644">
  <nd ref="1443443363"/>
  <nd ref="1443443420"/>
  <nd ref="1443443511"/>
  <nd ref="2663060630"/>
  <nd ref="1443443588"/>
  <nd ref="2043554032"/>
  <nd ref="2043554035"/>
  <nd ref="2043554038"/>
  <nd ref="2043554041"/>
  <nd ref="4807078853"/>
  <nd ref="2043554043"/>
  <nd ref="2043554078"/>
  <nd ref="2043554086"/>
  <nd ref="2043554091"/>
  <nd ref="2043554095"/>
  <nd ref="2043554103"/>
  <nd ref="2043554109"/>
  <nd ref="2043554118"/>
  <nd ref="2043554128"/>
  <nd ref="2043554139"/>
  <nd ref="2043554149"/>
  <nd ref="2043554154"/>
  <nd ref="2043554162"/>
  <nd ref="2043554169"/>
  <nd ref="2043554177"/>
  <nd ref="2043554183"/>
  <nd ref="2043554191"/>
  <nd ref="2043554200"/>
  <nd ref="2043554204"/>
  <nd ref="2043554209"/>
  <nd ref="2043554214"/>
  <nd ref="2043554215"/>
  <nd ref="2043554219"/>
  <nd ref="2043554228"/>
  <nd ref="3175169836"/>
  <nd ref="3175169837"/>
  <tag k="cables" v="3"/>
  <tag k="power" v="line"/>
  <tag k="voltage" v="132000"/>
 </way>
 <way id="374433100" visible="true" version="24" changeset="162489747" timestamp="2025-02-14T05:45:31Z" user="jyothik" uid="19574771">
  <nd ref="3963102886"/>
  <nd ref="3778236954"/>
  <nd ref="3963129187"/>
  <nd ref="3778236953"/>
  <nd ref="7048879956"/>
  <nd ref="3778236951"/>
  <nd ref="9510941910"/>
  <nd ref="8069199518"/>
  <nd ref="4135511697"/>
  <nd ref="3778236950"/>
  <nd ref="6734900728"/>
  <nd ref="3778236949"/>
  <nd ref="3833789776"/>
  <nd ref="3833788535"/>
  <nd ref="3778236942"/>
  <nd ref="10264220068"/>
  <nd ref="4814831330"/>
  <nd ref="3778236941"/>
  <nd ref="10004125191"/>
  <nd ref="4807386538"/>
  <nd ref="3778236939"/>
  <nd ref="4742995654"/>
  <nd ref="3778236931"/>
  <nd ref="4742995653"/>
  <nd ref="10127524061"/>
  <nd ref="4742995650"/>
  <nd ref="4742996220"/>
  <nd ref="10572801865"/>
  <nd ref="4742996219"/>
  <nd ref="12586953878"/>
  <nd ref="4742996216"/>
  <nd ref="12586953879"/>
  <nd ref="4805655908"/>
  <nd ref="4805637316"/>
  <nd ref="2663060635"/>
  <nd ref="3778236888"/>
  <nd ref="2663060631"/>
  <nd ref="317403542"/>
  <nd ref="3778236886"/>
  <tag k="highway" v="secondary"/>
  <tag k="lanes" v="4"/>
  <tag k="name" v="Mahal Road"/>
  <tag k="oneway" v="yes"/>
 </way>
 <way id="374433101" visible="true" version="18" changeset="147352112" timestamp="2024-02-12T05:51:49Z" user="subhankara" uid="19574788">
  <nd ref="3778236924"/>
  <nd ref="3778236923"/>
  <nd ref="3778236920"/>
  <nd ref="4815320449"/>
  <nd ref="11085170348"/>
  <nd ref="3778236918"/>
  <nd ref="4815190457"/>
  <nd ref="11612616980"/>
  <nd ref="3778236915"/>
  <nd ref="4815172681"/>
  <nd ref="4815172680"/>
  <nd ref="3941156362"/>
  <nd ref="4815168829"/>
  <nd ref="4814986196"/>
  <nd ref="3778236912"/>
  <nd ref="4815125293"/>
  <nd ref="4815125255"/>
  <nd ref="4815124995"/>
  <nd ref="3778236899"/>
  <nd ref="3778236897"/>
  <nd ref="3778236900"/>
  <nd ref="6734829241"/>
  <nd ref="6734829240"/>
  <nd ref="4807506437"/>
  <nd ref="3778236903"/>
  <nd ref="3778236906"/>
  <nd ref="4807499335"/>
  <nd ref="4807333483"/>
  <nd ref="3778236907"/>
  <nd ref="3778236904"/>
  <nd ref="4807305930"/>
  <nd ref="4807305018"/>
  <nd ref="3778236896"/>
  <nd ref="4807305007"/>
  <nd ref="3778236895"/>
  <tag k="highway" v="tertiary"/>
  <tag k="oneway" v="yes"/>
 </way>
 <way id="374433102" visible="true" version="23" changeset="141631780" timestamp="2023-09-23T07:36:42Z" user="sakeebhussain" uid="19368709">
  <nd ref="3778236898"/>
  <nd ref="4807492853"/>
  <nd ref="4807492898"/>
  <nd ref="3778236901"/>
  <nd ref="4807493288"/>
  <nd ref="3778236909"/>
  <nd ref="4807499324"/>
  <nd ref="3778236911"/>
  <nd ref="4807499334"/>
  <nd ref="3778236910"/>
  <nd ref="7070869118"/>
  <nd ref="11211496934"/>
  <nd ref="4807506438"/>
  <nd ref="3778236908"/>
  <nd ref="4807506448"/>
  <nd ref="3778236902"/>
  <nd ref="3778236905"/>
  <nd ref="4815278696"/>
  <nd ref="4815279654"/>
  <nd ref="3778236913"/>
  <nd ref="4814986197"/>
  <nd ref="3778236917"/>
  <nd ref="4815168830"/>
  <nd ref="4815173301"/>
  <nd ref="4815172679"/>
  <nd ref="4815172682"/>
  <nd ref="4815320471"/>
  <nd ref="4815320492"/>
  <nd ref="3778236919"/>
  <nd ref="4815320450"/>
  <nd ref="3778236921"/>
  <nd ref="3778236922"/>
  <nd ref="3778236925"/>
  <nd ref="3833789790"/>
  <nd ref="3833789792"/>
  <nd ref="3826609887"/>
  <nd ref="3826609888"/>
  <nd ref="3826609889"/>
  <nd ref="3826609890"/>
  <nd ref="4817305467"/>
  <nd ref="3826609891"/>
  <nd ref="4817294392"/>
  <nd ref="3826609892"/>
  <nd ref="3826609893"/>
  <nd ref="4817211121"/>
  <nd ref="4817211323"/>
  <nd ref="3826609894"/>
  <nd ref="3826609895"/>
  <nd ref="4817846751"/>
  <nd ref="3826609896"/>
  <nd ref="3826609897"/>
  <nd ref="3826609898"/>
  <nd ref="3826609899"/>
  <tag k="highway" v="tertiary"/>
  <tag k="oneway" v="yes"/>
 </way>
 <way id="374433106" visible="true" version="3" changeset="78669896" timestamp="2019-12-20T07:01:44Z" user="Sarathv" uid="10285135">
  <nd ref="3778236895"/>
  <nd ref="3778236898"/>
  <nd ref="7071517988"/>
  <nd ref="4807385003"/>
  <nd ref="3778236916"/>
  <nd ref="3778236926"/>
  <nd ref="4807385014"/>
  <nd ref="3778236928"/>
  <tag k="highway" v="tertiary"/>
 </way>
 <way id="374433108" visible="true" version="21" changeset="149215549" timestamp="2024-03-27T09:26:57Z" user="mdtauhid" uid="19369851">
  <nd ref="4805655907"/>
  <nd ref="3778236885"/>
  <nd ref="3778236887"/>
  <nd ref="3778236889"/>
  <nd ref="4805637317"/>
  <nd ref="4742995662"/>
  <nd ref="4742996214"/>
  <nd ref="4742996215"/>
  <nd ref="4742996212"/>
  <nd ref="4742996213"/>
  <nd ref="3778236894"/>
  <nd ref="10572801864"/>
  <nd ref="10196645088"/>
  <nd ref="4805637372"/>
  <nd ref="317403545"/>
  <nd ref="3826609880"/>
  <nd ref="4805637358"/>
  <nd ref="10562330405"/>
  <nd ref="10562330414"/>
  <nd ref="10562330412"/>
  <nd ref="4805637290"/>
  <nd ref="317403550"/>
  <nd ref="9771929366"/>
  <nd ref="4742995657"/>
  <nd ref="2663060639"/>
  <nd ref="10153960582"/>
  <nd ref="2663060641"/>
  <nd ref="10153960556"/>
  <nd ref="11765770729"/>
  <nd ref="3778163462"/>
  <nd ref="3476232390"/>
  <nd ref="2663060643"/>
  <nd ref="4727403060"/>
  <nd ref="4727403043"/>
  <nd ref="4727419118"/>
  <nd ref="8069199515"/>
  <nd ref="3963101938"/>
  <nd ref="9510941911"/>
  <nd ref="8069199517"/>
  <nd ref="9510941909"/>
  <nd ref="4520593315"/>
  <nd ref="317403553"/>
  <nd ref="3778236952"/>
  <nd ref="317403554"/>
  <nd ref="6737869601"/>
  <nd ref="8628471884"/>
  <nd ref="3963098348"/>
  <nd ref="3778236955"/>
  <nd ref="6726321166"/>
  <tag k="highway" v="secondary"/>
  <tag k="lanes" v="4"/>
  <tag k="name" v="Mahal Road"/>
  <tag k="oneway" v="yes"/>
 </way>
 <way id="374433111" visible="true" version="8" changeset="146983037" timestamp="2024-02-02T12:19:43Z" user="sambreen" uid="19574772">
  <nd ref="3778236931"/>
  <nd ref="3778236930"/>
  <nd ref="4807385063"/>
  <nd ref="4807385080"/>
  <nd ref="3778236935"/>
  <nd ref="4807385183"/>
  <nd ref="4807385199"/>
  <nd ref="3778236936"/>
  <nd ref="11578892089"/>
  <nd ref="10127524065"/>
  <nd ref="4807385182"/>
  <nd ref="4807385027"/>
  <nd ref="7085413857"/>
  <nd ref="3778236933"/>
  <nd ref="4807399054"/>
  <nd ref="3778236932"/>
  <nd ref="4807385054"/>
  <nd ref="3778236929"/>
  <nd ref="3778236928"/>
  <tag k="highway" v="tertiary"/>
 </way>
 <way id="379359177" visible="true" version="7" changeset="146983251" timestamp="2024-02-02T12:27:34Z" user="sambreen" uid="19574772">
  <nd ref="3826609880"/>
  <nd ref="4742995650"/>
  <nd ref="3826609883"/>
  <nd ref="4742996209"/>
  <nd ref="3826609882"/>
  <nd ref="4807384985"/>
  <nd ref="3826609881"/>
  <nd ref="11578911482"/>
  <nd ref="4807385002"/>
  <nd ref="3778236898"/>
  <tag k="highway" v="tertiary"/>
  <tag k="oneway" v="yes"/>
 </way>
 <way id="379359178" visible="true" version="5" changeset="47997797" timestamp="2017-04-21T09:58:45Z" user="Ranjana Devanand" uid="5252054">
  <nd ref="3778236895"/>
  <nd ref="4807304973"/>
  <nd ref="4807269544"/>
  <nd ref="4807269566"/>
  <nd ref="3826609884"/>
  <nd ref="3826609885"/>
  <nd ref="3826609886"/>
  <nd ref="4742996220"/>
  <nd ref="317403545"/>
  <tag k="highway" v="tertiary"/>
  <tag k="oneway" v="yes"/>
 </way>
 <way id="390960646" visible="true" version="6" changeset="66058165" timestamp="2019-01-05T21:54:15Z" user="seichter" uid="66497">
  <nd ref="4807305988"/>
  <nd ref="4807305987"/>
  <nd ref="4807305986"/>
  <nd ref="3941153610"/>
  <nd ref="3941153609"/>
  <nd ref="3941153606"/>
  <nd ref="3941153603"/>
  <nd ref="3941153602"/>
  <nd ref="3941153600"/>
  <nd ref="3941153599"/>
  <nd ref="3941153598"/>
  <nd ref="3941153597"/>
  <nd ref="3941153595"/>
  <nd ref="3941153594"/>
  <nd ref="3941153593"/>
  <nd ref="3941153591"/>
  <nd ref="4817437380"/>
  <nd ref="3941153590"/>
  <nd ref="3941153589"/>
  <nd ref="3941153588"/>
  <nd ref="4817437375"/>
  <nd ref="3941153587"/>
  <nd ref="4817443957"/>
  <nd ref="3941161461"/>
  <nd ref="3941153585"/>
  <nd ref="3941153586"/>
  <nd ref="3941153592"/>
  <nd ref="3941153596"/>
  <nd ref="3941153601"/>
  <nd ref="4817467589"/>
  <nd ref="3941153604"/>
  <nd ref="4817467578"/>
  <nd ref="3941153605"/>
  <nd ref="3941153607"/>
  <nd ref="3941153608"/>
  <nd ref="4817467606"/>
  <nd ref="3941153611"/>
  <nd ref="3941153613"/>
  <nd ref="3941153614"/>
  <tag k="highway" v="residential"/>
 </way>
 <way id="431659327" visible="true" version="2" changeset="47999693" timestamp="2017-04-21T11:18:15Z" user="Ranjana Devanand" uid="5252054">
  <nd ref="4308865660"/>
  <nd ref="4807399055"/>
  <nd ref="3778236928"/>
  <tag k="highway" v="tertiary"/>
 </way>
 <way id="488229186" visible="true" version="6" changeset="149157296" timestamp="2024-03-26T04:09:53Z" user="olarumankhan" uid="19619725">
  <nd ref="4805637285"/>
  <nd ref="4805637284"/>
  <nd ref="4805678950"/>
  <nd ref="4805637283"/>
  <nd ref="4805678945"/>
  <nd ref="4805637282"/>
  <nd ref="4805637281"/>
  <nd ref="4805637280"/>
  <nd ref="4805637279"/>
  <nd ref="4805637278"/>
  <nd ref="4805637277"/>
  <nd ref="4805637276"/>
  <nd ref="4805637275"/>
  <nd ref="4805637274"/>
  <nd ref="11762755774"/>
  <nd ref="4807286501"/>
  <nd ref="4805637273"/>
  <nd ref="4807286519"/>
  <nd ref="4805637272"/>
  <nd ref="4805637359"/>
  <nd ref="4805637271"/>
  <nd ref="4805605649"/>
  <nd ref="4805637349"/>
  <nd ref="4805605650"/>
  <nd ref="4805605651"/>
  <nd ref="4805637468"/>
  <nd ref="4805605652"/>
  <nd ref="4805605653"/>
  <nd ref="4805605654"/>
  <nd ref="4805605655"/>
  <nd ref="4805605656"/>
  <nd ref="4805637435"/>
  <nd ref="4805605670"/>
  <nd ref="4805605657"/>
  <nd ref="4805605658"/>
  <nd ref="4805605659"/>
  <nd ref="4805605660"/>
  <nd ref="4805605661"/>
  <tag k="highway" v="residential"/>
 </way>
 <way id="488232982" visible="true" version="5" changeset="139502440" timestamp="2023-08-06T05:42:37Z" user="jdananda" uid="19368656">
  <nd ref="4805637290"/>
  <nd ref="10562330410"/>
  <nd ref="4805637291"/>
  <nd ref="4805637292"/>
  <nd ref="4805637293"/>
  <nd ref="4805637300"/>
  <nd ref="4805637294"/>
  <nd ref="4805637295"/>
  <nd ref="4805637296"/>
  <nd ref="4805637297"/>
  <nd ref="4805637298"/>
  <nd ref="4805637299"/>
  <tag k="highway" v="residential"/>
 </way>
 <way id="488232983" visible="true" version="3" changeset="73656316" timestamp="2019-08-23T09:28:26Z" user="Arpitha AM" uid="8782077">
  <nd ref="4805637337"/>
  <nd ref="4805637336"/>
  <nd ref="4805637335"/>
  <nd ref="4805637334"/>
  <nd ref="4805637333"/>
  <nd ref="4805637332"/>
  <nd ref="4805637331"/>
  <nd ref="4805678602"/>
  <nd ref="4805637330"/>
  <nd ref="4805637329"/>
  <nd ref="4805637328"/>
  <nd ref="4805637327"/>
  <nd ref="4805637499"/>
  <nd ref="4805637326"/>
  <nd ref="4805637325"/>
  <nd ref="4805637324"/>
  <nd ref="4805637368"/>
  <nd ref="4805637323"/>
  <nd ref="4805637287"/>
  <nd ref="4805637309"/>
  <nd ref="4805637308"/>
  <nd ref="4805637307"/>
  <nd ref="4805637306"/>
  <nd ref="4805637305"/>
  <nd ref="4805637304"/>
  <nd ref="6738273427"/>
  <nd ref="4805637303"/>
  <nd ref="4805637302"/>
  <nd ref="4805637301"/>
  <nd ref="4805637300"/>
  <tag k="highway" v="secondary"/>
  <tag k="oneway" v="yes"/>
 </way>
 <way id="488232984" visible="true" version="3" changeset="129030099" timestamp="2022-11-17T09:20:30Z" user="Manithak" uid="10516176">
  <nd ref="4805637293"/>
  <nd ref="4805637310"/>
  <nd ref="4805637311"/>
  <nd ref="4805637312"/>
  <nd ref="4805637313"/>
  <nd ref="10097492724"/>
  <nd ref="4805637314"/>
  <nd ref="4805637315"/>
  <nd ref="4805637355"/>
  <nd ref="4805637288"/>
  <nd ref="4805637338"/>
  <nd ref="4805637369"/>
  <nd ref="4805637339"/>
  <nd ref="4805637340"/>
  <nd ref="10196645087"/>
  <nd ref="4805637341"/>
  <nd ref="4805637342"/>
  <nd ref="4805637343"/>
  <nd ref="4805637344"/>
  <nd ref="4805637345"/>
  <nd ref="4805637346"/>
  <nd ref="4805637347"/>
  <nd ref="4805637348"/>
  <nd ref="4805637319"/>
  <tag k="highway" v="secondary"/>
  <tag k="oneway" v="yes"/>
 </way>
 <way id="488232985" visible="true" version="20" changeset="149206895" timestamp="2024-03-27T07:06:32Z" user="mdtauhid" uid="19369851">
  <nd ref="4805637316"/>
  <nd ref="4805637317"/>
  <nd ref="4805655873"/>
  <nd ref="4805637318"/>
  <nd ref="4805637319"/>
  <nd ref="4805637337"/>
  <nd ref="8059215251"/>
  <nd ref="4805637320"/>
  <nd ref="4805637321"/>
  <nd ref="11096752267"/>
  <nd ref="4805637322"/>
  <nd ref="4805655839"/>
  <nd ref="4805655840"/>
  <nd ref="4805655841"/>
  <nd ref="4805655842"/>
  <nd ref="4805637285"/>
  <nd ref="4805655843"/>
  <nd ref="4805678974"/>
  <nd ref="4805678969"/>
  <nd ref="4805655844"/>
  <nd ref="4805678963"/>
  <nd ref="11607405333"/>
  <nd ref="4805655845"/>
  <nd ref="11607393176"/>
  <nd ref="11607424201"/>
  <nd ref="4805655846"/>
  <nd ref="11607395510"/>
  <nd ref="11607409812"/>
  <nd ref="4805655847"/>
  <nd ref="4805678984"/>
  <nd ref="4805678981"/>
  <nd ref="4805655848"/>
  <nd ref="4805655849"/>
  <nd ref="4805679017"/>
  <nd ref="4805655850"/>
  <nd ref="4805679021"/>
  <nd ref="4805679028"/>
  <nd ref="4805655851"/>
  <nd ref="4805655852"/>
  <nd ref="4805655853"/>
  <nd ref="4805655854"/>
  <nd ref="4805655855"/>
  <nd ref="4805655856"/>
  <nd ref="4805679078"/>
  <nd ref="4805655857"/>
  <nd ref="4805655858"/>
  <nd ref="4805655861"/>
  <nd ref="4805655862"/>
  <nd ref="4805679071"/>
  <nd ref="4805655863"/>
  <nd ref="4805679066"/>
  <nd ref="4805655864"/>
  <nd ref="4805655865"/>
  <nd ref="4805679051"/>
  <nd ref="4805655866"/>
  <nd ref="4805685557"/>
  <nd ref="4805679047"/>
  <nd ref="4805655867"/>
  <nd ref="4805679035"/>
  <nd ref="4805685564"/>
  <nd ref="4805655868"/>
  <nd ref="11083558129"/>
  <nd ref="4805655869"/>
  <nd ref="4805685572"/>
  <nd ref="6728768663"/>
  <nd ref="4805655870"/>
  <nd ref="6728768662"/>
  <nd ref="4805679004"/>
  <nd ref="4805655871"/>
  <nd ref="4805655872"/>
  <nd ref="4805678986"/>
  <nd ref="4805678987"/>
  <nd ref="4805678988"/>
  <nd ref="4805678989"/>
  <nd ref="4805678990"/>
  <nd ref="4805678991"/>
  <nd ref="4805678992"/>
  <nd ref="4805678993"/>
  <nd ref="4805678994"/>
  <nd ref="4805678995"/>
  <tag k="highway" v="residential"/>
 </way>
 <way id="488232986" visible="true" version="4" changeset="140487875" timestamp="2023-08-28T10:34:01Z" user="mithungowda" uid="19554676">
  <nd ref="4805637349"/>
  <nd ref="4805637350"/>
  <nd ref="4805637374"/>
  <nd ref="4805637351"/>
  <nd ref="4805637352"/>
  <nd ref="4805637353"/>
  <nd ref="4805637354"/>
  <nd ref="4805637466"/>
  <nd ref="4805637309"/>
  <nd ref="4805637355"/>
  <nd ref="10562330406"/>
  <nd ref="4805637358"/>
  <tag k="highway" v="residential"/>
 </way>
 <way id="488232987" visible="true" version="5" changeset="141716494" timestamp="2023-09-25T07:17:16Z" user="manojnobi" uid="19376976">
  <nd ref="4805637359"/>
  <nd ref="4805637360"/>
  <nd ref="4805637361"/>
  <nd ref="4805637362"/>
  <nd ref="4805637363"/>
  <nd ref="4805637512"/>
  <nd ref="4805637364"/>
  <nd ref="4805637368"/>
  <nd ref="4805637369"/>
  <nd ref="11149969505"/>
  <nd ref="11217288763"/>
  <nd ref="4805637370"/>
  <nd ref="4805637371"/>
  <nd ref="11149949202"/>
  <nd ref="10572801862"/>
  <nd ref="4805637372"/>
  <tag k="highway" v="residential"/>
 </way>
 <way id="488232988" visible="true" version="3" changeset="124460822" timestamp="2022-08-04T04:54:38Z" user="user_10603760" uid="10603760">
  <nd ref="4805637373"/>
  <nd ref="4805637374"/>
  <nd ref="4805637375"/>
  <nd ref="4805637376"/>
  <nd ref="4805637377"/>
  <nd ref="4805637478"/>
  <nd ref="4805637378"/>
  <nd ref="4805637379"/>
  <nd ref="4805637380"/>
  <nd ref="4805637381"/>
  <nd ref="4805637399"/>
  <nd ref="4805637382"/>
  <nd ref="4805637440"/>
  <nd ref="4805637383"/>
  <nd ref="4805637384"/>
  <nd ref="4805637385"/>
  <nd ref="4805637386"/>
  <nd ref="4805637387"/>
  <nd ref="4805637388"/>
  <nd ref="9930907541"/>
  <nd ref="9930907526"/>
  <nd ref="4805637389"/>
  <nd ref="4805637390"/>
  <nd ref="4805637406"/>
  <nd ref="4805637391"/>
  <nd ref="4805637392"/>
  <nd ref="4805637393"/>
  <nd ref="4805637419"/>
  <nd ref="4805637394"/>
  <nd ref="4805637395"/>
  <nd ref="4805637396"/>
  <nd ref="4805637397"/>
  <nd ref="4805637398"/>
  <nd ref="4805637299"/>
  <tag k="highway" v="residential"/>
 </way>
 <way id="488232989" visible="true" version="3" changeset="73656316" timestamp="2019-08-23T09:28:26Z" user="Arpitha AM" uid="8782077">
  <nd ref="4805637399"/>
  <nd ref="4805637400"/>
  <nd ref="4805637412"/>
  <nd ref="4805637401"/>
  <nd ref="4805637491"/>
  <nd ref="4805637418"/>
  <nd ref="4805637402"/>
  <nd ref="4805637403"/>
  <nd ref="4805637426"/>
  <nd ref="4805637404"/>
  <nd ref="4805637405"/>
  <nd ref="4805637450"/>
  <tag k="highway" v="residential"/>
 </way>
 <way id="488232991" visible="true" version="2" changeset="66058165" timestamp="2019-01-05T21:55:24Z" user="seichter" uid="66497">
  <nd ref="4805637392"/>
  <nd ref="4805637413"/>
  <nd ref="4805637414"/>
  <nd ref="4805637415"/>
  <nd ref="4805637416"/>
  <nd ref="4805637417"/>
  <nd ref="4805637418"/>
  <tag k="highway" v="residential"/>
 </way>
 <way id="488232992" visible="true" version="2" changeset="66058165" timestamp="2019-01-05T21:55:24Z" user="seichter" uid="66497">
  <nd ref="4805637419"/>
  <nd ref="4805637420"/>
  <nd ref="4805637421"/>
  <nd ref="4805637422"/>
  <nd ref="4805637423"/>
  <nd ref="4805637424"/>
  <nd ref="4805637425"/>
  <nd ref="4805637426"/>
  <tag k="highway" v="residential"/>
 </way>
 <way id="488232996" visible="true" version="2" changeset="66058165" timestamp="2019-01-05T21:55:24Z" user="seichter" uid="66497">
  <nd ref="4805637395"/>
  <nd ref="4805637441"/>
  <nd ref="4805637442"/>
  <nd ref="4805637443"/>
  <nd ref="4805637444"/>
  <nd ref="4805637405"/>
  <nd ref="4805637445"/>
  <nd ref="4805637458"/>
  <nd ref="4805637459"/>
  <nd ref="4805637460"/>
  <nd ref="4805637485"/>
  <nd ref="4805637461"/>
  <nd ref="4805637462"/>
  <tag k="highway" v="residential"/>
 </way>
 <way id="488232997" visible="true" version="3" changeset="73656316" timestamp="2019-08-23T09:28:26Z" user="Arpitha AM" uid="8782077">
  <nd ref="4805637298"/>
  <nd ref="4805637446"/>
  <nd ref="4805637447"/>
  <nd ref="4805637448"/>
  <nd ref="4805637449"/>
  <nd ref="4805637450"/>
  <nd ref="4805637451"/>
  <nd ref="6738273428"/>
  <nd ref="4805637452"/>
  <nd ref="4805637453"/>
  <nd ref="4805637454"/>
  <nd ref="4805637455"/>
  <nd ref="4805637456"/>
  <nd ref="4805637457"/>
  <nd ref="4805637463"/>
  <nd ref="4805637464"/>
  <nd ref="4805637465"/>
  <nd ref="4805637466"/>
  <nd ref="4805637467"/>
  <tag k="highway" v="residential"/>
 </way>
 <way id="488232998" visible="true" version="2" changeset="66058165" timestamp="2019-01-05T21:55:24Z" user="seichter" uid="66497">
  <nd ref="4805637468"/>
  <nd ref="4805637469"/>
  <nd ref="4805637490"/>
  <nd ref="4805637470"/>
  <nd ref="4805637376"/>
  <nd ref="4805637471"/>
  <nd ref="4805637472"/>
  <nd ref="4805637473"/>
  <nd ref="4805637474"/>
  <nd ref="4805637475"/>
  <nd ref="4805637476"/>
  <nd ref="4805637462"/>
  <nd ref="4805637477"/>
  <nd ref="4805637457"/>
  <tag k="highway" v="residential"/>
 </way>
 <way id="488232999" visible="true" version="2" changeset="66058165" timestamp="2019-01-05T21:55:24Z" user="seichter" uid="66497">
  <nd ref="4805637478"/>
  <nd ref="4805637479"/>
  <nd ref="4805637480"/>
  <nd ref="4805637498"/>
  <nd ref="4805637481"/>
  <nd ref="4805637482"/>
  <nd ref="4805637483"/>
  <nd ref="4805637484"/>
  <nd ref="4805637485"/>
  <tag k="highway" v="residential"/>
 </way>
 <way id="488233000" visible="true" version="2" changeset="66058165" timestamp="2019-01-05T21:55:25Z" user="seichter" uid="66497">
  <nd ref="4805637491"/>
  <nd ref="4805637492"/>
  <nd ref="4805637493"/>
  <nd ref="4805637494"/>
  <nd ref="4805637495"/>
  <nd ref="4805637496"/>
  <nd ref="4805637497"/>
  <nd ref="4805637498"/>
  <tag k="highway" v="residential"/>
 </way>
 <way id="488233001" visible="true" version="4" changeset="75648762" timestamp="2019-10-14T08:12:07Z" user="Rajyalakshmi" uid="10287759">
  <nd ref="4805637499"/>
  <nd ref="4805637500"/>
  <nd ref="4805637501"/>
  <nd ref="4805678593"/>
  <nd ref="4805637502"/>
  <nd ref="4805637503"/>
  <nd ref="4805637504"/>
  <nd ref="4805637505"/>
  <nd ref="4805637506"/>
  <nd ref="4805637507"/>
  <nd ref="4805637508"/>
  <nd ref="4805637509"/>
  <nd ref="4805637510"/>
  <nd ref="4805637511"/>
  <nd ref="4805637512"/>
  <nd ref="4805637513"/>
  <tag k="highway" v="residential"/>
 </way>
 <way id="488235611" visible="true" version="8" changeset="122415850" timestamp="2022-06-15T12:12:58Z" user="YataGeo" uid="15458620">
  <nd ref="4805655907"/>
  <nd ref="9819738797"/>
  <nd ref="9819738796"/>
  <nd ref="9819738795"/>
  <nd ref="4805655905"/>
  <nd ref="4805655904"/>
  <nd ref="4805655903"/>
  <nd ref="4807167360"/>
  <nd ref="4805655902"/>
  <nd ref="4805655901"/>
  <nd ref="4805655900"/>
  <nd ref="4805655899"/>
  <nd ref="4805655898"/>
  <nd ref="4807167338"/>
  <nd ref="4805655897"/>
  <nd ref="4805655896"/>
  <nd ref="4805655895"/>
  <nd ref="4805655894"/>
  <nd ref="4805655893"/>
  <nd ref="4805655892"/>
  <nd ref="6728768653"/>
  <nd ref="6728768669"/>
  <nd ref="6728768655"/>
  <nd ref="4805655891"/>
  <nd ref="4805655890"/>
  <nd ref="4805655889"/>
  <nd ref="4805655888"/>
  <nd ref="4805655887"/>
  <nd ref="4805655886"/>
  <nd ref="4805655885"/>
  <nd ref="4805655884"/>
  <nd ref="4805655883"/>
  <nd ref="4805655882"/>
  <nd ref="4805655881"/>
  <nd ref="4805655880"/>
  <nd ref="4805678616"/>
  <nd ref="4805655879"/>
  <nd ref="4805655878"/>
  <nd ref="4805655877"/>
  <nd ref="4805655876"/>
  <nd ref="4805655875"/>
  <nd ref="4805655874"/>
  <nd ref="4805655873"/>
  <tag k="highway" v="secondary"/>
  <tag k="oneway" v="no"/>
 </way>
 <way id="488235612" visible="true" version="13" changeset="141847685" timestamp="2023-09-28T06:07:08Z" user="nileshbarawkar" uid="16275544">
  <nd ref="4742995662"/>
  <nd ref="4805655908"/>
  <nd ref="4805655914"/>
  <nd ref="4805655909"/>
  <nd ref="4805655910"/>
  <nd ref="4805655911"/>
  <nd ref="4807269558"/>
  <nd ref="4807269557"/>
  <nd ref="4805655912"/>
  <nd ref="4805655913"/>
  <nd ref="4807305949"/>
  <nd ref="4807305950"/>
  <nd ref="4807305951"/>
  <nd ref="11096762308"/>
  <nd ref="4807305952"/>
  <nd ref="4807305953"/>
  <nd ref="4807305954"/>
  <nd ref="8042637354"/>
  <nd ref="4807305955"/>
  <nd ref="4807305956"/>
  <nd ref="11096766143"/>
  <nd ref="4807305957"/>
  <nd ref="4807316955"/>
  <nd ref="4807305958"/>
  <nd ref="4807305959"/>
  <nd ref="11224277736"/>
  <nd ref="4807305960"/>
  <nd ref="4807305961"/>
  <nd ref="10008913197"/>
  <nd ref="4807305963"/>
  <nd ref="4807305964"/>
  <nd ref="4807305965"/>
  <nd ref="4807334059"/>
  <nd ref="4807305966"/>
  <nd ref="4807305967"/>
  <nd ref="4807305968"/>
  <nd ref="4807305969"/>
  <nd ref="4807305970"/>
  <nd ref="4807305971"/>
  <nd ref="4807305972"/>
  <nd ref="4807305973"/>
  <nd ref="4807305974"/>
  <nd ref="4807305975"/>
  <nd ref="4807305976"/>
  <nd ref="11224325712"/>
  <nd ref="4807305977"/>
  <nd ref="11224325710"/>
  <nd ref="4807305978"/>
  <nd ref="4807305979"/>
  <tag k="highway" v="residential"/>
 </way>
 <way id="488235613" visible="true" version="7" changeset="124226285" timestamp="2022-07-29T11:19:11Z" user="Manithak" uid="10516176">
  <nd ref="4805655914"/>
  <nd ref="4805655915"/>
  <nd ref="4805655916"/>
  <nd ref="4805655917"/>
  <nd ref="4805655918"/>
  <nd ref="4805655919"/>
  <nd ref="4805655920"/>
  <nd ref="4805656021"/>
  <nd ref="4805656022"/>
  <nd ref="4805656023"/>
  <nd ref="4805656024"/>
  <nd ref="4805656025"/>
  <nd ref="4805656026"/>
  <nd ref="4805656027"/>
  <nd ref="4805656028"/>
  <nd ref="4805656029"/>
  <nd ref="4805656030"/>
  <nd ref="4805656031"/>
  <nd ref="4805656032"/>
  <nd ref="4805656033"/>
  <nd ref="4805656034"/>
  <nd ref="4805656035"/>
  <nd ref="4805656036"/>
  <nd ref="4805656037"/>
  <nd ref="4805656038"/>
  <nd ref="4805656039"/>
  <nd ref="4805656040"/>
  <nd ref="4805656041"/>
  <nd ref="4805656042"/>
  <nd ref="4805656043"/>
  <nd ref="4805656044"/>
  <nd ref="4805656045"/>
  <nd ref="4805656046"/>
  <nd ref="4805656047"/>
  <nd ref="4805656048"/>
  <nd ref="4805656049"/>
  <nd ref="4805656050"/>
  <nd ref="4805656051"/>
  <nd ref="9918998148"/>
  <nd ref="4805656052"/>
  <nd ref="4805656053"/>
  <nd ref="4805656054"/>
  <nd ref="4805656055"/>
  <nd ref="4805656056"/>
  <nd ref="7048744262"/>
  <nd ref="4805656057"/>
  <nd ref="4805656058"/>
  <nd ref="4805656059"/>
  <nd ref="4805656060"/>
  <nd ref="4805656061"/>
  <nd ref="4805656062"/>
  <nd ref="4805656063"/>
  <nd ref="4805656064"/>
  <nd ref="4805656065"/>
  <nd ref="4805656066"/>
  <nd ref="4805656067"/>
  <nd ref="4805656068"/>
  <nd ref="4805656069"/>
  <nd ref="4805656070"/>
  <nd ref="3778236886"/>
  <tag k="highway" v="secondary"/>
  <tag k="oneway" v="no"/>
 </way>
 <way id="488238448" visible="true" version="2" changeset="66058165" timestamp="2019-01-05T21:55:25Z" user="seichter" uid="66497">
  <nd ref="4805678593"/>
  <nd ref="4805678594"/>
  <nd ref="4805678595"/>
  <nd ref="4805678596"/>
  <nd ref="4805678597"/>
  <nd ref="4805678598"/>
  <nd ref="4805678599"/>
  <nd ref="4805678600"/>
  <nd ref="4805678601"/>
  <nd ref="4805678602"/>
  <tag k="highway" v="residential"/>
 </way>
 <way id="488238449" visible="true" version="2" changeset="66058165" timestamp="2019-01-05T21:55:25Z" user="seichter" uid="66497">
  <nd ref="4805637502"/>
  <nd ref="4805678603"/>
  <nd ref="4805678604"/>
  <nd ref="4805678605"/>
  <nd ref="4805678606"/>
  <nd ref="4805678607"/>
  <nd ref="4805678608"/>
  <nd ref="4805678599"/>
  <tag k="highway" v="residential"/>
 </way>
 <way id="488238451" visible="true" version="2" changeset="66058165" timestamp="2019-01-05T21:55:25Z" user="seichter" uid="66497">
  <nd ref="4805637321"/>
  <nd ref="4805678617"/>
  <nd ref="4805678618"/>
  <nd ref="4805678619"/>
  <nd ref="4805678620"/>
  <nd ref="4805678921"/>
  <nd ref="4805678922"/>
  <nd ref="4805678923"/>
  <tag k="highway" v="residential"/>
 </way>
 <way id="488238458" visible="true" version="2" changeset="66058165" timestamp="2019-01-05T21:55:25Z" user="seichter" uid="66497">
  <nd ref="4805678950"/>
  <nd ref="4805678951"/>
  <nd ref="4805678952"/>
  <nd ref="4805678970"/>
  <nd ref="4805678953"/>
  <nd ref="4805678954"/>
  <nd ref="4805678964"/>
  <nd ref="4805678955"/>
  <nd ref="4805678956"/>
  <nd ref="4805678957"/>
  <tag k="highway" v="residential"/>
 </way>
 <way id="488238462" visible="true" version="2" changeset="66058165" timestamp="2019-01-05T21:55:25Z" user="seichter" uid="66497">
  <nd ref="4805678970"/>
  <nd ref="4805678971"/>
  <nd ref="4805678972"/>
  <nd ref="4805678973"/>
  <nd ref="4805678974"/>
  <tag k="highway" v="residential"/>
 </way>
 <way id="488424638" visible="true" version="2" changeset="66058165" timestamp="2019-01-05T21:55:34Z" user="seichter" uid="66497">
  <nd ref="4807269544"/>
  <nd ref="4807269545"/>
  <nd ref="4807269546"/>
  <nd ref="4807269547"/>
  <nd ref="4807269548"/>
  <nd ref="4807269549"/>
  <nd ref="4807269550"/>
  <nd ref="4807269551"/>
  <nd ref="4807269552"/>
  <nd ref="4807269553"/>
  <nd ref="4807269554"/>
  <nd ref="4807269555"/>
  <nd ref="4807269556"/>
  <nd ref="4807269557"/>
  <tag k="highway" v="residential"/>
  <tag k="oneway" v="yes"/>
 </way>
 <way id="488424640" visible="true" version="2" changeset="66058165" timestamp="2019-01-05T21:55:34Z" user="seichter" uid="66497">
  <nd ref="4807269558"/>
  <nd ref="4807269559"/>
  <nd ref="4807269560"/>
  <nd ref="4807269561"/>
  <nd ref="4807269562"/>
  <nd ref="4807269563"/>
  <nd ref="4807269564"/>
  <nd ref="4807269565"/>
  <nd ref="4807269566"/>
  <tag k="highway" v="residential"/>
  <tag k="oneway" v="yes"/>
 </way>
 <way id="488426771" visible="true" version="2" changeset="66058165" timestamp="2019-01-05T21:55:34Z" user="seichter" uid="66497">
  <nd ref="4807286501"/>
  <nd ref="4807286502"/>
  <nd ref="4807286511"/>
  <nd ref="4807286503"/>
  <nd ref="4807286504"/>
  <nd ref="4807286505"/>
  <nd ref="4807286506"/>
  <nd ref="4807286507"/>
  <nd ref="4807286508"/>
  <nd ref="4807286509"/>
  <nd ref="4807286510"/>
  <tag k="highway" v="residential"/>
 </way>
 <way id="488426772" visible="true" version="2" changeset="66058165" timestamp="2019-01-05T21:55:34Z" user="seichter" uid="66497">
  <nd ref="4807286511"/>
  <nd ref="4807286512"/>
  <nd ref="4807286513"/>
  <nd ref="4807286514"/>
  <nd ref="4807286515"/>
  <nd ref="4807286516"/>
  <nd ref="4807286517"/>
  <nd ref="4807286518"/>
  <nd ref="4807286519"/>
  <tag k="highway" v="residential"/>
 </way>
 <way id="488429008" visible="true" version="2" changeset="66058165" timestamp="2019-01-05T21:55:34Z" user="seichter" uid="66497">
  <nd ref="4807304973"/>
  <nd ref="4807304974"/>
  <nd ref="4807304975"/>
  <nd ref="4807304976"/>
  <nd ref="4807304977"/>
  <nd ref="4807304989"/>
  <nd ref="4807304978"/>
  <nd ref="4807304979"/>
  <nd ref="4807304980"/>
  <nd ref="4807304981"/>
  <nd ref="4807304982"/>
  <nd ref="4807304983"/>
  <nd ref="4807304984"/>
  <tag k="highway" v="residential"/>
 </way>
 <way id="488429009" visible="true" version="2" changeset="66058165" timestamp="2019-01-05T21:55:34Z" user="seichter" uid="66497">
  <nd ref="4807269548"/>
  <nd ref="4807304985"/>
  <nd ref="4807304986"/>
  <nd ref="4807304987"/>
  <nd ref="4807304993"/>
  <nd ref="4807304988"/>
  <nd ref="4807304989"/>
  <tag k="highway" v="residential"/>
 </way>
 <way id="488429010" visible="true" version="2" changeset="66058165" timestamp="2019-01-05T21:55:34Z" user="seichter" uid="66497">
  <nd ref="4807269552"/>
  <nd ref="4807304990"/>
  <nd ref="4807304991"/>
  <nd ref="4807304998"/>
  <nd ref="4807304992"/>
  <nd ref="4807304982"/>
  <tag k="highway" v="residential"/>
 </way>
 <way id="488429011" visible="true" version="2" changeset="66058165" timestamp="2019-01-05T21:55:35Z" user="seichter" uid="66497">
  <nd ref="4807304993"/>
  <nd ref="4807304994"/>
  <nd ref="4807304995"/>
  <nd ref="4807304996"/>
  <nd ref="4807304997"/>
  <nd ref="4807304998"/>
  <tag k="highway" v="residential"/>
 </way>
 <way id="488429012" visible="true" version="2" changeset="66058165" timestamp="2019-01-05T21:55:35Z" user="seichter" uid="66497">
  <nd ref="3778236895"/>
  <nd ref="4807304999"/>
  <nd ref="4807305000"/>
  <nd ref="4807305001"/>
  <nd ref="4807305002"/>
  <nd ref="4807305003"/>
  <nd ref="4807305004"/>
  <nd ref="4807305005"/>
  <nd ref="4807305006"/>
  <tag k="highway" v="residential"/>
 </way>
 <way id="488429013" visible="true" version="2" changeset="66058165" timestamp="2019-01-05T21:55:35Z" user="seichter" uid="66497">
  <nd ref="4807305007"/>
  <nd ref="4807305008"/>
  <nd ref="4807305009"/>
  <nd ref="4807305010"/>
  <nd ref="4807305011"/>
  <nd ref="4807305012"/>
  <nd ref="4807305013"/>
  <nd ref="4807305942"/>
  <nd ref="4807305946"/>
  <nd ref="4807305014"/>
  <nd ref="4807305015"/>
  <nd ref="4807305016"/>
  <nd ref="4807305017"/>
  <tag k="highway" v="residential"/>
 </way>
 <way id="488429014" visible="true" version="2" changeset="66058165" timestamp="2019-01-05T21:55:35Z" user="seichter" uid="66497">
  <nd ref="4807305018"/>
  <nd ref="4807305019"/>
  <nd ref="4807305020"/>
  <nd ref="4807305921"/>
  <nd ref="4807305922"/>
  <nd ref="4807305923"/>
  <nd ref="4807305945"/>
  <nd ref="4807305924"/>
  <nd ref="4807305925"/>
  <nd ref="4807305926"/>
  <nd ref="4807305927"/>
  <nd ref="4807305928"/>
  <nd ref="4807305929"/>
  <tag k="highway" v="residential"/>
 </way>
 <way id="488429015" visible="true" version="2" changeset="66058165" timestamp="2019-01-05T21:55:35Z" user="seichter" uid="66497">
  <nd ref="4807305930"/>
  <nd ref="4807305931"/>
  <nd ref="4807305932"/>
  <nd ref="4807305933"/>
  <nd ref="4807305934"/>
  <nd ref="4807305935"/>
  <nd ref="4807305936"/>
  <nd ref="4807305937"/>
  <nd ref="4807305938"/>
  <tag k="highway" v="residential"/>
 </way>
 <way id="488429016" visible="true" version="2" changeset="66058165" timestamp="2019-01-05T21:55:35Z" user="seichter" uid="66497">
  <nd ref="4807305002"/>
  <nd ref="4807305939"/>
  <nd ref="4807305940"/>
  <nd ref="4807305941"/>
  <nd ref="4807305942"/>
  <tag k="highway" v="residential"/>
 </way>
 <way id="488429017" visible="true" version="2" changeset="66058165" timestamp="2019-01-05T21:55:35Z" user="seichter" uid="66497">
  <nd ref="4807305012"/>
  <nd ref="4807305943"/>
  <nd ref="4807305944"/>
  <nd ref="4807305945"/>
  <tag k="highway" v="residential"/>
 </way>
 <way id="488429018" visible="true" version="2" changeset="66058165" timestamp="2019-01-05T21:55:35Z" user="seichter" uid="66497">
  <nd ref="4807305946"/>
  <nd ref="4807305947"/>
  <nd ref="4807305948"/>
  <nd ref="4807305926"/>
  <tag k="highway" v="residential"/>
 </way>
 <way id="488429019" visible="true" version="5" changeset="141847559" timestamp="2023-09-28T06:02:11Z" user="nileshbarawkar" uid="16275544">
  <nd ref="4807305971"/>
  <nd ref="4807334087"/>
  <nd ref="4807334096"/>
  <nd ref="11224325717"/>
  <nd ref="4807305985"/>
  <nd ref="4807305988"/>
  <tag k="highway" v="residential"/>
 </way>
 <way id="488430332" visible="true" version="4" changeset="141847685" timestamp="2023-09-28T06:07:08Z" user="nileshbarawkar" uid="16275544">
  <nd ref="4807315795"/>
  <nd ref="4807316926"/>
  <tag k="highway" v="residential"/>
 </way>
 <way id="488430334" visible="true" version="2" changeset="66058165" timestamp="2019-01-05T21:55:35Z" user="seichter" uid="66497">
  <nd ref="4807316940"/>
  <nd ref="4807316956"/>
  <nd ref="4807316957"/>
  <nd ref="4807316958"/>
  <nd ref="4807316959"/>
  <nd ref="4807316960"/>
  <nd ref="4807316961"/>
  <tag k="highway" v="residential"/>
 </way>
 <way id="488432648" visible="true" version="4" changeset="141847559" timestamp="2023-09-28T06:02:11Z" user="nileshbarawkar" uid="16275544">
  <nd ref="4807333483"/>
  <nd ref="6735094777"/>
  <nd ref="4807333495"/>
  <nd ref="4807333515"/>
  <nd ref="4807333494"/>
  <tag k="highway" v="residential"/>
 </way>
 <way id="488432649" visible="true" version="4" changeset="141847559" timestamp="2023-09-28T06:02:11Z" user="nileshbarawkar" uid="16275544">
  <nd ref="4807333501"/>
  <nd ref="4807333507"/>
  <nd ref="4807333513"/>
  <tag k="highway" v="residential"/>
 </way>
 <way id="488432650" visible="true" version="3" changeset="141847559" timestamp="2023-09-28T06:02:11Z" user="nileshbarawkar" uid="16275544">
  <nd ref="4807333515"/>
  <nd ref="4807333930"/>
  <nd ref="4807333507"/>
  <tag k="highway" v="residential"/>
 </way>
 <way id="488432651" visible="true" version="3" changeset="141847559" timestamp="2023-09-28T06:02:11Z" user="nileshbarawkar" uid="16275544">
  <nd ref="4807333922"/>
  <nd ref="4807333930"/>
  <nd ref="4807333945"/>
  <nd ref="4807333939"/>
  <tag k="highway" v="residential"/>
 </way>
 <way id="488432652" visible="true" version="3" changeset="141847559" timestamp="2023-09-28T06:02:11Z" user="nileshbarawkar" uid="16275544">
  <nd ref="4807333513"/>
  <nd ref="4807333944"/>
  <tag k="highway" v="residential"/>
 </way>
 <way id="488432653" visible="true" version="3" changeset="141847559" timestamp="2023-09-28T06:02:11Z" user="nileshbarawkar" uid="16275544">
  <nd ref="4807333945"/>
  <nd ref="4807333513"/>
  <tag k="highway" v="residential"/>
 </way>
 <way id="488432654" visible="true" version="3" changeset="141847559" timestamp="2023-09-28T06:02:11Z" user="nileshbarawkar" uid="16275544">
  <nd ref="4807333952"/>
  <nd ref="4807333970"/>
  <nd ref="4807333969"/>
  <tag k="highway" v="residential"/>
 </way>
 <way id="488432655" visible="true" version="3" changeset="141847559" timestamp="2023-09-28T06:02:11Z" user="nileshbarawkar" uid="16275544">
  <nd ref="4807333970"/>
  <nd ref="4807333973"/>
  <nd ref="4807333998"/>
  <nd ref="4807334006"/>
  <nd ref="4807333983"/>
  <tag k="highway" v="residential"/>
 </way>
 <way id="488432656" visible="true" version="3" changeset="141847559" timestamp="2023-09-28T06:02:11Z" user="nileshbarawkar" uid="16275544">
  <nd ref="4807333984"/>
  <nd ref="4807333973"/>
  <tag k="highway" v="residential"/>
 </way>
 <way id="488432657" visible="true" version="3" changeset="141847559" timestamp="2023-09-28T06:02:11Z" user="nileshbarawkar" uid="16275544">
  <nd ref="4807333991"/>
  <nd ref="4807333998"/>
  <tag k="highway" v="residential"/>
 </way>
 <way id="488432658" visible="true" version="3" changeset="141847559" timestamp="2023-09-28T06:02:11Z" user="nileshbarawkar" uid="16275544">
  <nd ref="4807333999"/>
  <nd ref="4807334006"/>
  <tag k="highway" v="residential"/>
 </way>
 <way id="488432659" visible="true" version="3" changeset="141847559" timestamp="2023-09-28T06:02:11Z" user="nileshbarawkar" uid="16275544">
  <nd ref="4807334007"/>
  <nd ref="4807333983"/>
  <nd ref="4807334012"/>
  <tag k="highway" v="residential"/>
 </way>
 <way id="488432660" visible="true" version="5" changeset="141847559" timestamp="2023-09-28T06:02:11Z" user="nileshbarawkar" uid="16275544">
  <nd ref="4807305961"/>
  <nd ref="4807334013"/>
  <nd ref="4807334014"/>
  <nd ref="4807334015"/>
  <nd ref="4807334016"/>
  <nd ref="4807334017"/>
  <nd ref="4807334018"/>
  <nd ref="4807334019"/>
  <nd ref="4807334027"/>
  <nd ref="4807333939"/>
  <nd ref="4807334020"/>
  <nd ref="4807334054"/>
  <nd ref="4807333944"/>
  <nd ref="4807334021"/>
  <nd ref="4807333969"/>
  <nd ref="4807334045"/>
  <nd ref="4807334022"/>
  <nd ref="4807334068"/>
  <nd ref="4807334023"/>
  <nd ref="4807334069"/>
  <nd ref="4807334024"/>
  <nd ref="4807334075"/>
  <nd ref="4807334025"/>
  <nd ref="4807334012"/>
  <nd ref="4814923501"/>
  <nd ref="11224325718"/>
  <nd ref="4807334026"/>
  <nd ref="6731888298"/>
  <nd ref="6731888297"/>
  <tag k="highway" v="residential"/>
 </way>
 <way id="488432661" visible="true" version="3" changeset="141847685" timestamp="2023-09-28T06:07:08Z" user="nileshbarawkar" uid="16275544">
  <nd ref="4807334027"/>
  <nd ref="4807334036"/>
  <tag k="highway" v="residential"/>
 </way>
 <way id="488432662" visible="true" version="3" changeset="141847685" timestamp="2023-09-28T06:07:08Z" user="nileshbarawkar" uid="16275544">
  <nd ref="4807334046"/>
  <nd ref="4807334054"/>
  <tag k="highway" v="residential"/>
 </way>
 <way id="488432663" visible="true" version="3" changeset="141847685" timestamp="2023-09-28T06:07:08Z" user="nileshbarawkar" uid="16275544">
  <nd ref="4807305963"/>
  <nd ref="4807334036"/>
  <tag k="highway" v="residential"/>
 </way>
 <way id="488432664" visible="true" version="2" changeset="66058165" timestamp="2019-01-05T21:55:37Z" user="seichter" uid="66497">
  <nd ref="4807334059"/>
  <nd ref="4807334060"/>
  <nd ref="4807334061"/>
  <nd ref="4807334062"/>
  <nd ref="4807334041"/>
  <tag k="highway" v="residential"/>
 </way>
 <way id="488432665" visible="true" version="4" changeset="141847685" timestamp="2023-09-28T06:07:08Z" user="nileshbarawkar" uid="16275544">
  <nd ref="4807334064"/>
  <nd ref="11224325721"/>
  <nd ref="4807334068"/>
  <tag k="highway" v="residential"/>
 </way>
 <way id="488432666" visible="true" version="3" changeset="141847559" timestamp="2023-09-28T06:02:11Z" user="nileshbarawkar" uid="16275544">
  <nd ref="4807334069"/>
  <nd ref="4807334074"/>
  <tag k="highway" v="residential"/>
 </way>
 <way id="488432667" visible="true" version="3" changeset="141847559" timestamp="2023-09-28T06:02:11Z" user="nileshbarawkar" uid="16275544">
  <nd ref="4807334075"/>
  <nd ref="11224325722"/>
  <nd ref="4807334088"/>
  <nd ref="4807334087"/>
  <tag k="highway" v="residential"/>
 </way>
 <way id="488432668" visible="true" version="3" changeset="141847685" timestamp="2023-09-28T06:07:08Z" user="nileshbarawkar" uid="16275544">
  <nd ref="4807334088"/>
  <nd ref="4807334091"/>
  <tag k="highway" v="residential"/>
 </way>
 <way id="488432669" visible="true" version="4" changeset="141847685" timestamp="2023-09-28T06:07:08Z" user="nileshbarawkar" uid="16275544">
  <nd ref="4807334012"/>
  <nd ref="4807334097"/>
  <nd ref="11224344738"/>
  <nd ref="4807334096"/>
  <tag k="highway" v="residential"/>
 </way>
 <way id="488432670" visible="true" version="2" changeset="66058165" timestamp="2019-01-05T21:55:37Z" user="seichter" uid="66497">
  <nd ref="4807334097"/>
  <nd ref="4807334098"/>
  <nd ref="4807334099"/>
  <nd ref="4807334100"/>
  <nd ref="4807334101"/>
  <nd ref="4807334102"/>
  <nd ref="4807334103"/>
  <nd ref="4807334104"/>
  <nd ref="4807334105"/>
  <tag k="highway" v="residential"/>
 </way>
 <way id="488439366" visible="true" version="3" changeset="128024108" timestamp="2022-10-25T06:53:17Z" user="Nissa S" uid="15089619">
  <nd ref="4807384985"/>
  <nd ref="4807384986"/>
  <nd ref="4807384987"/>
  <nd ref="4807384992"/>
  <nd ref="4807384988"/>
  <nd ref="4807384989"/>
  <nd ref="10127524063"/>
  <nd ref="4807384990"/>
  <nd ref="4807384991"/>
  <tag k="highway" v="residential"/>
 </way>
 <way id="488439367" visible="true" version="2" changeset="66058165" timestamp="2019-01-05T21:55:37Z" user="seichter" uid="66497">
  <nd ref="4807384992"/>
  <nd ref="4807384993"/>
  <nd ref="4807384994"/>
  <nd ref="4807385015"/>
  <nd ref="4807384995"/>
  <nd ref="4807384996"/>
  <nd ref="4807384997"/>
  <nd ref="4807384998"/>
  <nd ref="4807384999"/>
  <nd ref="4807385000"/>
  <nd ref="4807385001"/>
  <nd ref="4807385002"/>
  <tag k="highway" v="residential"/>
 </way>
 <way id="488439368" visible="true" version="4" changeset="131030559" timestamp="2023-01-08T20:57:30Z" user="Madhubala S" uid="15097560">
  <nd ref="4807385003"/>
  <nd ref="4807385004"/>
  <nd ref="4807385005"/>
  <nd ref="10315576305"/>
  <nd ref="4807385006"/>
  <nd ref="4807385007"/>
  <nd ref="4807385008"/>
  <nd ref="4807385009"/>
  <nd ref="4807492916"/>
  <nd ref="4807385010"/>
  <nd ref="4807385011"/>
  <nd ref="4807385012"/>
  <nd ref="4807385013"/>
  <nd ref="4807385014"/>
  <tag k="highway" v="residential"/>
 </way>
 <way id="488439369" visible="true" version="3" changeset="146983092" timestamp="2024-02-02T12:21:42Z" user="sambreen" uid="19574772">
  <nd ref="4807385015"/>
  <nd ref="4807385016"/>
  <nd ref="4807385017"/>
  <nd ref="4807385018"/>
  <nd ref="4807385019"/>
  <nd ref="4807385020"/>
  <nd ref="4807385021"/>
  <nd ref="11578870814"/>
  <nd ref="4807385022"/>
  <nd ref="4807385023"/>
  <nd ref="4807385024"/>
  <nd ref="4807385025"/>
  <nd ref="4807385026"/>
  <nd ref="4807385027"/>
  <tag k="highway" v="residential"/>
 </way>
 <way id="488439370" visible="true" version="2" changeset="66058165" timestamp="2019-01-05T21:55:37Z" user="seichter" uid="66497">
  <nd ref="4807385022"/>
  <nd ref="4807385028"/>
  <nd ref="4807385029"/>
  <nd ref="4807385030"/>
  <nd ref="4807385031"/>
  <nd ref="4807385032"/>
  <nd ref="4807385036"/>
  <nd ref="4807385033"/>
  <nd ref="4807385034"/>
  <nd ref="4807385035"/>
  <tag k="highway" v="residential"/>
 </way>
 <way id="488439371" visible="true" version="3" changeset="66058165" timestamp="2019-01-05T21:55:37Z" user="seichter" uid="66497">
  <nd ref="4807385036"/>
  <nd ref="4807385037"/>
  <nd ref="4807385038"/>
  <nd ref="4807385053"/>
  <nd ref="4807385039"/>
  <nd ref="4807385040"/>
  <nd ref="4807385041"/>
  <nd ref="4807385042"/>
  <nd ref="4807385043"/>
  <nd ref="4807385044"/>
  <nd ref="4807384995"/>
  <tag k="highway" v="residential"/>
 </way>
 <way id="488439372" visible="true" version="2" changeset="66058165" timestamp="2019-01-05T21:55:38Z" user="seichter" uid="66497">
  <nd ref="4807385043"/>
  <nd ref="4807385046"/>
  <nd ref="4807385047"/>
  <nd ref="4807385048"/>
  <nd ref="4807385049"/>
  <nd ref="4807385050"/>
  <nd ref="4807385051"/>
  <tag k="highway" v="residential"/>
 </way>
 <way id="488439373" visible="true" version="2" changeset="66058165" timestamp="2019-01-05T21:55:38Z" user="seichter" uid="66497">
  <nd ref="4807385021"/>
  <nd ref="4807385051"/>
  <nd ref="4807385052"/>
  <nd ref="4807385053"/>
  <tag k="highway" v="residential"/>
 </way>
 <way id="488439374" visible="true" version="2" changeset="66058165" timestamp="2019-01-05T21:55:38Z" user="seichter" uid="66497">
  <nd ref="4807385054"/>
  <nd ref="4807385055"/>
  <nd ref="4807385056"/>
  <nd ref="4807385035"/>
  <nd ref="4807385057"/>
  <nd ref="4807385058"/>
  <nd ref="4807385059"/>
  <nd ref="4807385060"/>
  <nd ref="4807385061"/>
  <nd ref="4807385062"/>
  <nd ref="4807384998"/>
  <tag k="highway" v="residential"/>
 </way>
 <way id="488439376" visible="true" version="3" changeset="66058165" timestamp="2019-01-05T21:55:38Z" user="seichter" uid="66497">
  <nd ref="4807385080"/>
  <nd ref="4807385081"/>
  <nd ref="4807385082"/>
  <nd ref="4807385083"/>
  <nd ref="4807385084"/>
  <nd ref="4807385085"/>
  <nd ref="4807385086"/>
  <nd ref="4807385195"/>
  <nd ref="4807385087"/>
  <nd ref="4807385088"/>
  <nd ref="4807385089"/>
  <nd ref="4807385098"/>
  <nd ref="4807385090"/>
  <nd ref="4807385091"/>
  <nd ref="4807385092"/>
  <nd ref="4807385093"/>
  <nd ref="4807385094"/>
  <nd ref="4807385095"/>
  <nd ref="4807384918"/>
  <nd ref="4807385096"/>
  <nd ref="4807385097"/>
  <nd ref="4807385104"/>
  <nd ref="4807385105"/>
  <nd ref="4807385106"/>
  <nd ref="4807385107"/>
  <nd ref="4807385108"/>
  <nd ref="4807385109"/>
  <nd ref="4807385110"/>
  <nd ref="4807385111"/>
  <nd ref="4807385112"/>
  <nd ref="4807385113"/>
  <nd ref="4807385114"/>
  <nd ref="4807385115"/>
  <nd ref="4807385116"/>
  <tag k="highway" v="residential"/>
 </way>
 <way id="488439383" visible="true" version="3" changeset="66058165" timestamp="2019-01-05T21:55:38Z" user="seichter" uid="66497">
  <nd ref="4807385156"/>
  <nd ref="4807385157"/>
  <nd ref="4807385158"/>
  <nd ref="4807385159"/>
  <nd ref="4807385160"/>
  <nd ref="4807385161"/>
  <nd ref="4807385162"/>
  <nd ref="4807385163"/>
  <nd ref="4807385164"/>
  <nd ref="4807385165"/>
  <nd ref="4807398483"/>
  <nd ref="4807385166"/>
  <nd ref="4807385167"/>
  <nd ref="4807385168"/>
  <nd ref="4807385169"/>
  <nd ref="4807385170"/>
  <nd ref="4807385173"/>
  <nd ref="4807385171"/>
  <nd ref="4807385172"/>
  <nd ref="4807385174"/>
  <nd ref="4807385211"/>
  <nd ref="4807385175"/>
  <nd ref="4807385176"/>
  <nd ref="4807385177"/>
  <nd ref="4807385178"/>
  <nd ref="4807385179"/>
  <nd ref="4807385180"/>
  <nd ref="4807385181"/>
  <nd ref="4807385182"/>
  <tag k="highway" v="residential"/>
 </way>
 <way id="488439384" visible="true" version="2" changeset="66058165" timestamp="2019-01-05T21:55:38Z" user="seichter" uid="66497">
  <nd ref="4807385188"/>
  <nd ref="4807385193"/>
  <nd ref="4807385194"/>
  <nd ref="4807385195"/>
  <tag k="highway" v="residential"/>
 </way>
 <way id="488439386" visible="true" version="2" changeset="66058165" timestamp="2019-01-05T21:55:38Z" user="seichter" uid="66497">
  <nd ref="4807385184"/>
  <nd ref="4807385185"/>
  <nd ref="4807385186"/>
  <nd ref="4807385187"/>
  <nd ref="4807385188"/>
  <nd ref="4807385189"/>
  <nd ref="4807385192"/>
  <nd ref="4807385190"/>
  <nd ref="4807385191"/>
  <tag k="highway" v="residential"/>
 </way>
 <way id="488439387" visible="true" version="2" changeset="66058165" timestamp="2019-01-05T21:55:38Z" user="seichter" uid="66497">
  <nd ref="4807385199"/>
  <nd ref="4807385200"/>
  <nd ref="4807385201"/>
  <nd ref="4807385202"/>
  <nd ref="4807385203"/>
  <nd ref="4807385204"/>
  <nd ref="4807385205"/>
  <nd ref="4807385206"/>
  <nd ref="4807385207"/>
  <nd ref="4807385208"/>
  <nd ref="4807385209"/>
  <nd ref="4807385210"/>
  <nd ref="4807385211"/>
  <tag k="highway" v="residential"/>
 </way>
 <way id="488440840" visible="true" version="2" changeset="66058165" timestamp="2019-01-05T21:55:39Z" user="seichter" uid="66497">
  <nd ref="4807398499"/>
  <nd ref="4807398516"/>
  <nd ref="4807398517"/>
  <nd ref="4807398518"/>
  <nd ref="4807398519"/>
  <nd ref="4807398520"/>
  <nd ref="4807399021"/>
  <nd ref="4807399043"/>
  <nd ref="4807399044"/>
  <nd ref="4807399045"/>
  <nd ref="4807399046"/>
  <nd ref="4807399047"/>
  <nd ref="4807399048"/>
  <nd ref="4807399049"/>
  <nd ref="4807399050"/>
  <nd ref="4807399051"/>
  <nd ref="4807399052"/>
  <nd ref="4807399053"/>
  <nd ref="4807399054"/>
  <tag k="highway" v="residential"/>
 </way>
 <way id="488440842" visible="true" version="2" changeset="66058165" timestamp="2019-01-05T21:55:39Z" user="seichter" uid="66497">
  <nd ref="4807399042"/>
  <nd ref="4807399041"/>
  <nd ref="4807399079"/>
  <nd ref="4807399040"/>
  <nd ref="4807399039"/>
  <nd ref="4807399045"/>
  <nd ref="4807399038"/>
  <nd ref="4807399037"/>
  <nd ref="4807399074"/>
  <nd ref="4807399036"/>
  <nd ref="4807399035"/>
  <nd ref="4807399034"/>
  <nd ref="4807399033"/>
  <nd ref="4807399032"/>
  <nd ref="4807399031"/>
  <nd ref="4807399030"/>
  <nd ref="4807399022"/>
  <nd ref="4807398509"/>
  <nd ref="4807399023"/>
  <nd ref="4807399024"/>
  <nd ref="4807398515"/>
  <nd ref="4807399025"/>
  <nd ref="4807399026"/>
  <nd ref="4807399021"/>
  <nd ref="4807399027"/>
  <nd ref="4807399028"/>
  <nd ref="4807399029"/>
  <tag k="highway" v="residential"/>
 </way>
 <way id="488440845" visible="true" version="2" changeset="66058165" timestamp="2019-01-05T21:55:39Z" user="seichter" uid="66497">
  <nd ref="4807399055"/>
  <nd ref="4807399056"/>
  <nd ref="4807399084"/>
  <nd ref="4807399057"/>
  <nd ref="4807399051"/>
  <nd ref="4807399058"/>
  <nd ref="4807399068"/>
  <nd ref="4807399059"/>
  <nd ref="4807399060"/>
  <nd ref="4807399062"/>
  <nd ref="4807399061"/>
  <tag k="highway" v="residential"/>
 </way>
 <way id="488440847" visible="true" version="3" changeset="130145419" timestamp="2022-12-16T08:46:43Z" user="Madhubala S" uid="15097560">
  <nd ref="4807399062"/>
  <nd ref="4807399064"/>
  <nd ref="4807399065"/>
  <nd ref="4807399066"/>
  <nd ref="4807399067"/>
  <tag k="highway" v="residential"/>
 </way>
 <way id="488440849" visible="true" version="2" changeset="66058165" timestamp="2019-01-05T21:55:39Z" user="seichter" uid="66497">
  <nd ref="4807399068"/>
  <nd ref="4807399069"/>
  <nd ref="4807399070"/>
  <nd ref="4807399075"/>
  <nd ref="4807399071"/>
  <nd ref="4807399072"/>
  <nd ref="4807399073"/>
  <nd ref="4807399074"/>
  <tag k="highway" v="residential"/>
 </way>
 <way id="488440850" visible="true" version="2" changeset="66058165" timestamp="2019-01-05T21:55:39Z" user="seichter" uid="66497">
  <nd ref="4807399075"/>
  <nd ref="4807399076"/>
  <nd ref="4807399077"/>
  <nd ref="4807399078"/>
  <nd ref="4807399049"/>
  <tag k="highway" v="residential"/>
 </way>
 <way id="488440851" visible="true" version="2" changeset="66058165" timestamp="2019-01-05T21:55:39Z" user="seichter" uid="66497">
  <nd ref="4807399079"/>
  <nd ref="4807399080"/>
  <nd ref="4807399081"/>
  <nd ref="4807399082"/>
  <nd ref="4807399083"/>
  <nd ref="4807399084"/>
  <tag k="highway" v="residential"/>
 </way>
 <way id="488444640" visible="true" version="12" changeset="147241587" timestamp="2024-02-09T05:21:26Z" user="nileshbarawkar" uid="16275544">
  <nd ref="4807506471"/>
  <nd ref="11601291295"/>
  <nd ref="4807433600"/>
  <nd ref="4814762815"/>
  <nd ref="4814762783"/>
  <nd ref="4814762745"/>
  <nd ref="11597869677"/>
  <nd ref="11597869675"/>
  <nd ref="11597822961"/>
  <nd ref="11578806305"/>
  <nd ref="6734053489"/>
  <nd ref="11578852581"/>
  <nd ref="11581644751"/>
  <nd ref="4807433595"/>
  <tag k="highway" v="tertiary"/>
  <tag k="oneway" v="yes"/>
 </way>
 <way id="488444641" visible="true" version="4" changeset="146981813" timestamp="2024-02-02T11:44:54Z" user="sambreen" uid="19574772">
  <nd ref="4807399042"/>
  <nd ref="4807399029"/>
  <nd ref="4807398501"/>
  <nd ref="11578751877"/>
  <nd ref="6728635965"/>
  <nd ref="4308865661"/>
  <tag k="highway" v="residential"/>
 </way>
 <way id="488445471" visible="true" version="9" changeset="147241587" timestamp="2024-02-09T05:21:26Z" user="nileshbarawkar" uid="16275544">
  <nd ref="4807433595"/>
  <nd ref="11581644750"/>
  <nd ref="6731861597"/>
  <nd ref="11601291290"/>
  <nd ref="11601291291"/>
  <nd ref="4814762746"/>
  <nd ref="11601291292"/>
  <nd ref="11601291293"/>
  <nd ref="11601291294"/>
  <nd ref="4814779523"/>
  <nd ref="4807506472"/>
  <nd ref="4308865659"/>
  <nd ref="4807433605"/>
  <tag k="highway" v="tertiary"/>
  <tag k="oneway" v="yes"/>
 </way>
 <way id="488451879" visible="true" version="5" changeset="147241546" timestamp="2024-02-09T05:18:19Z" user="subhankara" uid="19574788">
  <nd ref="7071517991"/>
  <nd ref="4807492854"/>
  <nd ref="4807492855"/>
  <nd ref="4807492856"/>
  <nd ref="10315576303"/>
  <nd ref="4807492857"/>
  <nd ref="4807492858"/>
  <nd ref="4807492859"/>
  <nd ref="4807492860"/>
  <nd ref="4807492861"/>
  <nd ref="4807492862"/>
  <nd ref="4807492863"/>
  <nd ref="11601278474"/>
  <nd ref="4807492864"/>
  <nd ref="4807492865"/>
  <nd ref="4807492919"/>
  <nd ref="4807492866"/>
  <nd ref="4807492914"/>
  <nd ref="4807492867"/>
  <nd ref="4807492868"/>
  <nd ref="4807492869"/>
  <nd ref="4807492870"/>
  <nd ref="4807492871"/>
  <nd ref="4807492872"/>
  <nd ref="4807492873"/>
  <tag k="highway" v="residential"/>
 </way>
 <way id="488451880" visible="true" version="3" changeset="73601116" timestamp="2019-08-22T01:28:48Z" user="@niladari" uid="8782068">
  <nd ref="4807385013"/>
  <nd ref="4807492874"/>
  <nd ref="4807492875"/>
  <nd ref="4807492873"/>
  <nd ref="4807492876"/>
  <nd ref="6734053491"/>
  <nd ref="4807492877"/>
  <nd ref="4807492899"/>
  <nd ref="4807492878"/>
  <nd ref="4807492879"/>
  <nd ref="4807492880"/>
  <nd ref="4807492881"/>
  <nd ref="4807492882"/>
  <nd ref="4807492883"/>
  <nd ref="4807492884"/>
  <nd ref="4807492920"/>
  <nd ref="4807492885"/>
  <nd ref="4807492913"/>
  <nd ref="4807492886"/>
  <nd ref="4807492887"/>
  <nd ref="4807492888"/>
  <nd ref="4807492889"/>
  <nd ref="4807492890"/>
  <nd ref="4807492891"/>
  <nd ref="4807492892"/>
  <nd ref="4807492893"/>
  <nd ref="4807492894"/>
  <nd ref="4807492895"/>
  <nd ref="4807492896"/>
  <nd ref="4807492897"/>
  <nd ref="4807492898"/>
  <tag k="highway" v="residential"/>
 </way>
 <way id="488451881" visible="true" version="2" changeset="66058165" timestamp="2019-01-05T21:55:40Z" user="seichter" uid="66497">
  <nd ref="4807492899"/>
  <nd ref="4807492900"/>
  <nd ref="4807492901"/>
  <nd ref="4807492902"/>
  <nd ref="4807492903"/>
  <nd ref="4807492904"/>
  <nd ref="4807492905"/>
  <nd ref="4807492906"/>
  <nd ref="4807492907"/>
  <nd ref="4807492909"/>
  <nd ref="4807492908"/>
  <tag k="highway" v="residential"/>
 </way>
 <way id="488451882" visible="true" version="2" changeset="66058165" timestamp="2019-01-05T21:55:40Z" user="seichter" uid="66497">
  <nd ref="4807492909"/>
  <nd ref="4807492910"/>
  <nd ref="4807492911"/>
  <nd ref="4807492912"/>
  <nd ref="4807492913"/>
  <tag k="highway" v="residential"/>
 </way>
 <way id="488451883" visible="true" version="2" changeset="66058165" timestamp="2019-01-05T21:55:40Z" user="seichter" uid="66497">
  <nd ref="4807492914"/>
  <nd ref="4807492915"/>
  <nd ref="4807492908"/>
  <tag k="highway" v="residential"/>
 </way>
 <way id="488451884" visible="true" version="2" changeset="66058165" timestamp="2019-01-05T21:55:40Z" user="seichter" uid="66497">
  <nd ref="4807492916"/>
  <nd ref="4807492917"/>
  <nd ref="4807492918"/>
  <nd ref="4807492919"/>
  <tag k="highway" v="residential"/>
 </way>
 <way id="488451885" visible="true" version="5" changeset="141818479" timestamp="2023-09-27T12:44:05Z" user="nileshbarawkar" uid="16275544">
  <nd ref="4807492920"/>
  <nd ref="4814762728"/>
  <nd ref="4807493250"/>
  <nd ref="4814762760"/>
  <nd ref="4807493266"/>
  <nd ref="4807493282"/>
  <nd ref="4807493232"/>
  <nd ref="11072326605"/>
  <nd ref="4807493246"/>
  <nd ref="4807493249"/>
  <tag k="highway" v="residential"/>
 </way>
 <way id="488451886" visible="true" version="3" changeset="141818479" timestamp="2023-09-27T12:44:05Z" user="nileshbarawkar" uid="16275544">
  <nd ref="4807493250"/>
  <nd ref="4807493295"/>
  <nd ref="4807493298"/>
  <nd ref="4807493263"/>
  <nd ref="4807493265"/>
  <tag k="highway" v="residential"/>
 </way>
 <way id="488451887" visible="true" version="3" changeset="141818479" timestamp="2023-09-27T12:44:05Z" user="nileshbarawkar" uid="16275544">
  <nd ref="4807493266"/>
  <nd ref="4807493268"/>
  <nd ref="4807493289"/>
  <nd ref="4807493301"/>
  <nd ref="4807493276"/>
  <tag k="highway" v="residential"/>
 </way>
 <way id="488451888" visible="true" version="3" changeset="141818479" timestamp="2023-09-27T12:44:05Z" user="nileshbarawkar" uid="16275544">
  <nd ref="4807493263"/>
  <nd ref="4807493276"/>
  <nd ref="4807493281"/>
  <tag k="highway" v="residential"/>
 </way>
 <way id="488451889" visible="true" version="4" changeset="141818479" timestamp="2023-09-27T12:44:05Z" user="nileshbarawkar" uid="16275544">
  <nd ref="4807493282"/>
  <nd ref="4807493292"/>
  <nd ref="4807493281"/>
  <nd ref="10315576306"/>
  <nd ref="4807493288"/>
  <tag k="highway" v="residential"/>
 </way>
 <way id="488451890" visible="true" version="2" changeset="66058165" timestamp="2019-01-05T21:55:40Z" user="seichter" uid="66497">
  <nd ref="4807493289"/>
  <nd ref="4807493290"/>
  <nd ref="4807493291"/>
  <nd ref="4807493292"/>
  <tag k="highway" v="residential"/>
 </way>
 <way id="488451891" visible="true" version="3" changeset="141818479" timestamp="2023-09-27T12:44:05Z" user="nileshbarawkar" uid="16275544">
  <nd ref="4807493293"/>
  <nd ref="4807493295"/>
  <nd ref="4807493268"/>
  <tag k="highway" v="residential"/>
 </way>
 <way id="488451892" visible="true" version="3" changeset="141818479" timestamp="2023-09-27T12:44:05Z" user="nileshbarawkar" uid="16275544">
  <nd ref="4807493298"/>
  <nd ref="4807493301"/>
  <tag k="highway" v="residential"/>
 </way>
 <way id="488452623" visible="true" version="2" changeset="66058165" timestamp="2019-01-05T21:55:40Z" user="seichter" uid="66497">
  <nd ref="4807497204"/>
  <nd ref="4807497205"/>
  <nd ref="4807497206"/>
  <nd ref="4807497207"/>
  <nd ref="4807497208"/>
  <nd ref="4807497209"/>
  <nd ref="4807497210"/>
  <nd ref="4807497211"/>
  <nd ref="4807497212"/>
  <tag k="highway" v="residential"/>
 </way>
 <way id="488452625" visible="true" version="3" changeset="141818479" timestamp="2023-09-27T12:44:05Z" user="nileshbarawkar" uid="16275544">
  <nd ref="4807497213"/>
  <nd ref="4807497212"/>
  <nd ref="4807499324"/>
  <tag k="highway" v="residential"/>
 </way>
 <way id="488452627" visible="true" version="3" changeset="66058165" timestamp="2019-01-05T21:55:41Z" user="seichter" uid="66497">
  <nd ref="4807499325"/>
  <nd ref="4807499326"/>
  <nd ref="4807499327"/>
  <nd ref="4807499328"/>
  <nd ref="4807499329"/>
  <nd ref="4807499330"/>
  <nd ref="4807506428"/>
  <nd ref="4807499331"/>
  <nd ref="4807499332"/>
  <nd ref="4807499333"/>
  <nd ref="4807499334"/>
  <nd ref="4807499335"/>
  <tag k="highway" v="residential"/>
 </way>
 <way id="488453904" visible="true" version="2" changeset="66058165" timestamp="2019-01-05T21:55:41Z" user="seichter" uid="66497">
  <nd ref="4807506422"/>
  <nd ref="4807506423"/>
  <nd ref="4807506424"/>
  <nd ref="4807506425"/>
  <nd ref="4807506426"/>
  <nd ref="4807506427"/>
  <nd ref="4807506428"/>
  <nd ref="4807506429"/>
  <nd ref="4807506430"/>
  <nd ref="4807506431"/>
  <nd ref="4807506432"/>
  <tag k="highway" v="residential"/>
 </way>
 <way id="488453905" visible="true" version="2" changeset="66058165" timestamp="2019-01-05T21:55:41Z" user="seichter" uid="66497">
  <nd ref="4807506430"/>
  <nd ref="4807506433"/>
  <nd ref="4807506434"/>
  <nd ref="4807506435"/>
  <nd ref="4807506436"/>
  <tag k="highway" v="residential"/>
 </way>
 <way id="488453906" visible="true" version="6" changeset="147211013" timestamp="2024-02-08T10:25:59Z" user="mithungowda" uid="19554676">
  <nd ref="4807506437"/>
  <nd ref="4807506438"/>
  <nd ref="4807506439"/>
  <nd ref="11578180281"/>
  <nd ref="4807506440"/>
  <nd ref="4807506441"/>
  <nd ref="4807506442"/>
  <nd ref="4807519038"/>
  <nd ref="4807506443"/>
  <nd ref="4807493249"/>
  <nd ref="4807506444"/>
  <nd ref="4807506445"/>
  <nd ref="4807506446"/>
  <nd ref="4807506447"/>
  <nd ref="4807519106"/>
  <nd ref="4807519107"/>
  <nd ref="4814762984"/>
  <nd ref="4814762985"/>
  <nd ref="4814762986"/>
  <nd ref="4814762983"/>
  <nd ref="11597838581"/>
  <nd ref="4814762987"/>
  <nd ref="4814762988"/>
  <nd ref="4814762989"/>
  <nd ref="4814762990"/>
  <nd ref="4814762991"/>
  <nd ref="4814762992"/>
  <nd ref="4814762956"/>
  <tag k="highway" v="residential"/>
 </way>
 <way id="488453907" visible="true" version="4" changeset="147210681" timestamp="2024-02-08T10:16:48Z" user="mithungowda" uid="19554676">
  <nd ref="4807506448"/>
  <nd ref="4807506449"/>
  <nd ref="4807506450"/>
  <nd ref="4807506451"/>
  <nd ref="4807519037"/>
  <nd ref="4807519072"/>
  <nd ref="4807506452"/>
  <nd ref="4807506453"/>
  <nd ref="4807519059"/>
  <nd ref="4807506454"/>
  <nd ref="4807506455"/>
  <nd ref="11597789275"/>
  <tag k="highway" v="residential"/>
 </way>
 <way id="488453908" visible="true" version="10" changeset="147241587" timestamp="2024-02-09T05:21:26Z" user="nileshbarawkar" uid="16275544">
  <nd ref="4807506457"/>
  <nd ref="4814876963"/>
  <nd ref="4807506458"/>
  <nd ref="4807506460"/>
  <nd ref="4807506461"/>
  <nd ref="4807506455"/>
  <nd ref="4807506462"/>
  <nd ref="4814876701"/>
  <nd ref="4807506463"/>
  <nd ref="4807506464"/>
  <nd ref="4814894075"/>
  <nd ref="4807506465"/>
  <nd ref="4814894023"/>
  <nd ref="11597803910"/>
  <nd ref="4807506466"/>
  <nd ref="4814893108"/>
  <nd ref="11597838588"/>
  <nd ref="4807506467"/>
  <nd ref="4807506468"/>
  <nd ref="4814893066"/>
  <nd ref="4814762939"/>
  <nd ref="4807506469"/>
  <nd ref="4814762874"/>
  <nd ref="4807506470"/>
  <nd ref="4807433603"/>
  <tag k="highway" v="tertiary"/>
  <tag k="oneway" v="yes"/>
 </way>
 <way id="488455841" visible="true" version="11" changeset="166494027" timestamp="2025-05-19T19:40:52Z" user="Mateusz Konieczny - bot account" uid="3199858">
  <nd ref="4807493249"/>
  <nd ref="11096714104"/>
  <nd ref="4807519031"/>
  <nd ref="8727252669"/>
  <nd ref="8727286560"/>
  <nd ref="4807519032"/>
  <nd ref="4807519728"/>
  <nd ref="4807519723"/>
  <nd ref="4807519035"/>
  <nd ref="4807519036"/>
  <nd ref="8727162202"/>
  <nd ref="4807519037"/>
  <tag k="access" v="private"/>
  <tag k="highway" v="service"/>
  <tag k="lit" v="yes"/>
  <tag k="name" v="Lotus Villa Main Street"/>
  <tag k="sidewalk" v="no"/>
  <tag k="surface" v="rock"/>
 </way>
 <way id="488455843" visible="true" version="8" changeset="139555583" timestamp="2023-08-07T09:53:31Z" user="chandrashekaru" uid="19582889">
  <nd ref="4807519038"/>
  <nd ref="8840176823"/>
  <nd ref="4807519039"/>
  <nd ref="4807519042"/>
  <nd ref="4807519043"/>
  <tag k="access" v="private"/>
  <tag k="highway" v="service"/>
  <tag k="lit" v="yes"/>
  <tag k="name" v="Perl Street"/>
  <tag k="sidewalk" v="right"/>
  <tag k="surface" v="asphalt"/>
 </way>
 <way id="488455845" visible="true" version="4" changeset="139555583" timestamp="2023-08-07T09:53:31Z" user="chandrashekaru" uid="19582889">
  <nd ref="4807519036"/>
  <nd ref="4807519043"/>
  <nd ref="4807519047"/>
  <tag k="access" v="private"/>
  <tag k="highway" v="service"/>
  <tag k="name" v="Pearl Street"/>
 </way>
 <way id="488455849" visible="true" version="2" changeset="66058165" timestamp="2019-01-05T21:55:41Z" user="seichter" uid="66497">
  <nd ref="4807519059"/>
  <nd ref="4807519060"/>
  <nd ref="4807519061"/>
  <nd ref="4807519062"/>
  <nd ref="4807519063"/>
  <nd ref="4807519064"/>
  <nd ref="4807519065"/>
  <nd ref="4807519066"/>
  <nd ref="4807519067"/>
  <nd ref="4807519068"/>
  <nd ref="4807519069"/>
  <nd ref="4807519070"/>
  <nd ref="4807519071"/>
  <tag k="highway" v="residential"/>
 </way>
 <way id="488455851" visible="true" version="2" changeset="66058165" timestamp="2019-01-05T21:55:41Z" user="seichter" uid="66497">
  <nd ref="4807519072"/>
  <nd ref="4807519073"/>
  <nd ref="4807519074"/>
  <nd ref="4807519085"/>
  <nd ref="4807519075"/>
  <nd ref="4807519076"/>
  <nd ref="4807519077"/>
  <tag k="highway" v="residential"/>
 </way>
 <way id="488455852" visible="true" version="2" changeset="66058165" timestamp="2019-01-05T21:55:41Z" user="seichter" uid="66497">
  <nd ref="4807519061"/>
  <nd ref="4807519078"/>
  <nd ref="4807519079"/>
  <nd ref="4807519080"/>
  <nd ref="4807519081"/>
  <nd ref="4807519082"/>
  <nd ref="4807519083"/>
  <nd ref="4807519084"/>
  <nd ref="4807519085"/>
  <tag k="highway" v="residential"/>
 </way>
 <way id="488455854" visible="true" version="2" changeset="66058165" timestamp="2019-01-05T21:55:41Z" user="seichter" uid="66497">
  <nd ref="4807519081"/>
  <nd ref="4807519093"/>
  <nd ref="4807519094"/>
  <nd ref="4807519095"/>
  <nd ref="4807519096"/>
  <nd ref="4807519097"/>
  <nd ref="4807519098"/>
  <nd ref="4807519099"/>
  <nd ref="4807519100"/>
  <tag k="highway" v="residential"/>
 </way>
 <way id="488455856" visible="true" version="4" changeset="139555583" timestamp="2023-08-07T09:53:31Z" user="chandrashekaru" uid="19582889">
  <nd ref="4807519112"/>
  <nd ref="4807519113"/>
  <nd ref="4807519114"/>
  <nd ref="4807519115"/>
  <nd ref="4807519116"/>
  <nd ref="4807519117"/>
  <nd ref="4807519118"/>
  <nd ref="4807519721"/>
  <nd ref="4807519036"/>
  <tag k="access" v="private"/>
  <tag k="highway" v="service"/>
  <tag k="name" v="Tulip Street"/>
 </way>
 <way id="488455857" visible="true" version="4" changeset="139555583" timestamp="2023-08-07T09:53:31Z" user="chandrashekaru" uid="19582889">
  <nd ref="4807519723"/>
  <nd ref="4807519724"/>
  <nd ref="4807519725"/>
  <nd ref="4807519726"/>
  <nd ref="4807519727"/>
  <nd ref="4807519115"/>
  <tag k="access" v="private"/>
  <tag k="highway" v="service"/>
  <tag k="name" v="Cane Street"/>
 </way>
 <way id="488455858" visible="true" version="5" changeset="139555583" timestamp="2023-08-07T09:53:31Z" user="chandrashekaru" uid="19582889">
  <nd ref="4807519728"/>
  <nd ref="4807519730"/>
  <nd ref="4807519731"/>
  <nd ref="4807519732"/>
  <nd ref="4807519733"/>
  <nd ref="11096714102"/>
  <nd ref="4807519734"/>
  <nd ref="4807519113"/>
  <tag k="access" v="private"/>
  <tag k="highway" v="service"/>
  <tag k="name" v="Palm Street"/>
 </way>
 <way id="488455859" visible="true" version="4" changeset="147210681" timestamp="2024-02-08T10:16:48Z" user="mithungowda" uid="19554676">
  <nd ref="4807519109"/>
  <nd ref="4807519735"/>
  <nd ref="4807506465"/>
  <nd ref="11597789289"/>
  <tag k="highway" v="residential"/>
 </way>
 <way id="489205458" visible="true" version="3" changeset="141818479" timestamp="2023-09-27T12:44:05Z" user="nileshbarawkar" uid="16275544">
  <nd ref="4814762728"/>
  <nd ref="4814762816"/>
  <nd ref="4814762822"/>
  <nd ref="4814762745"/>
  <tag k="highway" v="residential"/>
 </way>
 <way id="489205460" visible="true" version="5" changeset="147213604" timestamp="2024-02-08T11:34:38Z" user="mithungowda" uid="19554676">
  <nd ref="4814762747"/>
  <nd ref="4814762748"/>
  <nd ref="4814762749"/>
  <nd ref="4814762750"/>
  <nd ref="4814762751"/>
  <nd ref="4814762752"/>
  <nd ref="4814762753"/>
  <nd ref="4814762754"/>
  <nd ref="4814762755"/>
  <nd ref="4814762756"/>
  <nd ref="4814762757"/>
  <nd ref="4814762758"/>
  <nd ref="4814762759"/>
  <nd ref="11597972204"/>
  <nd ref="11597972203"/>
  <nd ref="11597972202"/>
  <nd ref="11597972201"/>
  <nd ref="11597972200"/>
  <nd ref="6731861608"/>
  <nd ref="6731861607"/>
  <nd ref="11578806298"/>
  <nd ref="11578806299"/>
  <nd ref="11578806297"/>
  <nd ref="6731861606"/>
  <nd ref="6731861605"/>
  <nd ref="6731861604"/>
  <nd ref="6731861602"/>
  <nd ref="6731861601"/>
  <nd ref="6731861600"/>
  <nd ref="6731861599"/>
  <nd ref="6731861598"/>
  <nd ref="11578806300"/>
  <nd ref="6731861597"/>
  <tag k="access" v="private"/>
  <tag k="highway" v="service"/>
 </way>
 <way id="489205461" visible="true" version="4" changeset="141818479" timestamp="2023-09-27T12:44:05Z" user="nileshbarawkar" uid="16275544">
  <nd ref="4814762760"/>
  <nd ref="4814762821"/>
  <nd ref="4814762827"/>
  <nd ref="10116941178"/>
  <nd ref="4814762783"/>
  <tag k="highway" v="residential"/>
 </way>
 <way id="489205463" visible="true" version="4" changeset="141818479" timestamp="2023-09-27T12:44:05Z" user="nileshbarawkar" uid="16275544">
  <nd ref="4807493282"/>
  <nd ref="4814762846"/>
  <nd ref="10116941179"/>
  <nd ref="4814762875"/>
  <tag k="highway" v="residential"/>
 </way>
 <way id="489205466" visible="true" version="3" changeset="141818479" timestamp="2023-09-27T12:44:05Z" user="nileshbarawkar" uid="16275544">
  <nd ref="4814762816"/>
  <nd ref="4814762821"/>
  <tag k="highway" v="residential"/>
 </way>
 <way id="489205467" visible="true" version="3" changeset="141818479" timestamp="2023-09-27T12:44:05Z" user="nileshbarawkar" uid="16275544">
  <nd ref="4814762822"/>
  <nd ref="4814762827"/>
  <tag k="highway" v="residential"/>
 </way>
 <way id="489205468" visible="true" version="2" changeset="66058165" timestamp="2019-01-05T21:55:42Z" user="seichter" uid="66497">
  <nd ref="4807493232"/>
  <nd ref="4814762828"/>
  <nd ref="4814762829"/>
  <nd ref="4814762830"/>
  <nd ref="4814762831"/>
  <nd ref="4814762832"/>
  <nd ref="4814762833"/>
  <nd ref="4814762834"/>
  <nd ref="4814762835"/>
  <nd ref="4814762836"/>
  <nd ref="4814762849"/>
  <nd ref="4814762837"/>
  <nd ref="4814762838"/>
  <nd ref="4814762850"/>
  <nd ref="4814762839"/>
  <nd ref="4814762840"/>
  <nd ref="4814762841"/>
  <nd ref="4814762842"/>
  <nd ref="4814762843"/>
  <nd ref="4814762844"/>
  <nd ref="4814762845"/>
  <tag k="highway" v="residential"/>
 </way>
 <way id="489205469" visible="true" version="2" changeset="66058165" timestamp="2019-01-05T21:55:42Z" user="seichter" uid="66497">
  <nd ref="4814762846"/>
  <nd ref="4814762847"/>
  <nd ref="4814762848"/>
  <nd ref="4814762849"/>
  <tag k="highway" v="residential"/>
 </way>
 <way id="489205470" visible="true" version="2" changeset="66058165" timestamp="2019-01-05T21:55:42Z" user="seichter" uid="66497">
  <nd ref="4814762850"/>
  <nd ref="4814762851"/>
  <nd ref="4814762852"/>
  <nd ref="4814762853"/>
  <nd ref="4814762854"/>
  <nd ref="4814762855"/>
  <nd ref="4814762856"/>
  <tag k="highway" v="residential"/>
 </way>
 <way id="489205473" visible="true" version="3" changeset="139115252" timestamp="2023-07-28T04:26:24Z" user="mani_k2" uid="10604190">
  <nd ref="4814762882"/>
  <nd ref="4814762883"/>
  <nd ref="4814762884"/>
  <nd ref="4814762885"/>
  <nd ref="4814762886"/>
  <nd ref="4814762887"/>
  <nd ref="4814762881"/>
  <nd ref="4814762888"/>
  <nd ref="4814762889"/>
  <nd ref="4814762890"/>
  <nd ref="4814762891"/>
  <nd ref="4814762892"/>
  <nd ref="4814762893"/>
  <nd ref="4814762894"/>
  <nd ref="4814762853"/>
  <nd ref="4814762895"/>
  <nd ref="4814762896"/>
  <nd ref="4814762897"/>
  <nd ref="4814762898"/>
  <nd ref="4814762899"/>
  <nd ref="4814762900"/>
  <nd ref="4814762901"/>
  <nd ref="4814762902"/>
  <nd ref="4814762903"/>
  <nd ref="4814762933"/>
  <nd ref="4814762966"/>
  <tag k="highway" v="residential"/>
 </way>
 <way id="489205474" visible="true" version="4" changeset="149263485" timestamp="2024-03-28T11:11:47Z" user="jdananda" uid="19368656">
  <nd ref="4814762872"/>
  <nd ref="4814762938"/>
  <nd ref="11768687307"/>
  <nd ref="4814762856"/>
  <nd ref="4814762933"/>
  <tag k="highway" v="residential"/>
 </way>
 <way id="489205476" visible="true" version="3" changeset="149263485" timestamp="2024-03-28T11:11:47Z" user="jdananda" uid="19368656">
  <nd ref="4814762939"/>
  <nd ref="4814762940"/>
  <nd ref="4814762941"/>
  <nd ref="4814762942"/>
  <nd ref="4814762943"/>
  <nd ref="4814762944"/>
  <nd ref="4814762945"/>
  <nd ref="4814762946"/>
  <nd ref="4814762947"/>
  <nd ref="4814762948"/>
  <nd ref="4814762949"/>
  <nd ref="4814762950"/>
  <nd ref="4814762951"/>
  <nd ref="4814762952"/>
  <nd ref="11768687308"/>
  <nd ref="4814762953"/>
  <nd ref="4814762954"/>
  <nd ref="4814762955"/>
  <nd ref="4814762956"/>
  <nd ref="4814762957"/>
  <nd ref="4814762958"/>
  <nd ref="4814762959"/>
  <nd ref="4814762960"/>
  <nd ref="4814762961"/>
  <nd ref="4814762962"/>
  <nd ref="4814762963"/>
  <nd ref="4814762964"/>
  <nd ref="4814762965"/>
  <nd ref="4814762966"/>
  <nd ref="4814762967"/>
  <nd ref="4814762968"/>
  <nd ref="4814762969"/>
  <nd ref="4814762993"/>
  <nd ref="4814762970"/>
  <nd ref="4814762971"/>
  <nd ref="4814762972"/>
  <nd ref="4814762973"/>
  <nd ref="4814762974"/>
  <nd ref="4814762975"/>
  <nd ref="4814762976"/>
  <nd ref="4814762977"/>
  <nd ref="4814762978"/>
  <nd ref="4814762979"/>
  <nd ref="4814762980"/>
  <nd ref="4814762981"/>
  <nd ref="4814762982"/>
  <nd ref="4814762983"/>
  <tag k="highway" v="residential"/>
 </way>
 <way id="489205477" visible="true" version="2" changeset="66058165" timestamp="2019-01-05T21:55:43Z" user="seichter" uid="66497">
  <nd ref="4814762993"/>
  <nd ref="4814762994"/>
  <nd ref="4814762995"/>
  <nd ref="4814762996"/>
  <nd ref="4814762997"/>
  <nd ref="4814762998"/>
  <nd ref="4814762999"/>
  <nd ref="4814763000"/>
  <nd ref="4814763001"/>
  <nd ref="4814763002"/>
  <nd ref="4814763003"/>
  <nd ref="4814763004"/>
  <nd ref="4814762989"/>
  <tag k="highway" v="residential"/>
 </way>
 <way id="489218278" visible="true" version="5" changeset="147210681" timestamp="2024-02-08T10:16:48Z" user="mithungowda" uid="19554676">
  <nd ref="11597789287"/>
  <nd ref="4814876702"/>
  <nd ref="4814876703"/>
  <nd ref="4814876704"/>
  <nd ref="4814876705"/>
  <nd ref="6731527216"/>
  <nd ref="4814876706"/>
  <nd ref="4814876707"/>
  <nd ref="4814876708"/>
  <nd ref="4814876709"/>
  <nd ref="4814876710"/>
  <nd ref="4814876711"/>
  <nd ref="4814876756"/>
  <nd ref="4814876712"/>
  <nd ref="4814876713"/>
  <nd ref="4814876812"/>
  <nd ref="4814876714"/>
  <nd ref="4814876715"/>
  <nd ref="4814876716"/>
  <nd ref="4814876949"/>
  <nd ref="4814876717"/>
  <nd ref="4814876718"/>
  <nd ref="4814876719"/>
  <nd ref="4814876836"/>
  <nd ref="4814876720"/>
  <nd ref="4814876904"/>
  <nd ref="4814876721"/>
  <nd ref="4814876722"/>
  <nd ref="4814876723"/>
  <nd ref="4814876724"/>
  <nd ref="4814848114"/>
  <tag k="highway" v="residential"/>
 </way>
 <way id="489218279" visible="true" version="2" changeset="66058165" timestamp="2019-01-05T21:55:46Z" user="seichter" uid="66497">
  <nd ref="4814876704"/>
  <nd ref="4814876725"/>
  <nd ref="4814876726"/>
  <nd ref="4814876727"/>
  <nd ref="4814876728"/>
  <nd ref="4814876729"/>
  <nd ref="4814876730"/>
  <nd ref="4814876731"/>
  <nd ref="4814876732"/>
  <nd ref="4814876733"/>
  <nd ref="4814876783"/>
  <nd ref="4814876734"/>
  <nd ref="4814876735"/>
  <nd ref="4814876736"/>
  <nd ref="4814876798"/>
  <nd ref="4814876737"/>
  <nd ref="4814876738"/>
  <nd ref="4814876739"/>
  <nd ref="4814876740"/>
  <nd ref="4814876741"/>
  <nd ref="4814876742"/>
  <nd ref="4814876743"/>
  <tag k="highway" v="residential"/>
 </way>
 <way id="489218282" visible="true" version="2" changeset="66058165" timestamp="2019-01-05T21:55:46Z" user="seichter" uid="66497">
  <nd ref="4814876729"/>
  <nd ref="4814876771"/>
  <nd ref="4814876772"/>
  <nd ref="4814876773"/>
  <nd ref="4814876774"/>
  <nd ref="4814876775"/>
  <nd ref="4814876776"/>
  <nd ref="4814876777"/>
  <nd ref="4814876778"/>
  <nd ref="4814876779"/>
  <nd ref="4814876780"/>
  <nd ref="4814876781"/>
  <nd ref="4814876782"/>
  <tag k="highway" v="residential"/>
 </way>
 <way id="489218283" visible="true" version="2" changeset="66058165" timestamp="2019-01-05T21:55:46Z" user="seichter" uid="66497">
  <nd ref="4814876783"/>
  <nd ref="4814876784"/>
  <nd ref="4814876785"/>
  <nd ref="4814876786"/>
  <nd ref="4814876787"/>
  <nd ref="4814876788"/>
  <nd ref="4814876789"/>
  <nd ref="4814876790"/>
  <nd ref="4814876791"/>
  <nd ref="4814876792"/>
  <nd ref="4814876793"/>
  <nd ref="4814876794"/>
  <nd ref="4814876795"/>
  <nd ref="4814876796"/>
  <nd ref="4814876797"/>
  <tag k="highway" v="residential"/>
 </way>
 <way id="489219158" visible="true" version="4" changeset="147210681" timestamp="2024-02-08T10:16:48Z" user="mithungowda" uid="19554676">
  <nd ref="4814894048"/>
  <nd ref="4814894059"/>
  <nd ref="4814894060"/>
  <nd ref="4814894061"/>
  <nd ref="4814894062"/>
  <nd ref="4814894063"/>
  <nd ref="4814894064"/>
  <nd ref="4814894065"/>
  <nd ref="4814894066"/>
  <nd ref="4814894067"/>
  <nd ref="4814894068"/>
  <nd ref="4814894058"/>
  <nd ref="4814894069"/>
  <nd ref="4814894070"/>
  <nd ref="4814894071"/>
  <nd ref="4814894072"/>
  <nd ref="4814894073"/>
  <nd ref="4814894074"/>
  <nd ref="11597789286"/>
  <tag k="highway" v="residential"/>
 </way>
 <way id="489221514" visible="true" version="6" changeset="141847559" timestamp="2023-09-28T06:02:11Z" user="nileshbarawkar" uid="16275544">
  <nd ref="4814923470"/>
  <nd ref="4814923492"/>
  <nd ref="6734829239"/>
  <nd ref="4814927865"/>
  <nd ref="4814927894"/>
  <tag k="highway" v="residential"/>
 </way>
 <way id="489221515" visible="true" version="3" changeset="141847559" timestamp="2023-09-28T06:02:11Z" user="nileshbarawkar" uid="16275544">
  <nd ref="4814923485"/>
  <nd ref="4814923496"/>
  <nd ref="4814923492"/>
  <tag k="highway" v="residential"/>
 </way>
 <way id="489221516" visible="true" version="3" changeset="141847559" timestamp="2023-09-28T06:02:11Z" user="nileshbarawkar" uid="16275544">
  <nd ref="4814923493"/>
  <nd ref="4814923496"/>
  <tag k="highway" v="residential"/>
 </way>
 <way id="489221517" visible="true" version="3" changeset="141847559" timestamp="2023-09-28T06:02:11Z" user="nileshbarawkar" uid="16275544">
  <nd ref="4807333954"/>
  <nd ref="4814923500"/>
  <tag k="highway" v="residential"/>
 </way>
 <way id="489221518" visible="true" version="3" changeset="141847559" timestamp="2023-09-28T06:02:11Z" user="nileshbarawkar" uid="16275544">
  <nd ref="4814923501"/>
  <nd ref="11224325727"/>
  <nd ref="4814923510"/>
  <nd ref="11224325725"/>
  <nd ref="11224325723"/>
  <nd ref="4814927880"/>
  <tag k="highway" v="residential"/>
 </way>
 <way id="489222059" visible="true" version="6" changeset="141847559" timestamp="2023-09-28T06:02:11Z" user="nileshbarawkar" uid="16275544">
  <nd ref="4814927875"/>
  <nd ref="4814927880"/>
  <nd ref="6333817500"/>
  <tag k="highway" v="residential"/>
 </way>
 <way id="489222062" visible="true" version="3" changeset="141847559" timestamp="2023-09-28T06:02:11Z" user="nileshbarawkar" uid="16275544">
  <nd ref="4814927880"/>
  <nd ref="4814927901"/>
  <nd ref="4814927907"/>
  <nd ref="4814927894"/>
  <tag k="highway" v="residential"/>
 </way>
 <way id="489222063" visible="true" version="3" changeset="141847559" timestamp="2023-09-28T06:02:11Z" user="nileshbarawkar" uid="16275544">
  <nd ref="4814927895"/>
  <nd ref="4814927901"/>
  <tag k="highway" v="residential"/>
 </way>
 <way id="489222064" visible="true" version="3" changeset="141847559" timestamp="2023-09-28T06:02:11Z" user="nileshbarawkar" uid="16275544">
  <nd ref="4814927868"/>
  <nd ref="4814927907"/>
  <tag k="highway" v="residential"/>
 </way>
 <way id="489222065" visible="true" version="2" changeset="68073739" timestamp="2019-03-12T18:47:00Z" user="Heinz_V" uid="91490">
  <nd ref="6333800589"/>
  <nd ref="4814927908"/>
  <nd ref="4814927909"/>
  <tag k="highway" v="tertiary"/>
 </way>
 <way id="489248414" visible="true" version="2" changeset="66058165" timestamp="2019-01-05T21:55:49Z" user="seichter" uid="66497">
  <nd ref="4815124986"/>
  <nd ref="4815124987"/>
  <nd ref="4815124988"/>
  <nd ref="4815124989"/>
  <tag k="highway" v="residential"/>
 </way>
 <way id="489248415" visible="true" version="3" changeset="141818250" timestamp="2023-09-27T12:39:15Z" user="nileshbarawkar" uid="16275544">
  <nd ref="4815124990"/>
  <nd ref="4815124994"/>
  <tag k="highway" v="residential"/>
 </way>
 <way id="501076683" visible="true" version="3" changeset="149262191" timestamp="2024-03-28T10:39:48Z" user="jdananda" uid="19368656">
  <nd ref="4807315810"/>
  <nd ref="4807315812"/>
  <nd ref="4807315813"/>
  <nd ref="4807315814"/>
  <nd ref="4807315815"/>
  <nd ref="4807315816"/>
  <nd ref="4807315795"/>
  <tag k="highway" v="residential"/>
 </way>
 <way id="501076684" visible="true" version="3" changeset="141847685" timestamp="2023-09-28T06:07:08Z" user="nileshbarawkar" uid="16275544">
  <nd ref="4807316926"/>
  <nd ref="4807315810"/>
  <tag k="highway" v="residential"/>
 </way>
 <way id="501076685" visible="true" version="3" changeset="149262191" timestamp="2024-03-28T10:39:48Z" user="jdananda" uid="19368656">
  <nd ref="3778236904"/>
  <nd ref="4807315792"/>
  <nd ref="4807315793"/>
  <nd ref="4807315794"/>
  <nd ref="4807315795"/>
  <nd ref="4807315797"/>
  <nd ref="4807315798"/>
  <nd ref="4807315799"/>
  <nd ref="4807315800"/>
  <nd ref="4807315801"/>
  <nd ref="4807315802"/>
  <nd ref="4807315803"/>
  <nd ref="4807315804"/>
  <nd ref="4807315805"/>
  <tag k="highway" v="residential"/>
 </way>
 <way id="554813619" visible="true" version="1" changeset="55648059" timestamp="2018-01-22T08:44:06Z" user="adivik2000" uid="250196">
  <nd ref="5354127549"/>
  <nd ref="5354127009"/>
  <nd ref="5354127008"/>
  <nd ref="5354127007"/>
  <nd ref="5354127006"/>
  <nd ref="5354127005"/>
  <nd ref="5354127004"/>
  <nd ref="5354127003"/>
  <nd ref="5354127002"/>
  <nd ref="5354127001"/>
  <nd ref="5354127000"/>
  <nd ref="5354126999"/>
  <nd ref="5354126998"/>
  <nd ref="5354126997"/>
  <nd ref="5354126996"/>
  <nd ref="5354126995"/>
  <nd ref="5354126994"/>
  <nd ref="5354126993"/>
  <nd ref="5354125677"/>
  <tag k="boundary" v="administrative"/>
 </way>
 <way id="716013643" visible="true" version="2" changeset="141627703" timestamp="2023-09-23T03:58:13Z" user="sakeebhussain" uid="19368709">
  <nd ref="4308865660"/>
  <nd ref="4807399042"/>
  <tag k="highway" v="residential"/>
 </way>
 <way id="716996248" visible="true" version="1" changeset="73601116" timestamp="2019-08-22T01:28:48Z" user="@niladari" uid="8782068">
  <nd ref="6734053491"/>
  <nd ref="6734053490"/>
  <nd ref="6734053489"/>
  <tag k="highway" v="residential"/>
 </way>
 <way id="717045285" visible="true" version="4" changeset="147284255" timestamp="2024-02-10T08:44:05Z" user="olarumankhan" uid="19619725">
  <nd ref="6734540138"/>
  <nd ref="11607244336"/>
  <nd ref="11607293905"/>
  <nd ref="6734540137"/>
  <tag k="highway" v="residential"/>
 </way>
 <way id="717045286" visible="true" version="1" changeset="73606708" timestamp="2019-08-22T06:47:00Z" user="ltalawa" uid="8725956">
  <nd ref="4807286517"/>
  <nd ref="4807286510"/>
  <nd ref="6734540138"/>
  <nd ref="4805637509"/>
  <tag k="highway" v="residential"/>
 </way>
 <way id="717083792" visible="true" version="3" changeset="73652646" timestamp="2019-08-23T07:50:38Z" user="Saipavan Siddarth" uid="8725944">
  <nd ref="6734829240"/>
  <nd ref="6735094778"/>
  <nd ref="6734829239"/>
  <nd ref="6738077692"/>
  <tag k="highway" v="residential"/>
 </way>
 <way id="717124707" visible="true" version="2" changeset="139556328" timestamp="2023-08-07T10:09:11Z" user="chandrashekaru" uid="19582889">
  <nd ref="6333817498"/>
  <nd ref="6735094782"/>
  <nd ref="6735094781"/>
  <nd ref="6735094780"/>
  <nd ref="6735094779"/>
  <nd ref="6735094778"/>
  <nd ref="11096743570"/>
  <nd ref="6735094777"/>
  <tag k="highway" v="service"/>
 </way>
 <way id="717497184" visible="true" version="1" changeset="73656316" timestamp="2019-08-23T09:28:26Z" user="Arpitha AM" uid="8782077">
  <nd ref="4805637424"/>
  <nd ref="4805637443"/>
  <tag k="highway" v="residential"/>
 </way>
 <way id="717497185" visible="true" version="1" changeset="73656316" timestamp="2019-08-23T09:28:26Z" user="Arpitha AM" uid="8782077">
  <nd ref="6738273428"/>
  <nd ref="6738273427"/>
  <tag k="highway" v="residential"/>
 </way>
 <way id="718247512" visible="true" version="4" changeset="162489747" timestamp="2025-02-14T05:45:31Z" user="jyothik" uid="19574771">
  <nd ref="3826609886"/>
  <nd ref="6745109924"/>
  <nd ref="6745109923"/>
  <nd ref="10572801866"/>
  <nd ref="6745109922"/>
  <nd ref="6745109921"/>
  <nd ref="6745109920"/>
  <nd ref="6745109919"/>
  <nd ref="12586953870"/>
  <nd ref="12586953877"/>
  <nd ref="6745109918"/>
  <nd ref="4805655914"/>
  <tag k="highway" v="service"/>
 </way>
 <way id="734383820" visible="true" version="5" changeset="128024108" timestamp="2022-10-25T06:53:17Z" user="Nissa S" uid="15089619">
  <nd ref="3826609886"/>
  <nd ref="3826609883"/>
  <nd ref="6877335679"/>
  <nd ref="10127524062"/>
  <nd ref="3778236930"/>
  <tag k="highway" v="service"/>
 </way>
 <way id="753328754" visible="true" version="1" changeset="78061145" timestamp="2019-12-06T15:21:03Z" user="R4_shubham" uid="10142759">
  <nd ref="7038735484"/>
  <nd ref="7038735481"/>
  <nd ref="7038735482"/>
  <nd ref="7038735483"/>
  <nd ref="7038735484"/>
  <tag k="building" v="yes"/>
 </way>
 <way id="757103002" visible="true" version="3" changeset="146970427" timestamp="2024-02-02T05:17:17Z" user="mansoorkhankhan" uid="19574799">
  <nd ref="7070869118"/>
  <nd ref="11211496935"/>
  <nd ref="7070869117"/>
  <tag k="access" v="private"/>
  <tag k="highway" v="residential"/>
 </way>
 <way id="757103003" visible="true" version="3" changeset="146970427" timestamp="2024-02-02T05:17:17Z" user="mansoorkhankhan" uid="19574799">
  <nd ref="7070869117"/>
  <nd ref="7070869116"/>
  <nd ref="11211496930"/>
  <nd ref="7070869115"/>
  <nd ref="7070869114"/>
  <nd ref="11211496931"/>
  <nd ref="7070869113"/>
  <nd ref="7070869112"/>
  <nd ref="11211496932"/>
  <nd ref="7070869111"/>
  <nd ref="11211813437"/>
  <nd ref="11578180282"/>
  <nd ref="7070869110"/>
  <nd ref="11211496929"/>
  <nd ref="7070869109"/>
  <nd ref="11211813441"/>
  <nd ref="11211496933"/>
  <nd ref="7070869117"/>
  <tag k="access" v="private"/>
  <tag k="highway" v="residential"/>
 </way>
 <way id="757228687" visible="true" version="3" changeset="147241546" timestamp="2024-02-09T05:18:19Z" user="subhankara" uid="19574788">
  <nd ref="4807492908"/>
  <nd ref="11601278473"/>
  <nd ref="7071517994"/>
  <nd ref="10315576304"/>
  <nd ref="7071517993"/>
  <nd ref="7071517992"/>
  <nd ref="7071517991"/>
  <nd ref="7071517990"/>
  <nd ref="7071517989"/>
  <nd ref="7071517988"/>
  <tag k="highway" v="residential"/>
 </way>
 <way id="758628413" visible="true" version="2" changeset="130145419" timestamp="2022-12-16T08:46:43Z" user="Madhubala S" uid="15097560">
  <nd ref="7085413857"/>
  <nd ref="10266973797"/>
  <nd ref="7085413856"/>
  <nd ref="7085413855"/>
  <nd ref="7085413854"/>
  <nd ref="7085413853"/>
  <nd ref="7085413852"/>
  <nd ref="7085413851"/>
  <nd ref="7085413850"/>
  <nd ref="7085413849"/>
  <nd ref="7085413848"/>
  <nd ref="7085413839"/>
  <nd ref="7085413847"/>
  <nd ref="7085413846"/>
  <nd ref="7085413841"/>
  <nd ref="7085413845"/>
  <nd ref="7085413840"/>
  <nd ref="7085413842"/>
  <nd ref="7085413844"/>
  <nd ref="7085413843"/>
  <tag k="highway" v="residential"/>
 </way>
 <way id="824174447" visible="true" version="1" changeset="87711546" timestamp="2020-07-08T12:36:34Z" user="R42_Pratap Gurjar" uid="11435423">
  <nd ref="7695122739"/>
  <nd ref="7695122736"/>
  <nd ref="7695122737"/>
  <nd ref="7695122738"/>
  <nd ref="7695122739"/>
  <tag k="building" v="yes"/>
 </way>
 <way id="824174460" visible="true" version="1" changeset="87711546" timestamp="2020-07-08T12:36:34Z" user="R42_Pratap Gurjar" uid="11435423">
  <nd ref="7695122791"/>
  <nd ref="7695122788"/>
  <nd ref="7695122789"/>
  <nd ref="7695122790"/>
  <nd ref="7695122791"/>
  <tag k="building" v="yes"/>
 </way>
 <way id="824174486" visible="true" version="1" changeset="87711546" timestamp="2020-07-08T12:36:34Z" user="R42_Pratap Gurjar" uid="11435423">
  <nd ref="7695122895"/>
  <nd ref="7695122892"/>
  <nd ref="7695122893"/>
  <nd ref="7695122894"/>
  <nd ref="7695122895"/>
  <tag k="building" v="yes"/>
 </way>
 <way id="824174487" visible="true" version="1" changeset="87711546" timestamp="2020-07-08T12:36:34Z" user="R42_Pratap Gurjar" uid="11435423">
  <nd ref="7695122899"/>
  <nd ref="7695122896"/>
  <nd ref="7695122897"/>
  <nd ref="7695122898"/>
  <nd ref="7695122899"/>
  <tag k="building" v="yes"/>
 </way>
 <way id="863350437" visible="true" version="2" changeset="149418821" timestamp="2024-04-01T07:05:11Z" user="jyothik" uid="19574771">
  <nd ref="8042637354"/>
  <nd ref="11777732742"/>
  <nd ref="11777732734"/>
  <nd ref="11777732739"/>
  <nd ref="11777732768"/>
  <nd ref="8042637355"/>
  <nd ref="8042637356"/>
  <nd ref="4807167444"/>
  <tag k="highway" v="residential"/>
 </way>
 <way id="864646686" visible="true" version="1" changeset="93184083" timestamp="2020-10-28T14:00:33Z" user="variable90" uid="9379644">
  <nd ref="8059215251"/>
  <nd ref="8059215252"/>
  <tag k="highway" v="residential"/>
 </way>
 <way id="876484565" visible="true" version="2" changeset="149304461" timestamp="2024-03-29T10:18:03Z" user="mdtauhid" uid="19369851">
  <nd ref="8157554128"/>
  <nd ref="11770989358"/>
  <nd ref="8157548411"/>
  <nd ref="8157547934"/>
  <nd ref="8157544195"/>
  <nd ref="8157531465"/>
  <nd ref="8157544185"/>
  <nd ref="8157531466"/>
  <nd ref="8157552636"/>
  <nd ref="8157540663"/>
  <nd ref="8157541211"/>
  <nd ref="8157550873"/>
  <nd ref="8157542488"/>
  <nd ref="8157531464"/>
  <nd ref="8157540073"/>
  <nd ref="8157541213"/>
  <nd ref="8157552340"/>
  <nd ref="8157554139"/>
  <nd ref="8157542187"/>
  <nd ref="8157553434"/>
  <nd ref="8157530040"/>
  <nd ref="5354127549"/>
 </way>
 <way id="942457966" visible="true" version="2" changeset="154061840" timestamp="2024-07-17T14:40:37Z" user="VLD177" uid="13462600">
  <nd ref="8436651517"/>
  <nd ref="8727255438"/>
  <nd ref="8727255439"/>
  <nd ref="8727255440"/>
  <nd ref="8436651517"/>
  <tag k="addr:city" v="Jaipur"/>
  <tag k="addr:postcode" v="302017"/>
  <tag k="addr:street" v="Lotus Villa, Jagatpura"/>
  <tag k="leisure" v="park"/>
  <tag k="name" v="Lotus Villa Small Park"/>
  <tag k="opening_hours" v="24/7"/>
  <tag k="opening_hours:covid19" v="restricted"/>
  <tag k="toilets" v="no"/>
  <tag k="wheelchair" v="no"/>
 </way>
 <way id="942460325" visible="true" version="3" changeset="104778706" timestamp="2021-05-16T17:27:38Z" user="Varun Batra" uid="12692831">
  <nd ref="8727252669"/>
  <nd ref="8727252665"/>
  <nd ref="8727252666"/>
  <nd ref="8727252667"/>
  <nd ref="8727286559"/>
  <nd ref="8727286560"/>
  <tag k="highway" v="residential"/>
  <tag k="horse" v="no"/>
  <tag k="lanes" v="1"/>
  <tag k="lit" v="yes"/>
  <tag k="maxspeed" v="5"/>
  <tag k="name" v="Apporva Homes Parking Way"/>
  <tag k="oneway" v="yes"/>
  <tag k="surface" v="concrete"/>
 </way>
 <way id="942463348" visible="true" version="1" changeset="104616375" timestamp="2021-05-13T07:17:53Z" user="Varun Batra" uid="12692831">
  <nd ref="8727305001"/>
  <nd ref="8727305002"/>
  <nd ref="8727305003"/>
  <nd ref="8727305004"/>
  <nd ref="8727305001"/>
  <tag k="addr:city" v="Jagatpura"/>
  <tag k="addr:postcode" v="302017"/>
  <tag k="addr:street" v="Lotus Villa Park Street"/>
  <tag k="dog" v="leashed"/>
  <tag k="leisure" v="park"/>
  <tag k="name" v="Lotus Villa Main Park"/>
  <tag k="opening_hours" v="24/7"/>
  <tag k="opening_hours:covid19" v="restricted"/>
 </way>
 <way id="942463963" visible="true" version="3" changeset="139555583" timestamp="2023-08-07T09:53:31Z" user="chandrashekaru" uid="19582889">
  <nd ref="8727320036"/>
  <nd ref="4807519047"/>
  <nd ref="8727320037"/>
  <tag k="access" v="private"/>
  <tag k="highway" v="service"/>
  <tag k="horse" v="permissive"/>
  <tag k="lanes" v="2"/>
  <tag k="maxspeed" v="10"/>
  <tag k="name" v="Lotus Villa Main Park Street"/>
  <tag k="sidewalk" v="right"/>
 </way>
 <way id="942465839" visible="true" version="3" changeset="104778699" timestamp="2021-05-16T17:27:28Z" user="Varun Batra" uid="12692831">
  <nd ref="8727252665"/>
  <nd ref="8727337923"/>
  <nd ref="8727337924"/>
  <nd ref="8727337925"/>
  <nd ref="8727252665"/>
  <tag k="addr:city" v="Jagatpura"/>
  <tag k="addr:housenumber" v="Apporva Homes"/>
  <tag k="addr:postcode" v="302017"/>
  <tag k="addr:street" v="Lotus Villa Main Street"/>
  <tag k="building" v="apartments"/>
  <tag k="building:levels" v="8"/>
  <tag k="layer" v="-1"/>
  <tag k="location" v="surface"/>
  <tag k="name" v="Apporva Homes"/>
  <tag k="parking" v="surface"/>
 </way>
 <way id="953628252" visible="true" version="1" changeset="106239356" timestamp="2021-06-12T04:43:58Z" user="Varun Batra" uid="12692831">
  <nd ref="8826518935"/>
  <nd ref="8826518936"/>
  <nd ref="8826518937"/>
  <nd ref="8826518938"/>
  <nd ref="8826518935"/>
  <tag k="building" v="farm"/>
  <tag k="building:levels" v="2"/>
  <tag k="name" v="Vinod Milk Man"/>
 </way>
 <way id="1092888927" visible="true" version="3" changeset="139555245" timestamp="2023-08-07T09:46:24Z" user="nileshdhandak" uid="16638013">
  <nd ref="10008913197"/>
  <nd ref="4807305979"/>
  <nd ref="10008913198"/>
  <nd ref="10008913199"/>
  <nd ref="10008913200"/>
  <nd ref="10008913201"/>
  <tag k="highway" v="residential"/>
  <tag k="source" v="stackbox"/>
 </way>
 <way id="1092888929" visible="true" version="2" changeset="139425783" timestamp="2023-08-04T06:59:22Z" user="arshadnawaz" uid="19368668">
  <nd ref="4807305975"/>
  <nd ref="10008913207"/>
  <tag k="highway" v="residential"/>
  <tag k="source" v="stackbox"/>
 </way>
 <way id="1103437305" visible="true" version="1" changeset="127461164" timestamp="2022-10-13T10:30:24Z" user="user_10989856" uid="10989856">
  <nd ref="10097492724"/>
  <nd ref="10097492734"/>
  <nd ref="10097492725"/>
  <nd ref="10097492726"/>
  <nd ref="10097492727"/>
  <nd ref="10097492728"/>
  <nd ref="10097492729"/>
  <nd ref="10097492730"/>
  <nd ref="10097492731"/>
  <nd ref="10097492732"/>
  <nd ref="10097492733"/>
  <nd ref="10097492734"/>
  <tag k="highway" v="residential"/>
 </way>
 <way id="1105575583" visible="true" version="1" changeset="127847467" timestamp="2022-10-20T16:37:39Z" user="Madhubala S" uid="15097560">
  <nd ref="10116941178"/>
  <nd ref="10116941179"/>
  <nd ref="4814762850"/>
  <tag k="highway" v="residential"/>
 </way>
 <way id="1106761239" visible="true" version="2" changeset="144402573" timestamp="2023-11-24T10:42:59Z" user="syedk" uid="19820024">
  <nd ref="10127524061"/>
  <nd ref="10127524062"/>
  <nd ref="11373044500"/>
  <nd ref="10127524063"/>
  <tag k="highway" v="service"/>
 </way>
 <way id="1106761240" visible="true" version="3" changeset="149339270" timestamp="2024-03-30T06:57:33Z" user="manojnobi" uid="19376976">
  <nd ref="4807384991"/>
  <nd ref="11578870813"/>
  <nd ref="10127524064"/>
  <nd ref="11773037864"/>
  <nd ref="10127524065"/>
  <tag k="highway" v="residential"/>
 </way>
 <way id="1114849907" visible="true" version="2" changeset="131544414" timestamp="2023-01-21T15:11:30Z" user="user_10989856" uid="10989856">
  <nd ref="10196645087"/>
  <nd ref="10196645089"/>
  <nd ref="10572801863"/>
  <nd ref="10196645090"/>
  <nd ref="4805655873"/>
  <tag k="highway" v="secondary"/>
 </way>
 <way id="1116463027" visible="true" version="1" changeset="129267313" timestamp="2022-11-23T07:33:08Z" user="Madhubala S" uid="15097560">
  <nd ref="4807333494"/>
  <nd ref="10211431832"/>
  <nd ref="4807334017"/>
  <tag k="highway" v="residential"/>
  <tag k="source" v="maxar"/>
 </way>
 <way id="1122578272" visible="true" version="1" changeset="130145419" timestamp="2022-12-16T08:46:43Z" user="Madhubala S" uid="15097560">
  <nd ref="4807399061"/>
  <nd ref="10266973797"/>
  <tag k="highway" v="residential"/>
  <tag k="source" v="maxar"/>
 </way>
 <way id="1122578273" visible="true" version="1" changeset="130145419" timestamp="2022-12-16T08:46:43Z" user="Madhubala S" uid="15097560">
  <nd ref="4807399067"/>
  <nd ref="4807399034"/>
  <tag k="highway" v="residential"/>
  <tag k="source" v="maxar"/>
 </way>
 <way id="1128316617" visible="true" version="1" changeset="131030559" timestamp="2023-01-08T20:57:30Z" user="Madhubala S" uid="15097560">
  <nd ref="10315576304"/>
  <nd ref="4807492857"/>
  <tag k="highway" v="residential"/>
  <tag k="source" v="maxar"/>
 </way>
 <way id="1128316618" visible="true" version="1" changeset="131030559" timestamp="2023-01-08T20:57:30Z" user="Madhubala S" uid="15097560">
  <nd ref="10315576305"/>
  <nd ref="4807492859"/>
  <tag k="highway" v="residential"/>
  <tag k="source" v="maxar"/>
 </way>
 <way id="1128316619" visible="true" version="1" changeset="131030559" timestamp="2023-01-08T20:57:30Z" user="Madhubala S" uid="15097560">
  <nd ref="7071517992"/>
  <nd ref="4807492897"/>
  <nd ref="10315576306"/>
  <tag k="highway" v="residential"/>
 </way>
 <way id="1132773659" visible="true" version="1" changeset="131382778" timestamp="2023-01-17T14:36:56Z" user="Madhubala S" uid="15097560">
  <nd ref="10097492726"/>
  <nd ref="10562330404"/>
  <tag k="highway" v="residential"/>
 </way>
 <way id="1132773660" visible="true" version="1" changeset="131382778" timestamp="2023-01-17T14:36:56Z" user="Madhubala S" uid="15097560">
  <nd ref="10562330406"/>
  <nd ref="10562330404"/>
  <nd ref="10562330413"/>
  <nd ref="10562330407"/>
  <nd ref="10562330411"/>
  <nd ref="10562330408"/>
  <nd ref="10562330409"/>
  <nd ref="10562330410"/>
  <tag k="highway" v="residential"/>
 </way>
 <way id="1132773661" visible="true" version="1" changeset="131382778" timestamp="2023-01-17T14:36:56Z" user="Madhubala S" uid="15097560">
  <nd ref="10562330411"/>
  <nd ref="10562330412"/>
  <tag k="highway" v="residential"/>
 </way>
 <way id="1132773662" visible="true" version="1" changeset="131382778" timestamp="2023-01-17T14:36:56Z" user="Madhubala S" uid="15097560">
  <nd ref="10562330413"/>
  <nd ref="10562330414"/>
  <tag k="highway" v="residential"/>
 </way>
 <way id="1134050845" visible="true" version="1" changeset="131544414" timestamp="2023-01-21T15:11:30Z" user="user_10989856" uid="10989856">
  <nd ref="10196645089"/>
  <nd ref="10572801862"/>
  <tag k="highway" v="secondary"/>
 </way>
 <way id="1134050846" visible="true" version="1" changeset="131544414" timestamp="2023-01-21T15:11:30Z" user="user_10989856" uid="10989856">
  <nd ref="10572801863"/>
  <nd ref="10572801864"/>
  <tag k="highway" v="secondary"/>
 </way>
 <way id="1134050847" visible="true" version="1" changeset="131544414" timestamp="2023-01-21T15:11:30Z" user="user_10989856" uid="10989856">
  <nd ref="10572801865"/>
  <nd ref="10572801866"/>
  <tag k="highway" v="service"/>
 </way>
 <way id="1192789782" visible="true" version="1" changeset="139115252" timestamp="2023-07-28T04:26:24Z" user="mani_k2" uid="10604190">
  <nd ref="4814762966"/>
  <nd ref="11072326605"/>
  <tag k="highway" v="residential"/>
 </way>
 <way id="1195548637" visible="true" version="1" changeset="139552161" timestamp="2023-08-07T08:47:12Z" user="chandrashekaru" uid="19582889">
  <nd ref="4814762973"/>
  <nd ref="4807493246"/>
  <tag k="highway" v="residential"/>
  <tag k="source" v="maxar"/>
  <tag k="surface" v="unpaved"/>
 </way>
 <way id="1195562861" visible="true" version="1" changeset="139555583" timestamp="2023-08-07T09:53:31Z" user="chandrashekaru" uid="19582889">
  <nd ref="11096714100"/>
  <nd ref="11096714103"/>
  <nd ref="4807519110"/>
  <tag k="access" v="private"/>
  <tag k="highway" v="service"/>
  <tag k="source" v="maxar"/>
 </way>
 <way id="1195562862" visible="true" version="1" changeset="139555583" timestamp="2023-08-07T09:53:31Z" user="chandrashekaru" uid="19582889">
  <nd ref="11096714100"/>
  <nd ref="11096714101"/>
  <nd ref="4807519732"/>
  <tag k="access" v="private"/>
  <tag k="highway" v="service"/>
  <tag k="source" v="maxar"/>
 </way>
 <way id="1195562863" visible="true" version="1" changeset="139555583" timestamp="2023-08-07T09:53:31Z" user="chandrashekaru" uid="19582889">
  <nd ref="11096714100"/>
  <nd ref="11096714102"/>
  <tag k="access" v="private"/>
  <tag k="highway" v="service"/>
  <tag k="source" v="maxar"/>
 </way>
 <way id="1195562864" visible="true" version="2" changeset="147210681" timestamp="2024-02-08T10:16:48Z" user="mithungowda" uid="19554676">
  <nd ref="4807506447"/>
  <nd ref="4807519109"/>
  <nd ref="4807519110"/>
  <nd ref="4807519111"/>
  <nd ref="4807519112"/>
  <tag k="highway" v="residential"/>
  <tag k="name" v="Tulip Street"/>
 </way>
 <way id="1195565779" visible="true" version="2" changeset="146970111" timestamp="2024-02-02T05:01:07Z" user="mansoorkhankhan" uid="19574799">
  <nd ref="4807506449"/>
  <nd ref="11578131804"/>
  <nd ref="11096736025"/>
  <nd ref="11578131806"/>
  <nd ref="11578131808"/>
  <nd ref="11096736026"/>
  <nd ref="11578131801"/>
  <nd ref="11578131802"/>
  <nd ref="11578131803"/>
  <tag k="highway" v="residential"/>
  <tag k="source" v="maxar"/>
 </way>
 <way id="1195566240" visible="true" version="2" changeset="139556355" timestamp="2023-08-07T10:09:50Z" user="chandrashekaru" uid="19582889">
  <nd ref="11096743570"/>
  <nd ref="4807333501"/>
  <tag k="highway" v="residential"/>
  <tag k="source" v="maxar"/>
  <tag k="surface" v="unpaved"/>
 </way>
 <way id="1195567119" visible="true" version="1" changeset="139556437" timestamp="2023-08-07T10:11:51Z" user="chandrashekaru" uid="19582889">
  <nd ref="11096754355"/>
  <nd ref="11096754356"/>
  <nd ref="4807305956"/>
  <tag k="highway" v="residential"/>
  <tag k="source" v="maxar"/>
 </way>
 <way id="1195567217" visible="true" version="1" changeset="139556493" timestamp="2023-08-07T10:13:13Z" user="chandrashekaru" uid="19582889">
  <nd ref="11096766143"/>
  <nd ref="11096766144"/>
  <nd ref="11096766145"/>
  <tag k="highway" v="residential"/>
  <tag k="source" v="maxar"/>
  <tag k="surface" v="unpaved"/>
 </way>
 <way id="1195567747" visible="true" version="1" changeset="139556667" timestamp="2023-08-07T10:17:25Z" user="chandrashekaru" uid="19582889">
  <nd ref="11096762307"/>
  <nd ref="11096762309"/>
  <nd ref="11096762308"/>
  <tag k="access" v="private"/>
  <tag k="highway" v="service"/>
  <tag k="source" v="maxar"/>
 </way>
 <way id="1195568047" visible="true" version="1" changeset="139556735" timestamp="2023-08-07T10:19:19Z" user="chandrashekaru" uid="19582889">
  <nd ref="4807269558"/>
  <nd ref="11096758475"/>
  <tag k="highway" v="residential"/>
  <tag k="source" v="maxar"/>
 </way>
 <way id="1195571202" visible="true" version="1" changeset="139557254" timestamp="2023-08-07T10:30:47Z" user="chandrashekaru" uid="19582889">
  <nd ref="11096752267"/>
  <nd ref="11096752268"/>
  <nd ref="11096752272"/>
  <nd ref="11096752271"/>
  <nd ref="4805637332"/>
  <tag k="highway" v="residential"/>
  <tag k="source" v="maxar"/>
  <tag k="surface" v="unpaved"/>
 </way>
 <way id="1195571203" visible="true" version="1" changeset="139557254" timestamp="2023-08-07T10:30:47Z" user="chandrashekaru" uid="19582889">
  <nd ref="11096752268"/>
  <nd ref="11096752269"/>
  <nd ref="11096752270"/>
  <tag k="highway" v="residential"/>
  <tag k="source" v="maxar"/>
  <tag k="surface" v="unpaved"/>
 </way>
 <way id="1202751067" visible="true" version="2" changeset="141716494" timestamp="2023-09-25T07:17:16Z" user="manojnobi" uid="19376976">
  <nd ref="11149949202"/>
  <nd ref="11149969507"/>
  <nd ref="11149949203"/>
  <nd ref="11217288761"/>
  <nd ref="11217288762"/>
  <nd ref="11149949204"/>
  <nd ref="11149969506"/>
  <nd ref="11217288763"/>
  <tag k="access" v="private"/>
  <tag k="highway" v="service"/>
 </way>
 <way id="1210212970" visible="true" version="2" changeset="146970427" timestamp="2024-02-02T05:17:17Z" user="mansoorkhankhan" uid="19574799">
  <nd ref="11211496933"/>
  <nd ref="11211496936"/>
  <nd ref="11211496934"/>
  <tag k="access" v="private"/>
  <tag k="highway" v="residential"/>
 </way>
 <way id="1210212971" visible="true" version="2" changeset="146970427" timestamp="2024-02-02T05:17:17Z" user="mansoorkhankhan" uid="19574799">
  <nd ref="11211813437"/>
  <nd ref="11211813438"/>
  <nd ref="11211813439"/>
  <nd ref="11211813442"/>
  <nd ref="11211813440"/>
  <nd ref="11211813441"/>
  <tag k="access" v="private"/>
  <tag k="highway" v="residential"/>
 </way>
 <way id="1211506454" visible="true" version="1" changeset="141847559" timestamp="2023-09-28T06:02:11Z" user="nileshbarawkar" uid="16275544">
  <nd ref="11224325710"/>
  <nd ref="11224325711"/>
  <tag k="highway" v="residential"/>
 </way>
 <way id="1211506455" visible="true" version="1" changeset="141847559" timestamp="2023-09-28T06:02:11Z" user="nileshbarawkar" uid="16275544">
  <nd ref="11224325712"/>
  <nd ref="11224325713"/>
  <tag k="highway" v="residential"/>
 </way>
 <way id="1211506456" visible="true" version="1" changeset="141847559" timestamp="2023-09-28T06:02:11Z" user="nileshbarawkar" uid="16275544">
  <nd ref="11224325714"/>
  <nd ref="11224325715"/>
  <nd ref="11224325716"/>
  <nd ref="11224325719"/>
  <nd ref="11224325717"/>
  <tag k="access" v="private"/>
  <tag k="highway" v="service"/>
 </way>
 <way id="1211506457" visible="true" version="1" changeset="141847559" timestamp="2023-09-28T06:02:11Z" user="nileshbarawkar" uid="16275544">
  <nd ref="11224325715"/>
  <nd ref="11224325720"/>
  <nd ref="11224325718"/>
  <tag k="access" v="private"/>
  <tag k="highway" v="service"/>
 </way>
 <way id="1211506458" visible="true" version="1" changeset="141847559" timestamp="2023-09-28T06:02:11Z" user="nileshbarawkar" uid="16275544">
  <nd ref="11224325721"/>
  <nd ref="4807334074"/>
  <nd ref="11224325722"/>
  <tag k="highway" v="residential"/>
 </way>
 <way id="1211506459" visible="true" version="1" changeset="141847559" timestamp="2023-09-28T06:02:11Z" user="nileshbarawkar" uid="16275544">
  <nd ref="11224325723"/>
  <nd ref="11224325724"/>
  <tag k="highway" v="residential"/>
 </way>
 <way id="1211506460" visible="true" version="1" changeset="141847559" timestamp="2023-09-28T06:02:11Z" user="nileshbarawkar" uid="16275544">
  <nd ref="11224325725"/>
  <nd ref="11224325726"/>
  <tag k="highway" v="residential"/>
 </way>
 <way id="1211506461" visible="true" version="1" changeset="141847559" timestamp="2023-09-28T06:02:11Z" user="nileshbarawkar" uid="16275544">
  <nd ref="11224325727"/>
  <nd ref="11224325728"/>
  <tag k="highway" v="residential"/>
 </way>
 <way id="1211506462" visible="true" version="1" changeset="141847559" timestamp="2023-09-28T06:02:11Z" user="nileshbarawkar" uid="16275544">
  <nd ref="6734829241"/>
  <nd ref="6735094779"/>
  <nd ref="4814927865"/>
  <nd ref="4814927868"/>
  <nd ref="4814927895"/>
  <tag k="highway" v="residential"/>
 </way>
 <way id="1211506463" visible="true" version="1" changeset="141847559" timestamp="2023-09-28T06:02:11Z" user="nileshbarawkar" uid="16275544">
  <nd ref="4814927895"/>
  <nd ref="4814927875"/>
  <tag k="highway" v="residential"/>
 </way>
 <way id="1211506464" visible="true" version="1" changeset="141847559" timestamp="2023-09-28T06:02:11Z" user="nileshbarawkar" uid="16275544">
  <nd ref="4807333956"/>
  <nd ref="4814923493"/>
  <nd ref="4814923470"/>
  <tag k="highway" v="residential"/>
 </way>
 <way id="1211506465" visible="true" version="1" changeset="141847559" timestamp="2023-09-28T06:02:11Z" user="nileshbarawkar" uid="16275544">
  <nd ref="4814927894"/>
  <nd ref="11224325729"/>
  <nd ref="6333817496"/>
  <tag k="highway" v="residential"/>
 </way>
 <way id="1211506466" visible="true" version="1" changeset="141847559" timestamp="2023-09-28T06:02:11Z" user="nileshbarawkar" uid="16275544">
  <nd ref="4807333952"/>
  <nd ref="4807333984"/>
  <nd ref="4807333954"/>
  <nd ref="4807333991"/>
  <nd ref="4807333956"/>
  <nd ref="4807333999"/>
  <nd ref="4814923485"/>
  <nd ref="4807333959"/>
  <tag k="highway" v="residential"/>
 </way>
 <way id="1211506467" visible="true" version="1" changeset="141847559" timestamp="2023-09-28T06:02:11Z" user="nileshbarawkar" uid="16275544">
  <nd ref="4807333513"/>
  <nd ref="4807333952"/>
  <tag k="highway" v="residential"/>
 </way>
 <way id="1211506468" visible="true" version="2" changeset="141847685" timestamp="2023-09-28T06:07:08Z" user="nileshbarawkar" uid="16275544">
  <nd ref="4807333495"/>
  <nd ref="4807333922"/>
  <nd ref="4807333501"/>
  <tag k="highway" v="residential"/>
 </way>
 <way id="1211507695" visible="true" version="1" changeset="141847685" timestamp="2023-09-28T06:07:08Z" user="nileshbarawkar" uid="16275544">
  <nd ref="4807333952"/>
  <nd ref="11224277734"/>
  <tag k="highway" v="residential"/>
 </way>
 <way id="1211507696" visible="true" version="1" changeset="141847685" timestamp="2023-09-28T06:07:08Z" user="nileshbarawkar" uid="16275544">
  <nd ref="4814923496"/>
  <nd ref="11224277735"/>
  <tag k="highway" v="residential"/>
 </way>
 <way id="1211507697" visible="true" version="1" changeset="141847685" timestamp="2023-09-28T06:07:08Z" user="nileshbarawkar" uid="16275544">
  <nd ref="4807316940"/>
  <nd ref="4807316941"/>
  <nd ref="4807316942"/>
  <nd ref="4807316943"/>
  <nd ref="4807316944"/>
  <nd ref="4807316945"/>
  <nd ref="4807316946"/>
  <nd ref="4807316947"/>
  <nd ref="4807316948"/>
  <nd ref="4807316949"/>
  <nd ref="4807316950"/>
  <nd ref="4807316951"/>
  <nd ref="4807316952"/>
  <nd ref="4807316953"/>
  <nd ref="4807316954"/>
  <nd ref="4807316955"/>
  <tag k="highway" v="residential"/>
 </way>
 <way id="1211507698" visible="true" version="1" changeset="141847685" timestamp="2023-09-28T06:07:08Z" user="nileshbarawkar" uid="16275544">
  <nd ref="4807315805"/>
  <nd ref="4807316926"/>
  <tag k="highway" v="residential"/>
 </way>
 <way id="1211507699" visible="true" version="1" changeset="141847685" timestamp="2023-09-28T06:07:08Z" user="nileshbarawkar" uid="16275544">
  <nd ref="11224277736"/>
  <nd ref="11224344737"/>
  <tag k="highway" v="service"/>
 </way>
 <way id="1211507700" visible="true" version="1" changeset="141847685" timestamp="2023-09-28T06:07:08Z" user="nileshbarawkar" uid="16275544">
  <nd ref="4807334041"/>
  <nd ref="4807333969"/>
  <tag k="highway" v="residential"/>
 </way>
 <way id="1211507701" visible="true" version="1" changeset="141847685" timestamp="2023-09-28T06:07:08Z" user="nileshbarawkar" uid="16275544">
  <nd ref="4807334036"/>
  <nd ref="4807334046"/>
  <nd ref="4807334041"/>
  <tag k="highway" v="residential"/>
 </way>
 <way id="1211507702" visible="true" version="1" changeset="141847685" timestamp="2023-09-28T06:07:08Z" user="nileshbarawkar" uid="16275544">
  <nd ref="4807334088"/>
  <nd ref="11224344738"/>
  <tag k="highway" v="residential"/>
 </way>
 <way id="1211507703" visible="true" version="1" changeset="141847685" timestamp="2023-09-28T06:07:08Z" user="nileshbarawkar" uid="16275544">
  <nd ref="4807334062"/>
  <nd ref="4807334064"/>
  <tag k="highway" v="residential"/>
 </way>
 <way id="1226433842" visible="true" version="2" changeset="149339270" timestamp="2024-03-30T06:57:33Z" user="manojnobi" uid="19376976">
  <nd ref="3778236935"/>
  <nd ref="11773037863"/>
  <nd ref="11373044499"/>
  <nd ref="11373044500"/>
  <tag k="highway" v="residential"/>
 </way>
 <way id="1245438635" visible="true" version="1" changeset="146970111" timestamp="2024-02-02T05:01:07Z" user="mansoorkhankhan" uid="19574799">
  <nd ref="11578131804"/>
  <nd ref="11578131805"/>
  <tag k="highway" v="residential"/>
 </way>
 <way id="1245438636" visible="true" version="1" changeset="146970111" timestamp="2024-02-02T05:01:07Z" user="mansoorkhankhan" uid="19574799">
  <nd ref="11578131806"/>
  <nd ref="11578131807"/>
  <tag k="highway" v="residential"/>
 </way>
 <way id="1245440210" visible="true" version="1" changeset="146970427" timestamp="2024-02-02T05:17:17Z" user="mansoorkhankhan" uid="19574799">
  <nd ref="11578180281"/>
  <nd ref="11578180283"/>
  <nd ref="11578180282"/>
  <tag k="highway" v="residential"/>
 </way>
 <way id="1245514497" visible="true" version="1" changeset="146982650" timestamp="2024-02-02T12:08:07Z" user="sambreen" uid="19574772">
  <nd ref="11578806305"/>
  <nd ref="11578806316"/>
  <nd ref="11578806306"/>
  <nd ref="11578806307"/>
  <nd ref="11578806308"/>
  <nd ref="11578806309"/>
  <nd ref="11578806310"/>
  <nd ref="11578806311"/>
  <nd ref="11578806312"/>
  <nd ref="11578806313"/>
  <nd ref="11578806314"/>
  <nd ref="11578806315"/>
  <tag k="access" v="private"/>
  <tag k="highway" v="residential"/>
 </way>
 <way id="1245514763" visible="true" version="1" changeset="146982754" timestamp="2024-02-02T12:10:58Z" user="sambreen" uid="19574772">
  <nd ref="11578852581"/>
  <nd ref="4807492875"/>
  <tag k="highway" v="residential"/>
 </way>
 <way id="1245516596" visible="true" version="1" changeset="146983037" timestamp="2024-02-02T12:19:43Z" user="sambreen" uid="19574772">
  <nd ref="11578892089"/>
  <nd ref="11578892091"/>
  <nd ref="11578892090"/>
  <tag k="highway" v="residential"/>
 </way>
 <way id="1245516597" visible="true" version="1" changeset="146983037" timestamp="2024-02-02T12:19:43Z" user="sambreen" uid="19574772">
  <nd ref="11578892091"/>
  <nd ref="11578892092"/>
  <tag k="highway" v="residential"/>
 </way>
 <way id="1245516889" visible="true" version="1" changeset="146983092" timestamp="2024-02-02T12:21:42Z" user="sambreen" uid="19574772">
  <nd ref="11578870813"/>
  <nd ref="11578870814"/>
  <tag k="highway" v="residential"/>
 </way>
 <way id="1245518263" visible="true" version="1" changeset="146983251" timestamp="2024-02-02T12:27:34Z" user="sambreen" uid="19574772">
  <nd ref="3826609881"/>
  <nd ref="11578911469"/>
  <nd ref="11578911470"/>
  <nd ref="11578911471"/>
  <nd ref="11578911472"/>
  <nd ref="11578911473"/>
  <nd ref="11578911474"/>
  <nd ref="11578911475"/>
  <nd ref="11578911476"/>
  <nd ref="11578911477"/>
  <nd ref="11578911478"/>
  <nd ref="11578911479"/>
  <nd ref="11578911480"/>
  <nd ref="11578911481"/>
  <nd ref="11578911482"/>
  <tag k="highway" v="service"/>
  <tag k="oneway" v="yes"/>
 </way>
 <way id="1245799229" visible="true" version="1" changeset="147015543" timestamp="2024-02-03T11:05:57Z" user="nileshbarawkar" uid="16275544">
  <nd ref="4308865660"/>
  <nd ref="4807433595"/>
  <tag k="highway" v="tertiary"/>
 </way>
 <way id="1247569013" visible="true" version="3" changeset="147245718" timestamp="2024-02-09T08:14:24Z" user="BCNorwich" uid="322785">
  <nd ref="4807433603"/>
  <nd ref="11597789282"/>
  <nd ref="11597789281"/>
  <nd ref="11597789283"/>
  <nd ref="11597789280"/>
  <nd ref="11597789279"/>
  <nd ref="11597789284"/>
  <nd ref="11597789278"/>
  <nd ref="11597789285"/>
  <nd ref="11597789289"/>
  <nd ref="11597789277"/>
  <nd ref="11597789286"/>
  <nd ref="11597789276"/>
  <nd ref="11597789287"/>
  <nd ref="11597789275"/>
  <nd ref="11597789274"/>
  <nd ref="11597789273"/>
  <nd ref="11597789272"/>
  <nd ref="11597789271"/>
  <nd ref="11597789270"/>
  <nd ref="4807506457"/>
  <tag k="highway" v="tertiary"/>
  <tag k="oneway" v="yes"/>
 </way>
 <way id="1247577051" visible="true" version="1" changeset="147210828" timestamp="2024-02-08T10:20:22Z" user="mithungowda" uid="19554676">
  <nd ref="11597803910"/>
  <nd ref="11597803911"/>
  <nd ref="11597803912"/>
  <nd ref="11597803913"/>
  <nd ref="11597803914"/>
  <nd ref="4807519106"/>
  <tag k="highway" v="residential"/>
 </way>
 <way id="1247577744" visible="true" version="1" changeset="147211013" timestamp="2024-02-08T10:25:59Z" user="mithungowda" uid="19554676">
  <nd ref="11597838581"/>
  <nd ref="11597838582"/>
  <nd ref="11597838583"/>
  <nd ref="11597838584"/>
  <nd ref="11597838585"/>
  <nd ref="11597838586"/>
  <nd ref="11597838587"/>
  <nd ref="11597838588"/>
  <tag k="highway" v="residential"/>
  <tag k="surface" v="unpaved"/>
 </way>
 <way id="1247582300" visible="true" version="1" changeset="147211345" timestamp="2024-02-08T10:34:47Z" user="mithungowda" uid="19554676">
  <nd ref="11597822961"/>
  <nd ref="11597869678"/>
  <nd ref="11597822962"/>
  <nd ref="11597869674"/>
  <nd ref="11597822963"/>
  <nd ref="11597822964"/>
  <nd ref="11597822965"/>
  <nd ref="11597822966"/>
  <nd ref="11597822967"/>
  <nd ref="11597822968"/>
  <nd ref="11597869669"/>
  <nd ref="11597869670"/>
  <nd ref="11597869671"/>
  <nd ref="11597869672"/>
  <nd ref="11597869676"/>
  <nd ref="11597869673"/>
  <nd ref="11597869674"/>
  <tag k="access" v="private"/>
  <tag k="highway" v="residential"/>
 </way>
 <way id="1247986824" visible="true" version="1" changeset="147241546" timestamp="2024-02-09T05:18:19Z" user="subhankara" uid="19574788">
  <nd ref="11601278473"/>
  <nd ref="11601278474"/>
  <tag k="highway" v="residential"/>
 </way>
 <way id="1248752988" visible="true" version="1" changeset="147284182" timestamp="2024-02-10T08:40:36Z" user="olarumankhan" uid="19619725">
  <nd ref="6734540137"/>
  <nd ref="11607251836"/>
  <nd ref="11607251837"/>
  <nd ref="11607251838"/>
  <tag k="highway" v="residential"/>
 </way>
 <way id="1248753215" visible="true" version="1" changeset="147284217" timestamp="2024-02-10T08:42:30Z" user="olarumankhan" uid="19619725">
  <nd ref="11607293905"/>
  <nd ref="11607293906"/>
  <tag k="highway" v="residential"/>
 </way>
 <way id="1248753371" visible="true" version="1" changeset="147284255" timestamp="2024-02-10T08:44:05Z" user="olarumankhan" uid="19619725">
  <nd ref="11607244336"/>
  <nd ref="11607244337"/>
  <tag k="highway" v="residential"/>
 </way>
 <way id="1248757138" visible="true" version="1" changeset="147284751" timestamp="2024-02-10T09:02:05Z" user="olarumankhan" uid="19619725">
  <nd ref="4805678608"/>
  <nd ref="11607299411"/>
  <tag k="highway" v="residential"/>
 </way>
 <way id="1267075001" visible="true" version="1" changeset="149262191" timestamp="2024-03-28T10:39:48Z" user="jdananda" uid="19368656">
  <nd ref="11768650739"/>
  <nd ref="11768650740"/>
  <nd ref="11768650741"/>
  <nd ref="4807315805"/>
  <tag k="highway" v="residential"/>
 </way>
 <way id="1267075002" visible="true" version="1" changeset="149262191" timestamp="2024-03-28T10:39:48Z" user="jdananda" uid="19368656">
  <nd ref="4807315798"/>
  <nd ref="11768650739"/>
  <tag k="highway" v="residential"/>
 </way>
 <way id="1267075003" visible="true" version="1" changeset="149262191" timestamp="2024-03-28T10:39:48Z" user="jdananda" uid="19368656">
  <nd ref="4807316926"/>
  <nd ref="11768650742"/>
  <tag k="highway" v="residential"/>
 </way>
 <way id="1267075004" visible="true" version="1" changeset="149262191" timestamp="2024-03-28T10:39:48Z" user="jdananda" uid="19368656">
  <nd ref="4807315816"/>
  <nd ref="11768650743"/>
  <tag k="highway" v="residential"/>
 </way>
 <way id="1267082445" visible="true" version="1" changeset="149263485" timestamp="2024-03-28T11:11:47Z" user="jdananda" uid="19368656">
  <nd ref="11768687307"/>
  <nd ref="11768687308"/>
  <tag k="highway" v="residential"/>
  <tag k="surface" v="unpaved"/>
 </way>
 <way id="1267625362" visible="true" version="1" changeset="149339270" timestamp="2024-03-30T06:57:33Z" user="manojnobi" uid="19376976">
  <nd ref="11773037863"/>
  <nd ref="11773037864"/>
  <tag k="highway" v="residential"/>
 </way>
 <way id="1268087981" visible="true" version="1" changeset="149418821" timestamp="2024-04-01T07:05:11Z" user="jyothik" uid="19574771">
  <nd ref="11777732742"/>
  <nd ref="11777744273"/>
  <nd ref="11777744280"/>
  <nd ref="11777732743"/>
  <nd ref="11777732744"/>
  <nd ref="11777732745"/>
  <nd ref="11777732749"/>
  <nd ref="11777732746"/>
  <nd ref="11777732747"/>
  <nd ref="11777732748"/>
  <nd ref="11777732750"/>
  <nd ref="11777732751"/>
  <nd ref="11777732752"/>
  <nd ref="11777744275"/>
  <nd ref="11777732753"/>
  <nd ref="11777732754"/>
  <nd ref="11777732755"/>
  <nd ref="11777744276"/>
  <nd ref="11777732756"/>
  <nd ref="11777744278"/>
  <nd ref="11777732757"/>
  <nd ref="11777732758"/>
  <nd ref="11777732759"/>
  <nd ref="11777732760"/>
  <nd ref="11777732761"/>
  <nd ref="11777732762"/>
  <nd ref="11777732763"/>
  <nd ref="11777744281"/>
  <nd ref="11777732764"/>
  <nd ref="11777732765"/>
  <nd ref="11777732766"/>
  <nd ref="11777732767"/>
  <tag k="access" v="private"/>
  <tag k="highway" v="residential"/>
 </way>
 <way id="1268087983" visible="true" version="1" changeset="149418821" timestamp="2024-04-01T07:05:11Z" user="jyothik" uid="19574771">
  <nd ref="11777744274"/>
  <nd ref="11777744277"/>
  <nd ref="11777744279"/>
  <nd ref="11777732760"/>
  <tag k="access" v="private"/>
  <tag k="highway" v="residential"/>
 </way>
 <way id="1268087984" visible="true" version="1" changeset="149418821" timestamp="2024-04-01T07:05:11Z" user="jyothik" uid="19574771">
  <nd ref="11777744276"/>
  <nd ref="11777744277"/>
  <tag k="access" v="private"/>
  <tag k="highway" v="residential"/>
 </way>
 <way id="1268087985" visible="true" version="1" changeset="149418821" timestamp="2024-04-01T07:05:11Z" user="jyothik" uid="19574771">
  <nd ref="11777744278"/>
  <nd ref="11777744279"/>
  <tag k="access" v="private"/>
  <tag k="highway" v="residential"/>
 </way>
 <way id="1268087986" visible="true" version="1" changeset="149418821" timestamp="2024-04-01T07:05:11Z" user="jyothik" uid="19574771">
  <nd ref="11777732735"/>
  <nd ref="11777744280"/>
  <tag k="access" v="private"/>
  <tag k="highway" v="residential"/>
 </way>
 <way id="1330843193" visible="true" version="1" changeset="158768524" timestamp="2024-11-05T08:05:42Z" user="kavig" uid="19819867">
  <nd ref="4805605097"/>
  <nd ref="3785884414"/>
  <nd ref="3785884417"/>
  <nd ref="3785884418"/>
  <nd ref="4805605642"/>
  <nd ref="3785884419"/>
  <nd ref="4805605649"/>
  <nd ref="3785884423"/>
  <nd ref="4805637373"/>
  <nd ref="3785884426"/>
  <nd ref="4805637514"/>
  <nd ref="3785884427"/>
  <nd ref="3785884429"/>
  <nd ref="4805637467"/>
  <nd ref="3785884431"/>
  <nd ref="4805637287"/>
  <nd ref="4805637288"/>
  <nd ref="3826609880"/>
  <tag k="highway" v="secondary"/>
  <tag k="name" v="Rana Sanga Marg"/>
  <tag k="oneway" v="yes"/>
 </way>
 <way id="1330843195" visible="true" version="1" changeset="158768524" timestamp="2024-11-05T08:05:42Z" user="kavig" uid="19819867">
  <nd ref="317403545"/>
  <nd ref="4805637338"/>
  <nd ref="4805637323"/>
  <nd ref="3785884430"/>
  <nd ref="3785884428"/>
  <nd ref="6877335681"/>
  <nd ref="4805637513"/>
  <nd ref="3785884424"/>
  <nd ref="3785884422"/>
  <nd ref="3785884420"/>
  <nd ref="4805637271"/>
  <nd ref="3785884416"/>
  <nd ref="3785884415"/>
  <nd ref="4805605635"/>
  <nd ref="4805605621"/>
  <nd ref="3785884412"/>
  <tag k="highway" v="secondary"/>
  <tag k="name" v="Rana Sanga Marg"/>
  <tag k="oneway" v="yes"/>
 </way>
 <way id="1359784565" visible="true" version="1" changeset="162489747" timestamp="2025-02-14T05:45:31Z" user="jyothik" uid="19574771">
  <nd ref="12586953870"/>
  <nd ref="12586953871"/>
  <nd ref="12586953872"/>
  <nd ref="12586953873"/>
  <nd ref="12586953874"/>
  <nd ref="12586953875"/>
  <nd ref="12586953876"/>
  <nd ref="12586953877"/>
  <tag k="highway" v="service"/>
 </way>
 <way id="1359784566" visible="true" version="1" changeset="162489747" timestamp="2025-02-14T05:45:31Z" user="jyothik" uid="19574771">
  <nd ref="12586953870"/>
  <nd ref="12586953878"/>
  <tag k="highway" v="service"/>
 </way>
 <way id="1359784567" visible="true" version="1" changeset="162489747" timestamp="2025-02-14T05:45:31Z" user="jyothik" uid="19574771">
  <nd ref="12586953877"/>
  <nd ref="12586953879"/>
  <tag k="highway" v="service"/>
 </way>
 <way id="1386928875" visible="true" version="1" changeset="166288227" timestamp="2025-05-15T07:01:26Z" user="Bala1991" uid="18673267">
  <nd ref="12839278882"/>
  <nd ref="12839278883"/>
  <nd ref="12839278884"/>
  <nd ref="12839278885"/>
  <nd ref="12839278882"/>
  <tag k="building" v="yes"/>
 </way>
 <way id="1386928876" visible="true" version="1" changeset="166288227" timestamp="2025-05-15T07:01:26Z" user="Bala1991" uid="18673267">
  <nd ref="12839278886"/>
  <nd ref="12839278887"/>
  <nd ref="12839278888"/>
  <nd ref="12839278889"/>
  <nd ref="12839278886"/>
  <tag k="building" v="yes"/>
 </way>
 <way id="1386928877" visible="true" version="1" changeset="166288227" timestamp="2025-05-15T07:01:26Z" user="Bala1991" uid="18673267">
  <nd ref="12839278890"/>
  <nd ref="12839278891"/>
  <nd ref="12839278892"/>
  <nd ref="12839278893"/>
  <nd ref="12839278890"/>
  <tag k="building" v="yes"/>
 </way>
 <way id="1386928878" visible="true" version="1" changeset="166288227" timestamp="2025-05-15T07:01:26Z" user="Bala1991" uid="18673267">
  <nd ref="12839278894"/>
  <nd ref="12839278895"/>
  <nd ref="12839278896"/>
  <nd ref="12839278897"/>
  <nd ref="12839278894"/>
  <tag k="building" v="yes"/>
 </way>
 <way id="1386928879" visible="true" version="1" changeset="166288227" timestamp="2025-05-15T07:01:26Z" user="Bala1991" uid="18673267">
  <nd ref="12839278898"/>
  <nd ref="12839278899"/>
  <nd ref="12839278900"/>
  <nd ref="12839373201"/>
  <nd ref="12839278898"/>
  <tag k="building" v="yes"/>
 </way>
 <way id="1386928880" visible="true" version="1" changeset="166288227" timestamp="2025-05-15T07:01:26Z" user="Bala1991" uid="18673267">
  <nd ref="12839373202"/>
  <nd ref="12839373203"/>
  <nd ref="12839373204"/>
  <nd ref="12839373205"/>
  <nd ref="12839373202"/>
  <tag k="building" v="yes"/>
 </way>
 <way id="1386928883" visible="true" version="1" changeset="166288227" timestamp="2025-05-15T07:01:26Z" user="Bala1991" uid="18673267">
  <nd ref="12839373214"/>
  <nd ref="12839373215"/>
  <nd ref="12839373216"/>
  <nd ref="12839373217"/>
  <nd ref="12839373214"/>
  <tag k="building" v="yes"/>
 </way>
 <way id="1386928884" visible="true" version="1" changeset="166288227" timestamp="2025-05-15T07:01:26Z" user="Bala1991" uid="18673267">
  <nd ref="12839373218"/>
  <nd ref="12839373219"/>
  <nd ref="12839373220"/>
  <nd ref="12839373221"/>
  <nd ref="12839373218"/>
  <tag k="building" v="yes"/>
 </way>
 <way id="1386928885" visible="true" version="1" changeset="166288227" timestamp="2025-05-15T07:01:26Z" user="Bala1991" uid="18673267">
  <nd ref="12839373222"/>
  <nd ref="12839373223"/>
  <nd ref="12839373224"/>
  <nd ref="12839373225"/>
  <nd ref="12839373222"/>
  <tag k="building" v="yes"/>
 </way>
 <way id="1386928886" visible="true" version="1" changeset="166288227" timestamp="2025-05-15T07:01:26Z" user="Bala1991" uid="18673267">
  <nd ref="12839373226"/>
  <nd ref="12839373227"/>
  <nd ref="12839373228"/>
  <nd ref="12839373229"/>
  <nd ref="12839373226"/>
  <tag k="building" v="yes"/>
 </way>
 <way id="1386928887" visible="true" version="1" changeset="166288227" timestamp="2025-05-15T07:01:26Z" user="Bala1991" uid="18673267">
  <nd ref="12839373230"/>
  <nd ref="12839373231"/>
  <nd ref="12839373232"/>
  <nd ref="12839373233"/>
  <nd ref="12839373230"/>
  <tag k="building" v="yes"/>
 </way>
 <way id="1386928888" visible="true" version="1" changeset="166288227" timestamp="2025-05-15T07:01:26Z" user="Bala1991" uid="18673267">
  <nd ref="12839373234"/>
  <nd ref="12839373235"/>
  <nd ref="12839373236"/>
  <nd ref="12839373237"/>
  <nd ref="12839373234"/>
  <tag k="building" v="yes"/>
 </way>
 <way id="1386928889" visible="true" version="1" changeset="166288227" timestamp="2025-05-15T07:01:26Z" user="Bala1991" uid="18673267">
  <nd ref="12839373238"/>
  <nd ref="12839373239"/>
  <nd ref="12839373240"/>
  <nd ref="12839373241"/>
  <nd ref="12839373238"/>
  <tag k="building" v="yes"/>
 </way>
 <way id="1386928890" visible="true" version="1" changeset="166288227" timestamp="2025-05-15T07:01:26Z" user="Bala1991" uid="18673267">
  <nd ref="12839373242"/>
  <nd ref="12839373243"/>
  <nd ref="12839373244"/>
  <nd ref="12839373245"/>
  <nd ref="12839373242"/>
  <tag k="building" v="yes"/>
 </way>
 <way id="1386928891" visible="true" version="1" changeset="166288227" timestamp="2025-05-15T07:01:26Z" user="Bala1991" uid="18673267">
  <nd ref="12839373246"/>
  <nd ref="12839373247"/>
  <nd ref="12839373248"/>
  <nd ref="12839373249"/>
  <nd ref="12839373246"/>
  <tag k="building" v="yes"/>
 </way>
 <way id="1386928892" visible="true" version="1" changeset="166288227" timestamp="2025-05-15T07:01:26Z" user="Bala1991" uid="18673267">
  <nd ref="12839373250"/>
  <nd ref="12839373251"/>
  <nd ref="12839373252"/>
  <nd ref="12839373253"/>
  <nd ref="12839373250"/>
  <tag k="building" v="yes"/>
 </way>
 <way id="1386928893" visible="true" version="1" changeset="166288227" timestamp="2025-05-15T07:01:26Z" user="Bala1991" uid="18673267">
  <nd ref="12839373254"/>
  <nd ref="12839373255"/>
  <nd ref="12839373256"/>
  <nd ref="12839373257"/>
  <nd ref="12839373254"/>
  <tag k="building" v="yes"/>
 </way>
 <way id="1386928894" visible="true" version="1" changeset="166288227" timestamp="2025-05-15T07:01:26Z" user="Bala1991" uid="18673267">
  <nd ref="12839373258"/>
  <nd ref="12839373259"/>
  <nd ref="12839373260"/>
  <nd ref="12839373261"/>
  <nd ref="12839373258"/>
  <tag k="building" v="yes"/>
 </way>
 <way id="1386928895" visible="true" version="1" changeset="166288227" timestamp="2025-05-15T07:01:26Z" user="Bala1991" uid="18673267">
  <nd ref="12839373262"/>
  <nd ref="12839373263"/>
  <nd ref="12839373264"/>
  <nd ref="12839373265"/>
  <nd ref="12839373262"/>
  <tag k="building" v="yes"/>
 </way>
 <way id="1386928896" visible="true" version="1" changeset="166288227" timestamp="2025-05-15T07:01:26Z" user="Bala1991" uid="18673267">
  <nd ref="12839373266"/>
  <nd ref="12839373267"/>
  <nd ref="12839373268"/>
  <nd ref="12839373269"/>
  <nd ref="12839373266"/>
  <tag k="building" v="yes"/>
 </way>
 <way id="1386928897" visible="true" version="1" changeset="166288227" timestamp="2025-05-15T07:01:26Z" user="Bala1991" uid="18673267">
  <nd ref="12839373270"/>
  <nd ref="12839373271"/>
  <nd ref="12839373272"/>
  <nd ref="12839373273"/>
  <nd ref="12839373270"/>
  <tag k="building" v="yes"/>
 </way>
 <way id="1386928898" visible="true" version="1" changeset="166288227" timestamp="2025-05-15T07:01:26Z" user="Bala1991" uid="18673267">
  <nd ref="12839373274"/>
  <nd ref="12839373275"/>
  <nd ref="12839373276"/>
  <nd ref="12839373277"/>
  <nd ref="12839373274"/>
  <tag k="building" v="yes"/>
 </way>
 <way id="1386928899" visible="true" version="1" changeset="166288227" timestamp="2025-05-15T07:01:26Z" user="Bala1991" uid="18673267">
  <nd ref="12839373278"/>
  <nd ref="12839373279"/>
  <nd ref="12839373280"/>
  <nd ref="12839373281"/>
  <nd ref="12839373278"/>
  <tag k="building" v="yes"/>
 </way>
 <way id="1386928900" visible="true" version="1" changeset="166288227" timestamp="2025-05-15T07:01:26Z" user="Bala1991" uid="18673267">
  <nd ref="12839373282"/>
  <nd ref="12839373283"/>
  <nd ref="12839373284"/>
  <nd ref="12839373285"/>
  <nd ref="12839373282"/>
  <tag k="building" v="yes"/>
 </way>
 <way id="1386928901" visible="true" version="1" changeset="166288227" timestamp="2025-05-15T07:01:26Z" user="Bala1991" uid="18673267">
  <nd ref="12839373286"/>
  <nd ref="12839373287"/>
  <nd ref="12839373288"/>
  <nd ref="12839373289"/>
  <nd ref="12839373286"/>
  <tag k="building" v="yes"/>
 </way>
 <way id="1386928902" visible="true" version="1" changeset="166288227" timestamp="2025-05-15T07:01:26Z" user="Bala1991" uid="18673267">
  <nd ref="12839373290"/>
  <nd ref="12839373291"/>
  <nd ref="12839373292"/>
  <nd ref="12839373293"/>
  <nd ref="12839373290"/>
  <tag k="building" v="yes"/>
 </way>
 <way id="1386928903" visible="true" version="1" changeset="166288227" timestamp="2025-05-15T07:01:26Z" user="Bala1991" uid="18673267">
  <nd ref="12839373294"/>
  <nd ref="12839373295"/>
  <nd ref="12839373296"/>
  <nd ref="12839373297"/>
  <nd ref="12839373294"/>
  <tag k="building" v="yes"/>
 </way>
 <way id="1386928904" visible="true" version="1" changeset="166288227" timestamp="2025-05-15T07:01:26Z" user="Bala1991" uid="18673267">
  <nd ref="12839373298"/>
  <nd ref="12839373299"/>
  <nd ref="12839373300"/>
  <nd ref="12839373301"/>
  <nd ref="12839373298"/>
  <tag k="building" v="yes"/>
 </way>
 <way id="1386928905" visible="true" version="1" changeset="166288227" timestamp="2025-05-15T07:01:26Z" user="Bala1991" uid="18673267">
  <nd ref="12839373302"/>
  <nd ref="12839373303"/>
  <nd ref="12839373304"/>
  <nd ref="12839373305"/>
  <nd ref="12839373302"/>
  <tag k="building" v="yes"/>
 </way>
 <way id="1386928906" visible="true" version="1" changeset="166288227" timestamp="2025-05-15T07:01:26Z" user="Bala1991" uid="18673267">
  <nd ref="12839373306"/>
  <nd ref="12839373307"/>
  <nd ref="12839373308"/>
  <nd ref="12839373309"/>
  <nd ref="12839373306"/>
  <tag k="building" v="yes"/>
 </way>
 <way id="1386928907" visible="true" version="1" changeset="166288227" timestamp="2025-05-15T07:01:26Z" user="Bala1991" uid="18673267">
  <nd ref="12839373310"/>
  <nd ref="12839373311"/>
  <nd ref="12839373312"/>
  <nd ref="12839373313"/>
  <nd ref="12839373310"/>
  <tag k="building" v="yes"/>
 </way>
 <way id="1386928908" visible="true" version="1" changeset="166288227" timestamp="2025-05-15T07:01:26Z" user="Bala1991" uid="18673267">
  <nd ref="12839373314"/>
  <nd ref="12839373315"/>
  <nd ref="12839373316"/>
  <nd ref="12839373317"/>
  <nd ref="12839373314"/>
  <tag k="building" v="yes"/>
 </way>
 <way id="1386928909" visible="true" version="1" changeset="166288227" timestamp="2025-05-15T07:01:26Z" user="Bala1991" uid="18673267">
  <nd ref="12839373318"/>
  <nd ref="12839373319"/>
  <nd ref="12839373320"/>
  <nd ref="12839373321"/>
  <nd ref="12839373318"/>
  <tag k="building" v="yes"/>
 </way>
 <way id="1386928910" visible="true" version="1" changeset="166288227" timestamp="2025-05-15T07:01:26Z" user="Bala1991" uid="18673267">
  <nd ref="12839373322"/>
  <nd ref="12839373323"/>
  <nd ref="12839373324"/>
  <nd ref="12839373325"/>
  <nd ref="12839373322"/>
  <tag k="building" v="yes"/>
 </way>
 <way id="1386928911" visible="true" version="1" changeset="166288227" timestamp="2025-05-15T07:01:26Z" user="Bala1991" uid="18673267">
  <nd ref="12839373326"/>
  <nd ref="12839373327"/>
  <nd ref="12839373328"/>
  <nd ref="12839373329"/>
  <nd ref="12839373326"/>
  <tag k="building" v="yes"/>
 </way>
 <way id="1386928912" visible="true" version="1" changeset="166288227" timestamp="2025-05-15T07:01:26Z" user="Bala1991" uid="18673267">
  <nd ref="12839373330"/>
  <nd ref="12839373331"/>
  <nd ref="12839373332"/>
  <nd ref="12839373333"/>
  <nd ref="12839373330"/>
  <tag k="building" v="yes"/>
 </way>
 <way id="1386928913" visible="true" version="1" changeset="166288227" timestamp="2025-05-15T07:01:26Z" user="Bala1991" uid="18673267">
  <nd ref="12839373334"/>
  <nd ref="12839373335"/>
  <nd ref="12839373336"/>
  <nd ref="12839373337"/>
  <nd ref="12839373334"/>
  <tag k="building" v="yes"/>
 </way>
 <way id="1386928914" visible="true" version="1" changeset="166288227" timestamp="2025-05-15T07:01:26Z" user="Bala1991" uid="18673267">
  <nd ref="12839373338"/>
  <nd ref="12839373339"/>
  <nd ref="12839373340"/>
  <nd ref="12839373341"/>
  <nd ref="12839373338"/>
  <tag k="building" v="yes"/>
 </way>
 <way id="1386928915" visible="true" version="1" changeset="166288227" timestamp="2025-05-15T07:01:26Z" user="Bala1991" uid="18673267">
  <nd ref="12839373342"/>
  <nd ref="12839373343"/>
  <nd ref="12839373344"/>
  <nd ref="12839373345"/>
  <nd ref="12839373342"/>
  <tag k="building" v="yes"/>
 </way>
 <way id="1386928916" visible="true" version="1" changeset="166288227" timestamp="2025-05-15T07:01:26Z" user="Bala1991" uid="18673267">
  <nd ref="12839373346"/>
  <nd ref="12839373347"/>
  <nd ref="12839373348"/>
  <nd ref="12839373349"/>
  <nd ref="12839373346"/>
  <tag k="building" v="yes"/>
 </way>
 <way id="1386928917" visible="true" version="1" changeset="166288227" timestamp="2025-05-15T07:01:26Z" user="Bala1991" uid="18673267">
  <nd ref="12839373350"/>
  <nd ref="12839373351"/>
  <nd ref="12839373352"/>
  <nd ref="12839373353"/>
  <nd ref="12839373350"/>
  <tag k="building" v="yes"/>
 </way>
 <way id="1386928918" visible="true" version="1" changeset="166288227" timestamp="2025-05-15T07:01:26Z" user="Bala1991" uid="18673267">
  <nd ref="12839373354"/>
  <nd ref="12839373355"/>
  <nd ref="12839373356"/>
  <nd ref="12839373357"/>
  <nd ref="12839373354"/>
  <tag k="building" v="yes"/>
 </way>
 <way id="1386928919" visible="true" version="1" changeset="166288227" timestamp="2025-05-15T07:01:26Z" user="Bala1991" uid="18673267">
  <nd ref="12839373358"/>
  <nd ref="12839373359"/>
  <nd ref="12839373360"/>
  <nd ref="12839373361"/>
  <nd ref="12839373358"/>
  <tag k="building" v="yes"/>
 </way>
 <way id="1386928920" visible="true" version="1" changeset="166288227" timestamp="2025-05-15T07:01:26Z" user="Bala1991" uid="18673267">
  <nd ref="12839373362"/>
  <nd ref="12839373363"/>
  <nd ref="12839373364"/>
  <nd ref="12839373365"/>
  <nd ref="12839373362"/>
  <tag k="building" v="yes"/>
 </way>
 <way id="1386928921" visible="true" version="1" changeset="166288227" timestamp="2025-05-15T07:01:26Z" user="Bala1991" uid="18673267">
  <nd ref="12839373366"/>
  <nd ref="12839373367"/>
  <nd ref="12839373368"/>
  <nd ref="12839373369"/>
  <nd ref="12839373366"/>
  <tag k="building" v="yes"/>
 </way>
 <way id="1386928922" visible="true" version="1" changeset="166288227" timestamp="2025-05-15T07:01:26Z" user="Bala1991" uid="18673267">
  <nd ref="12839373370"/>
  <nd ref="12839373371"/>
  <nd ref="12839373372"/>
  <nd ref="12839373373"/>
  <nd ref="12839373370"/>
  <tag k="building" v="yes"/>
 </way>
 <way id="1386928923" visible="true" version="1" changeset="166288227" timestamp="2025-05-15T07:01:26Z" user="Bala1991" uid="18673267">
  <nd ref="12839373374"/>
  <nd ref="12839373375"/>
  <nd ref="12839373376"/>
  <nd ref="12839373377"/>
  <nd ref="12839373374"/>
  <tag k="building" v="yes"/>
 </way>
 <way id="1386928924" visible="true" version="1" changeset="166288227" timestamp="2025-05-15T07:01:26Z" user="Bala1991" uid="18673267">
  <nd ref="12839373378"/>
  <nd ref="12839373379"/>
  <nd ref="12839373380"/>
  <nd ref="12839373381"/>
  <nd ref="12839373378"/>
  <tag k="building" v="yes"/>
 </way>
 <way id="1386928925" visible="true" version="1" changeset="166288227" timestamp="2025-05-15T07:01:26Z" user="Bala1991" uid="18673267">
  <nd ref="12839373382"/>
  <nd ref="12839373383"/>
  <nd ref="12839373384"/>
  <nd ref="12839373385"/>
  <nd ref="12839373382"/>
  <tag k="building" v="yes"/>
 </way>
 <way id="1386928926" visible="true" version="1" changeset="166288227" timestamp="2025-05-15T07:01:26Z" user="Bala1991" uid="18673267">
  <nd ref="12839373386"/>
  <nd ref="12839373387"/>
  <nd ref="12839373388"/>
  <nd ref="12839373389"/>
  <nd ref="12839373386"/>
  <tag k="building" v="yes"/>
 </way>
 <way id="1386928927" visible="true" version="1" changeset="166288227" timestamp="2025-05-15T07:01:26Z" user="Bala1991" uid="18673267">
  <nd ref="12839373390"/>
  <nd ref="12839373391"/>
  <nd ref="12839373392"/>
  <nd ref="12839373393"/>
  <nd ref="12839373390"/>
  <tag k="building" v="yes"/>
 </way>
 <way id="1386928928" visible="true" version="1" changeset="166288227" timestamp="2025-05-15T07:01:26Z" user="Bala1991" uid="18673267">
  <nd ref="12839373394"/>
  <nd ref="12839373395"/>
  <nd ref="12839373396"/>
  <nd ref="12839373397"/>
  <nd ref="12839373394"/>
  <tag k="building" v="yes"/>
 </way>
 <way id="1386928929" visible="true" version="1" changeset="166288227" timestamp="2025-05-15T07:01:26Z" user="Bala1991" uid="18673267">
  <nd ref="12839373398"/>
  <nd ref="12839373399"/>
  <nd ref="12839373400"/>
  <nd ref="12839373401"/>
  <nd ref="12839373398"/>
  <tag k="building" v="yes"/>
 </way>
 <way id="1386928930" visible="true" version="1" changeset="166288227" timestamp="2025-05-15T07:01:26Z" user="Bala1991" uid="18673267">
  <nd ref="12839373402"/>
  <nd ref="12839373403"/>
  <nd ref="12839373404"/>
  <nd ref="12839373405"/>
  <nd ref="12839373402"/>
  <tag k="building" v="yes"/>
 </way>
 <way id="1386928931" visible="true" version="1" changeset="166288227" timestamp="2025-05-15T07:01:26Z" user="Bala1991" uid="18673267">
  <nd ref="12839373406"/>
  <nd ref="12839373407"/>
  <nd ref="12839373408"/>
  <nd ref="12839373409"/>
  <nd ref="12839373406"/>
  <tag k="building" v="yes"/>
 </way>
 <way id="1386928932" visible="true" version="1" changeset="166288227" timestamp="2025-05-15T07:01:26Z" user="Bala1991" uid="18673267">
  <nd ref="12839373410"/>
  <nd ref="12839373411"/>
  <nd ref="12839373412"/>
  <nd ref="12839373413"/>
  <nd ref="12839373410"/>
  <tag k="building" v="yes"/>
 </way>
 <way id="1386928933" visible="true" version="1" changeset="166288227" timestamp="2025-05-15T07:01:26Z" user="Bala1991" uid="18673267">
  <nd ref="12839373414"/>
  <nd ref="12839373415"/>
  <nd ref="12839373416"/>
  <nd ref="12839373417"/>
  <nd ref="12839373414"/>
  <tag k="building" v="yes"/>
 </way>
 <way id="1386928934" visible="true" version="1" changeset="166288227" timestamp="2025-05-15T07:01:26Z" user="Bala1991" uid="18673267">
  <nd ref="12839373418"/>
  <nd ref="12839373419"/>
  <nd ref="12839373420"/>
  <nd ref="12839373421"/>
  <nd ref="12839373418"/>
  <tag k="building" v="yes"/>
 </way>
 <way id="1386928935" visible="true" version="1" changeset="166288227" timestamp="2025-05-15T07:01:26Z" user="Bala1991" uid="18673267">
  <nd ref="12839373422"/>
  <nd ref="12839373423"/>
  <nd ref="12839373424"/>
  <nd ref="12839373425"/>
  <nd ref="12839373422"/>
  <tag k="building" v="yes"/>
 </way>
 <way id="1386928936" visible="true" version="1" changeset="166288227" timestamp="2025-05-15T07:01:26Z" user="Bala1991" uid="18673267">
  <nd ref="12839373426"/>
  <nd ref="12839373427"/>
  <nd ref="12839373428"/>
  <nd ref="12839373429"/>
  <nd ref="12839373426"/>
  <tag k="building" v="yes"/>
 </way>
 <way id="1386928937" visible="true" version="1" changeset="166288227" timestamp="2025-05-15T07:01:26Z" user="Bala1991" uid="18673267">
  <nd ref="12839373430"/>
  <nd ref="12839373431"/>
  <nd ref="12839373432"/>
  <nd ref="12839373433"/>
  <nd ref="12839373430"/>
  <tag k="building" v="yes"/>
 </way>
 <way id="1386928938" visible="true" version="1" changeset="166288227" timestamp="2025-05-15T07:01:26Z" user="Bala1991" uid="18673267">
  <nd ref="12839373434"/>
  <nd ref="12839373435"/>
  <nd ref="12839373436"/>
  <nd ref="12839373437"/>
  <nd ref="12839373434"/>
  <tag k="building" v="yes"/>
 </way>
 <way id="1386928939" visible="true" version="1" changeset="166288227" timestamp="2025-05-15T07:01:26Z" user="Bala1991" uid="18673267">
  <nd ref="12839373438"/>
  <nd ref="12839373439"/>
  <nd ref="12839373440"/>
  <nd ref="12839373441"/>
  <nd ref="12839373438"/>
  <tag k="building" v="yes"/>
 </way>
 <way id="1386928940" visible="true" version="1" changeset="166288227" timestamp="2025-05-15T07:01:26Z" user="Bala1991" uid="18673267">
  <nd ref="12839373442"/>
  <nd ref="12839373443"/>
  <nd ref="12839373444"/>
  <nd ref="12839373445"/>
  <nd ref="12839373442"/>
  <tag k="building" v="yes"/>
 </way>
 <way id="1386928941" visible="true" version="1" changeset="166288227" timestamp="2025-05-15T07:01:26Z" user="Bala1991" uid="18673267">
  <nd ref="12839373446"/>
  <nd ref="12839373447"/>
  <nd ref="12839373448"/>
  <nd ref="12839373449"/>
  <nd ref="12839373446"/>
  <tag k="building" v="yes"/>
 </way>
 <way id="1386928942" visible="true" version="1" changeset="166288227" timestamp="2025-05-15T07:01:26Z" user="Bala1991" uid="18673267">
  <nd ref="12839373450"/>
  <nd ref="12839373451"/>
  <nd ref="12839373452"/>
  <nd ref="12839373453"/>
  <nd ref="12839373450"/>
  <tag k="building" v="yes"/>
 </way>
 <way id="1386928943" visible="true" version="1" changeset="166288227" timestamp="2025-05-15T07:01:26Z" user="Bala1991" uid="18673267">
  <nd ref="12839373454"/>
  <nd ref="12839373455"/>
  <nd ref="12839373456"/>
  <nd ref="12839373457"/>
  <nd ref="12839373454"/>
  <tag k="building" v="yes"/>
 </way>
 <way id="1386928944" visible="true" version="1" changeset="166288227" timestamp="2025-05-15T07:01:26Z" user="Bala1991" uid="18673267">
  <nd ref="12839373458"/>
  <nd ref="12839373459"/>
  <nd ref="12839373460"/>
  <nd ref="12839373461"/>
  <nd ref="12839373458"/>
  <tag k="building" v="yes"/>
 </way>
 <way id="1386928945" visible="true" version="1" changeset="166288227" timestamp="2025-05-15T07:01:26Z" user="Bala1991" uid="18673267">
  <nd ref="12839373462"/>
  <nd ref="12839373463"/>
  <nd ref="12839373464"/>
  <nd ref="12839373465"/>
  <nd ref="12839373462"/>
  <tag k="building" v="yes"/>
 </way>
 <way id="1386928946" visible="true" version="1" changeset="166288227" timestamp="2025-05-15T07:01:26Z" user="Bala1991" uid="18673267">
  <nd ref="12839373466"/>
  <nd ref="12839373467"/>
  <nd ref="12839373468"/>
  <nd ref="12839373469"/>
  <nd ref="12839373466"/>
  <tag k="building" v="yes"/>
 </way>
 <way id="1386928947" visible="true" version="1" changeset="166288227" timestamp="2025-05-15T07:01:26Z" user="Bala1991" uid="18673267">
  <nd ref="12839373470"/>
  <nd ref="12839373471"/>
  <nd ref="12839373472"/>
  <nd ref="12839373473"/>
  <nd ref="12839373470"/>
  <tag k="building" v="yes"/>
 </way>
 <way id="1386928948" visible="true" version="1" changeset="166288227" timestamp="2025-05-15T07:01:26Z" user="Bala1991" uid="18673267">
  <nd ref="12839373474"/>
  <nd ref="12839373475"/>
  <nd ref="12839373476"/>
  <nd ref="12839373477"/>
  <nd ref="12839373474"/>
  <tag k="building" v="yes"/>
 </way>
 <way id="1386928949" visible="true" version="1" changeset="166288227" timestamp="2025-05-15T07:01:26Z" user="Bala1991" uid="18673267">
  <nd ref="12839373478"/>
  <nd ref="12839373479"/>
  <nd ref="12839373480"/>
  <nd ref="12839373481"/>
  <nd ref="12839373478"/>
  <tag k="building" v="yes"/>
 </way>
 <way id="1386928950" visible="true" version="1" changeset="166288227" timestamp="2025-05-15T07:01:26Z" user="Bala1991" uid="18673267">
  <nd ref="12839373482"/>
  <nd ref="12839373483"/>
  <nd ref="12839373484"/>
  <nd ref="12839373485"/>
  <nd ref="12839373482"/>
  <tag k="building" v="yes"/>
 </way>
 <way id="1386928963" visible="true" version="1" changeset="166288227" timestamp="2025-05-15T07:01:26Z" user="Bala1991" uid="18673267">
  <nd ref="12839373534"/>
  <nd ref="12839373535"/>
  <nd ref="12839373536"/>
  <nd ref="12839373537"/>
  <nd ref="12839373534"/>
  <tag k="building" v="yes"/>
 </way>
 <way id="1386928964" visible="true" version="1" changeset="166288227" timestamp="2025-05-15T07:01:26Z" user="Bala1991" uid="18673267">
  <nd ref="12839373538"/>
  <nd ref="12839373539"/>
  <nd ref="12839373540"/>
  <nd ref="12839373541"/>
  <nd ref="12839373538"/>
  <tag k="building" v="yes"/>
 </way>
 <way id="1386928965" visible="true" version="1" changeset="166288227" timestamp="2025-05-15T07:01:26Z" user="Bala1991" uid="18673267">
  <nd ref="12839373542"/>
  <nd ref="12839373543"/>
  <nd ref="12839373544"/>
  <nd ref="12839373545"/>
  <nd ref="12839373542"/>
  <tag k="building" v="yes"/>
 </way>
 <way id="1386928983" visible="true" version="1" changeset="166288227" timestamp="2025-05-15T07:01:26Z" user="Bala1991" uid="18673267">
  <nd ref="12839373614"/>
  <nd ref="12839373615"/>
  <nd ref="12839373616"/>
  <nd ref="12839373617"/>
  <nd ref="12839373614"/>
  <tag k="building" v="yes"/>
 </way>
 <way id="1386928984" visible="true" version="1" changeset="166288227" timestamp="2025-05-15T07:01:26Z" user="Bala1991" uid="18673267">
  <nd ref="12839373618"/>
  <nd ref="12839373619"/>
  <nd ref="12839373620"/>
  <nd ref="12839373621"/>
  <nd ref="12839373618"/>
  <tag k="building" v="yes"/>
 </way>
 <way id="1386928985" visible="true" version="1" changeset="166288227" timestamp="2025-05-15T07:01:26Z" user="Bala1991" uid="18673267">
  <nd ref="12839373622"/>
  <nd ref="12839373623"/>
  <nd ref="12839373624"/>
  <nd ref="12839373625"/>
  <nd ref="12839373622"/>
  <tag k="building" v="yes"/>
 </way>
 <way id="1386928986" visible="true" version="1" changeset="166288227" timestamp="2025-05-15T07:01:26Z" user="Bala1991" uid="18673267">
  <nd ref="12839373626"/>
  <nd ref="12839373627"/>
  <nd ref="12839373628"/>
  <nd ref="12839373629"/>
  <nd ref="12839373626"/>
  <tag k="building" v="yes"/>
 </way>
 <way id="1386928987" visible="true" version="1" changeset="166288227" timestamp="2025-05-15T07:01:26Z" user="Bala1991" uid="18673267">
  <nd ref="12839373630"/>
  <nd ref="12839373631"/>
  <nd ref="12839373632"/>
  <nd ref="12839373633"/>
  <nd ref="12839373630"/>
  <tag k="building" v="yes"/>
 </way>
 <way id="1386928988" visible="true" version="1" changeset="166288227" timestamp="2025-05-15T07:01:26Z" user="Bala1991" uid="18673267">
  <nd ref="12839373634"/>
  <nd ref="12839373635"/>
  <nd ref="12839373636"/>
  <nd ref="12839373637"/>
  <nd ref="12839373634"/>
  <tag k="building" v="yes"/>
 </way>
 <way id="1386928989" visible="true" version="1" changeset="166288227" timestamp="2025-05-15T07:01:26Z" user="Bala1991" uid="18673267">
  <nd ref="12839373638"/>
  <nd ref="12839373639"/>
  <nd ref="12839373640"/>
  <nd ref="12839373641"/>
  <nd ref="12839373638"/>
  <tag k="building" v="yes"/>
 </way>
 <way id="1386928990" visible="true" version="1" changeset="166288227" timestamp="2025-05-15T07:01:26Z" user="Bala1991" uid="18673267">
  <nd ref="12839373642"/>
  <nd ref="12839373643"/>
  <nd ref="12839373644"/>
  <nd ref="12839373645"/>
  <nd ref="12839373642"/>
  <tag k="building" v="yes"/>
 </way>
 <way id="1386928991" visible="true" version="1" changeset="166288227" timestamp="2025-05-15T07:01:26Z" user="Bala1991" uid="18673267">
  <nd ref="12839373646"/>
  <nd ref="12839373647"/>
  <nd ref="12839373648"/>
  <nd ref="12839373649"/>
  <nd ref="12839373646"/>
  <tag k="building" v="yes"/>
 </way>
 <way id="1386928992" visible="true" version="1" changeset="166288227" timestamp="2025-05-15T07:01:26Z" user="Bala1991" uid="18673267">
  <nd ref="12839373650"/>
  <nd ref="12839373651"/>
  <nd ref="12839373652"/>
  <nd ref="12839373653"/>
  <nd ref="12839373650"/>
  <tag k="building" v="yes"/>
 </way>
 <way id="1386928993" visible="true" version="1" changeset="166288227" timestamp="2025-05-15T07:01:26Z" user="Bala1991" uid="18673267">
  <nd ref="12839373654"/>
  <nd ref="12839373655"/>
  <nd ref="12839373656"/>
  <nd ref="12839373657"/>
  <nd ref="12839373654"/>
  <tag k="building" v="yes"/>
 </way>
 <way id="1386928994" visible="true" version="1" changeset="166288227" timestamp="2025-05-15T07:01:26Z" user="Bala1991" uid="18673267">
  <nd ref="12839373658"/>
  <nd ref="12839373659"/>
  <nd ref="12839373660"/>
  <nd ref="12839373661"/>
  <nd ref="12839373658"/>
  <tag k="building" v="yes"/>
 </way>
 <way id="1386928995" visible="true" version="1" changeset="166288227" timestamp="2025-05-15T07:01:26Z" user="Bala1991" uid="18673267">
  <nd ref="12839373662"/>
  <nd ref="12839373663"/>
  <nd ref="12839373664"/>
  <nd ref="12839373665"/>
  <nd ref="12839373662"/>
  <tag k="building" v="yes"/>
 </way>
 <way id="1386928996" visible="true" version="1" changeset="166288227" timestamp="2025-05-15T07:01:26Z" user="Bala1991" uid="18673267">
  <nd ref="12839373666"/>
  <nd ref="12839373667"/>
  <nd ref="12839373668"/>
  <nd ref="12839373669"/>
  <nd ref="12839373666"/>
  <tag k="building" v="yes"/>
 </way>
 <way id="1386928997" visible="true" version="1" changeset="166288227" timestamp="2025-05-15T07:01:26Z" user="Bala1991" uid="18673267">
  <nd ref="12839373670"/>
  <nd ref="12839373671"/>
  <nd ref="12839373672"/>
  <nd ref="12839373673"/>
  <nd ref="12839373670"/>
  <tag k="building" v="yes"/>
 </way>
 <way id="1386928998" visible="true" version="1" changeset="166288227" timestamp="2025-05-15T07:01:26Z" user="Bala1991" uid="18673267">
  <nd ref="12839373674"/>
  <nd ref="12839373675"/>
  <nd ref="12839373676"/>
  <nd ref="12839373677"/>
  <nd ref="12839373674"/>
  <tag k="building" v="yes"/>
 </way>
 <way id="1386928999" visible="true" version="1" changeset="166288227" timestamp="2025-05-15T07:01:26Z" user="Bala1991" uid="18673267">
  <nd ref="12839373678"/>
  <nd ref="12839373679"/>
  <nd ref="12839373680"/>
  <nd ref="12839373681"/>
  <nd ref="12839373678"/>
  <tag k="building" v="yes"/>
 </way>
 <way id="1386929000" visible="true" version="1" changeset="166288227" timestamp="2025-05-15T07:01:26Z" user="Bala1991" uid="18673267">
  <nd ref="12839373682"/>
  <nd ref="12839373683"/>
  <nd ref="12839373684"/>
  <nd ref="12839373685"/>
  <nd ref="12839373682"/>
  <tag k="building" v="yes"/>
 </way>
 <way id="1386929001" visible="true" version="1" changeset="166288227" timestamp="2025-05-15T07:01:26Z" user="Bala1991" uid="18673267">
  <nd ref="12839373686"/>
  <nd ref="12839373687"/>
  <nd ref="12839373688"/>
  <nd ref="12839373689"/>
  <nd ref="12839373686"/>
  <tag k="building" v="yes"/>
 </way>
 <way id="1386929002" visible="true" version="1" changeset="166288227" timestamp="2025-05-15T07:01:26Z" user="Bala1991" uid="18673267">
  <nd ref="12839373690"/>
  <nd ref="12839373691"/>
  <nd ref="12839373692"/>
  <nd ref="12839373693"/>
  <nd ref="12839373690"/>
  <tag k="building" v="yes"/>
 </way>
 <way id="1386929003" visible="true" version="1" changeset="166288227" timestamp="2025-05-15T07:01:26Z" user="Bala1991" uid="18673267">
  <nd ref="12839373694"/>
  <nd ref="12839373695"/>
  <nd ref="12839373696"/>
  <nd ref="12839373697"/>
  <nd ref="12839373694"/>
  <tag k="building" v="yes"/>
 </way>
 <way id="1386929004" visible="true" version="1" changeset="166288227" timestamp="2025-05-15T07:01:26Z" user="Bala1991" uid="18673267">
  <nd ref="12839373698"/>
  <nd ref="12839373699"/>
  <nd ref="12839373700"/>
  <nd ref="12839373701"/>
  <nd ref="12839373698"/>
  <tag k="building" v="yes"/>
 </way>
 <way id="1386929005" visible="true" version="1" changeset="166288227" timestamp="2025-05-15T07:01:26Z" user="Bala1991" uid="18673267">
  <nd ref="12839373702"/>
  <nd ref="12839373703"/>
  <nd ref="12839373704"/>
  <nd ref="12839373705"/>
  <nd ref="12839373702"/>
  <tag k="building" v="yes"/>
 </way>
 <way id="1386929006" visible="true" version="1" changeset="166288227" timestamp="2025-05-15T07:01:26Z" user="Bala1991" uid="18673267">
  <nd ref="12839373706"/>
  <nd ref="12839373707"/>
  <nd ref="12839373708"/>
  <nd ref="12839373709"/>
  <nd ref="12839373706"/>
  <tag k="building" v="yes"/>
 </way>
 <way id="1433761563" visible="true" version="2" changeset="174466849" timestamp="2025-11-10T14:41:38Z" user="googlenaut" uid="519916">
  <nd ref="13176854728"/>
  <nd ref="13176854729"/>
  <nd ref="13176854730"/>
  <nd ref="13176854731"/>
  <nd ref="13176854728"/>
  <tag k="building" v="yes"/>
 </way>
 <way id="1433761564" visible="true" version="1" changeset="172569818" timestamp="2025-09-28T14:27:59Z" user="someoneeeeyyy" uid="23337497">
  <nd ref="13176854732"/>
  <nd ref="13176854733"/>
  <nd ref="13176854734"/>
  <nd ref="13176854735"/>
  <nd ref="13176854732"/>
  <tag k="area" v="yes"/>
  <tag k="building" v="yes"/>
 </way>
 <way id="1433761565" visible="true" version="1" changeset="172569818" timestamp="2025-09-28T14:27:59Z" user="someoneeeeyyy" uid="23337497">
  <nd ref="13176854736"/>
  <nd ref="13176854737"/>
  <nd ref="13176854738"/>
  <nd ref="13176854739"/>
  <nd ref="13176854736"/>
  <tag k="area" v="yes"/>
  <tag k="building" v="yes"/>
 </way>
 <way id="1433761566" visible="true" version="1" changeset="172569818" timestamp="2025-09-28T14:27:59Z" user="someoneeeeyyy" uid="23337497">
  <nd ref="13176854740"/>
  <nd ref="13176854741"/>
  <nd ref="13176854742"/>
  <nd ref="13176854743"/>
  <nd ref="13176854740"/>
  <tag k="area" v="yes"/>
  <tag k="building" v="yes"/>
 </way>
 <way id="1433761567" visible="true" version="1" changeset="172569818" timestamp="2025-09-28T14:27:59Z" user="someoneeeeyyy" uid="23337497">
  <nd ref="13176854744"/>
  <nd ref="13176854745"/>
  <nd ref="13176854746"/>
  <nd ref="13176854741"/>
  <nd ref="13176854744"/>
  <tag k="area" v="yes"/>
  <tag k="building" v="yes"/>
 </way>
 <way id="1433761568" visible="true" version="1" changeset="172569818" timestamp="2025-09-28T14:27:59Z" user="someoneeeeyyy" uid="23337497">
  <nd ref="13176854747"/>
  <nd ref="13176854740"/>
  <nd ref="13176854748"/>
  <nd ref="13176854749"/>
  <nd ref="13176854747"/>
  <tag k="area" v="yes"/>
  <tag k="building" v="yes"/>
 </way>
 <way id="1433761569" visible="true" version="1" changeset="172569818" timestamp="2025-09-28T14:27:59Z" user="someoneeeeyyy" uid="23337497">
  <nd ref="13176854748"/>
  <nd ref="13176854744"/>
  <nd ref="13176854741"/>
  <nd ref="13176854740"/>
  <nd ref="13176854748"/>
  <tag k="area" v="yes"/>
  <tag k="building" v="yes"/>
 </way>
 <way id="1433761570" visible="true" version="1" changeset="172569818" timestamp="2025-09-28T14:27:59Z" user="someoneeeeyyy" uid="23337497">
  <nd ref="13176854750"/>
  <nd ref="13176854751"/>
  <nd ref="13176854752"/>
  <nd ref="13176854753"/>
  <nd ref="13176854754"/>
  <nd ref="13176854750"/>
  <tag k="area" v="yes"/>
  <tag k="building" v="yes"/>
 </way>
 <way id="1433761571" visible="true" version="1" changeset="172569818" timestamp="2025-09-28T14:27:59Z" user="someoneeeeyyy" uid="23337497">
  <nd ref="13176854754"/>
  <nd ref="13176854755"/>
  <nd ref="13176854756"/>
  <nd ref="13176854757"/>
  <nd ref="13176854752"/>
  <nd ref="13176854753"/>
  <nd ref="13176854754"/>
  <tag k="area" v="yes"/>
  <tag k="building" v="yes"/>
 </way>
 <way id="1433761572" visible="true" version="1" changeset="172569818" timestamp="2025-09-28T14:27:59Z" user="someoneeeeyyy" uid="23337497">
  <nd ref="13176854756"/>
  <nd ref="13176854758"/>
  <nd ref="13176854759"/>
  <nd ref="13176854760"/>
  <nd ref="13176854761"/>
  <nd ref="13176854762"/>
  <nd ref="13176854763"/>
  <nd ref="13176854757"/>
  <nd ref="13176854756"/>
  <tag k="area" v="yes"/>
  <tag k="building" v="yes"/>
 </way>
 <way id="1433761573" visible="true" version="1" changeset="172569818" timestamp="2025-09-28T14:27:59Z" user="someoneeeeyyy" uid="23337497">
  <nd ref="13176854764"/>
  <nd ref="13176854765"/>
  <nd ref="13176854766"/>
  <nd ref="13176854767"/>
  <nd ref="13176854764"/>
  <tag k="area" v="yes"/>
  <tag k="building" v="yes"/>
 </way>
 <way id="1433761574" visible="true" version="1" changeset="172569818" timestamp="2025-09-28T14:27:59Z" user="someoneeeeyyy" uid="23337497">
  <nd ref="13176854765"/>
  <nd ref="13176854768"/>
  <nd ref="13176854769"/>
  <nd ref="13176854766"/>
  <nd ref="13176854765"/>
  <tag k="area" v="yes"/>
  <tag k="building" v="yes"/>
 </way>
 <way id="1433761575" visible="true" version="1" changeset="172569818" timestamp="2025-09-28T14:27:59Z" user="someoneeeeyyy" uid="23337497">
  <nd ref="13176854768"/>
  <nd ref="13176854775"/>
  <nd ref="13176854770"/>
  <nd ref="13176854771"/>
  <nd ref="13176854769"/>
  <nd ref="13176854768"/>
  <tag k="area" v="yes"/>
  <tag k="building" v="yes"/>
 </way>
 <way id="1433761576" visible="true" version="1" changeset="172569818" timestamp="2025-09-28T14:27:59Z" user="someoneeeeyyy" uid="23337497">
  <nd ref="13176854772"/>
  <nd ref="13176854773"/>
  <nd ref="13176854774"/>
  <nd ref="13176854775"/>
  <nd ref="13176854772"/>
  <tag k="area" v="yes"/>
  <tag k="building" v="yes"/>
 </way>
 <way id="1450665304" visible="true" version="1" changeset="174646924" timestamp="2025-11-14T12:50:20Z" user="pawan_gautam21" uid="23505702">
  <nd ref="13304599864"/>
  <nd ref="13304599865"/>
  <nd ref="13304599866"/>
  <nd ref="13304599867"/>
  <nd ref="13304599864"/>
  <tag k="landuse" v="grass"/>
 </way>
 <relation id="11935830" visible="true" version="1" changeset="94692868" timestamp="2020-11-24T09:17:58Z" user="manojkmohan" uid="323677">
  <member type="way" ref="876484385" role="outer"/>
  <member type="way" ref="876484260" role="outer"/>
  <member type="way" ref="876484572" role="outer"/>
  <member type="way" ref="554813641" role="outer"/>
  <member type="way" ref="876484565" role="outer"/>
  <member type="way" ref="876484389" role="outer"/>
  <tag k="admin_level" v="10"/>
  <tag k="boundary" v="local_authority"/>
  <tag k="local_authority:IN" v="municipal_corporation"/>
  <tag k="name" v="48"/>
  <tag k="type" v="boundary"/>
 </relation>
 <relation id="11935831" visible="true" version="1" changeset="94692868" timestamp="2020-11-24T09:17:58Z" user="manojkmohan" uid="323677">
  <member type="way" ref="876484390" role="outer"/>
  <member type="way" ref="876484565" role="outer"/>
  <member type="way" ref="876484569" role="outer"/>
  <member type="way" ref="876484524" role="outer"/>
  <member type="way" ref="554813634" role="outer"/>
  <tag k="admin_level" v="10"/>
  <tag k="boundary" v="local_authority"/>
  <tag k="local_authority:IN" v="municipal_corporation"/>
  <tag k="name" v="47"/>
  <tag k="type" v="boundary"/>
 </relation>
</osm>
